target,tier,query_class,response_format,concurrency,repetition,requests,rps,window_seconds,coverage,cpu_seconds,cpu_cores,cpu_seconds_per_request,mem_mean_bytes,mem_peak_bytes,api_workers
argus-final,,Q01,csv,1,1,5687,94.78,60.002043,0.935235,40.457263,0.674265,0.007114,3791824213.333333,3818369024,
argus-final,,Q01,csv,1,2,5550,92.49,60.006401,0.850083,38.99778,0.649894,0.007027,3851015261.090909,3879489536,
argus-final,,Q01,csv,1,3,5615,93.576,60.004343,0.934471,39.91174,0.665148,0.007108,3882460160.0,3904786432,
argus-final,,Q01,csv,32,1,31931,531.811,60.042853,0.9465,320.80217,5.342887,0.010047,4667437056.0,4718338048,
argus-final,,Q01,csv,32,2,34482,574.434,60.028985,0.945566,347.641939,5.791235,0.010082,4760700928.0,4795891712,
argus-final,,Q01,csv,32,3,31763,529.019,60.048137,0.943188,318.076904,5.297032,0.010014,4872430250.666667,4951724032,
argus-final,,Q01,csv,4,1,16347,272.398,60.013642,0.938227,134.800486,2.246164,0.008246,3991441749.333333,4002164736,
argus-final,,Q01,csv,4,2,13435,223.877,60.016929,0.936896,109.131961,1.818353,0.008123,4176568661.333333,4302671872,
argus-final,,Q01,csv,4,3,16039,267.242,60.02717,0.93785,131.228805,2.186157,0.008182,4298435242.666667,4362428416,
argus-final,,Q01,csv,8,1,26567,442.692,60.027968,0.857486,240.495188,4.006386,0.009052,4412760808.727273,4427857920,
argus-final,,Q01,csv,8,2,25722,428.651,60.023435,0.94322,233.133778,3.884046,0.009064,4457710250.666667,4475490304,
argus-final,,Q01,csv,8,3,26478,441.183,60.028607,0.942742,239.685191,3.992849,0.009052,4521684992.0,4538421248,
argus-final,,Q02,csv,1,1,156,2.588,60.275019,0.929512,60.413533,1.002298,0.387266,4908760405.333333,4909240320,
argus-final,,Q02,csv,1,2,155,2.578,60.134044,0.931544,60.116068,0.999701,0.387846,4909190144.0,4909486080,
argus-final,,Q02,csv,1,3,155,2.574,60.223575,0.930156,60.128129,0.998415,0.387923,4909563562.666667,4909940736,
argus-final,,Q02,csv,32,1,997,16.123,62.010873,0.907258,490.840519,7.915394,0.492317,4894220288.0,4897198080,
argus-final,,Q02,csv,32,2,1001,16.161,62.038527,0.906884,491.142085,7.916727,0.490651,4861587797.333333,4863889408,
argus-final,,Q02,csv,32,3,994,16.094,62.358993,0.98413,493.333451,7.911184,0.496311,4845244731.076923,4847206400,
argus-final,,Q02,csv,4,1,548,9.09,60.426015,0.92869,239.688841,3.96665,0.437388,4928746837.333333,4930285568,
argus-final,,Q02,csv,4,2,556,9.21,60.54368,0.926683,240.485255,3.972095,0.432527,4919716864.0,4930691072,
argus-final,,Q02,csv,4,3,527,8.747,60.522477,0.842385,239.481692,3.956905,0.454424,4914607941.818182,4916043776,
argus-final,,Q02,csv,8,1,970,16.048,60.773682,0.92571,468.930353,7.71601,0.483433,4934909610.666667,4937670656,
argus-final,,Q02,csv,8,2,967,16.002,60.521449,0.92887,466.886631,7.714399,0.48282,4913244501.333333,4914987008,
argus-final,,Q02,csv,8,3,964,15.998,60.519619,0.929409,467.544828,7.725508,0.485005,4890493610.666667,4915331072,
argus-final,,Q03,csv,1,1,2565,42.706,60.062349,0.848702,51.631826,0.859637,0.020129,4793298944.0,4798529536,
argus-final,,Q03,csv,1,2,2488,41.463,60.005958,0.934032,51.949106,0.865732,0.02088,4762549248.0,4763779072,
argus-final,,Q03,csv,1,3,2543,42.382,60.002059,0.849278,52.083738,0.868033,0.020481,4736001861.818182,4768776192,
argus-final,,Q03,csv,32,1,15528,258.089,60.174921,0.854517,414.661134,6.890929,0.026704,4801091770.181818,4813373440,
argus-final,,Q03,csv,32,2,15373,255.507,60.175287,0.854923,415.22434,6.900247,0.02701,4834592209.454545,4845154304,
argus-final,,Q03,csv,32,3,15325,254.761,60.258901,0.853257,412.542836,6.846173,0.02692,4865440674.909091,4877172736,
argus-final,,Q03,csv,4,1,8272,137.834,60.071165,0.936533,188.641833,3.140306,0.022805,4750103210.666667,4761214976,
argus-final,,Q03,csv,4,2,8317,138.455,60.10115,0.85054,190.335504,3.16692,0.022885,4679982731.636364,4688498688,
argus-final,,Q03,csv,4,3,8321,138.508,60.077877,0.936142,189.527145,3.154691,0.022777,4561179989.333333,4566511616,
argus-final,,Q03,csv,8,1,12618,209.987,60.121734,0.940336,314.864901,5.237123,0.024954,4578475690.666667,4588097536,
argus-final,,Q03,csv,8,2,12604,209.86,60.085819,0.940736,314.517269,5.234468,0.024954,4607452842.666667,4632940544,
argus-final,,Q03,csv,8,3,12295,204.62,60.113715,0.939407,307.429476,5.114132,0.025004,4741520042.666667,4776955904,
argus-final,,Q04,csv,1,1,3405,56.735,60.016305,0.849872,49.651512,0.8273,0.014582,4825518452.363636,4829802496,
argus-final,,Q04,csv,1,2,3178,52.951,60.017574,0.934138,50.221788,0.836785,0.015803,4833391957.333333,4836491264,
argus-final,,Q04,csv,1,3,3458,57.632,60.001251,0.934716,49.340737,0.822328,0.014269,4839810389.333333,4842360832,
argus-final,,Q04,csv,32,1,17755,295.505,60.090858,0.941817,371.918141,6.189263,0.020947,5197016064.0,5231292416,
argus-final,,Q04,csv,32,2,18069,300.786,60.090043,0.942166,374.431932,6.231181,0.020722,5241509888.0,5254201344,
argus-final,,Q04,csv,32,3,18047,300.386,60.079472,0.855941,375.152014,6.244263,0.020788,5276669021.090909,5288820736,
argus-final,,Q04,csv,4,1,9857,164.237,60.03279,0.937016,175.178272,2.918043,0.017772,4871544149.333333,4879204352,
argus-final,,Q04,csv,4,2,9813,163.495,60.027339,0.85184,174.246786,2.90279,0.017757,4890164130.909091,4896378880,
argus-final,,Q04,csv,4,3,9812,163.48,60.035278,0.851513,174.703815,2.910019,0.017805,4892259793.454545,4898603008,
argus-final,,Q04,csv,8,1,14786,246.328,60.043643,0.855896,279.908275,4.661747,0.018931,4941708567.272727,4950876160,
argus-final,,Q04,csv,8,2,13204,219.968,60.036295,0.941243,260.604456,4.340782,0.019737,4991373312.0,5013524480,
argus-final,,Q04,csv,8,3,12123,201.962,60.048611,0.854815,232.841556,3.877551,0.019207,5165001262.545455,5222592512,
argus-final,,Q05,csv,1,1,151,2.516,60.02529,0.933605,59.980588,0.999255,0.397222,5244929365.333333,5247270912,
argus-final,,Q05,csv,1,2,149,2.477,60.143997,0.931541,60.205725,1.001026,0.404065,5244350122.666667,5247311872,
argus-final,,Q05,csv,1,3,150,2.488,60.285264,0.929289,60.348917,1.001056,0.402326,5244250453.333333,5244682240,
argus-final,,Q05,csv,32,1,904,14.586,62.241328,0.904044,494.704743,7.948171,0.54724,5234277034.666667,5236494336,
argus-final,,Q05,csv,32,2,899,14.471,62.124182,0.90538,493.056396,7.936626,0.54845,5217002496.0,5220470784,
argus-final,,Q05,csv,32,3,903,14.535,62.316945,0.984912,493.970515,7.926745,0.547033,5186985038.769231,5189693440,
argus-final,,Q05,csv,4,1,593,9.829,60.329729,0.929989,239.371113,3.967714,0.403661,5264489472.0,5265498112,
argus-final,,Q05,csv,4,2,518,8.579,60.479751,0.927961,240.371146,3.974407,0.464037,5269821098.666667,5270900736,
argus-final,,Q05,csv,4,3,521,8.638,60.720054,0.839889,240.733947,3.964653,0.462061,5253274158.545455,5254668288,
argus-final,,Q05,csv,8,1,873,14.43,60.6802,0.926837,471.221562,7.765656,0.539773,5275952128.0,5278404608,
argus-final,,Q05,csv,8,2,878,14.537,60.757842,0.925451,471.394432,7.758578,0.536896,5274157056.0,5276921856,
argus-final,,Q05,csv,8,3,878,14.542,60.661868,0.842278,470.670079,7.758912,0.536071,5239182801.454545,5240807424,
argus-final,,Q06,csv,1,1,147,2.44,60.250245,0.845248,60.222855,0.999545,0.409679,5123200465.454545,5138849792,
argus-final,,Q06,csv,1,2,152,2.526,60.169082,0.846543,60.196557,1.000457,0.39603,5122147421.090909,5122494464,
argus-final,,Q06,csv,1,3,150,2.485,60.355263,0.928313,60.417435,1.00103,0.402783,5089693696.0,5090164736,
argus-final,,Q06,csv,32,1,906,14.614,62.306064,0.903302,492.120906,7.898443,0.54318,5077499221.333333,5079896064,
argus-final,,Q06,csv,32,2,913,14.735,62.894507,0.894268,497.005124,7.902202,0.544365,5063379626.666667,5065637888,
argus-final,,Q06,csv,32,3,898,14.47,62.14556,0.905089,491.404802,7.90732,0.547221,5028492970.666667,5031178240,
argus-final,,Q06,csv,4,1,523,8.658,60.7431,0.923863,240.631269,3.961459,0.460098,5110186666.666667,5111242752,
argus-final,,Q06,csv,4,2,529,8.773,60.485806,0.928171,240.070906,3.969045,0.45382,5111882752.0,5114859520,
argus-final,,Q06,csv,4,3,595,9.871,60.463241,0.927566,240.415371,3.976224,0.404059,5109053098.666667,5110104064,
argus-final,,Q06,csv,8,1,873,14.433,60.828852,0.840206,469.447809,7.717519,0.537741,5115275450.181818,5117190144,
argus-final,,Q06,csv,8,2,873,14.436,60.832341,0.924412,468.715722,7.705042,0.536902,5116096853.333333,5119029248,
argus-final,,Q06,csv,8,3,874,14.449,60.709845,0.925504,468.01008,7.708965,0.535481,5080224768.0,5081370624,
argus-final,,Q07,csv,1,1,211,3.516,60.011002,0.933695,59.637822,0.993781,0.282644,4975098197.333333,4988915712,
argus-final,,Q07,csv,1,2,208,3.466,60.00471,0.848987,59.741206,0.995609,0.287217,4963309754.181818,4972384256,
argus-final,,Q07,csv,1,3,201,3.334,60.291401,0.844674,58.936229,0.977523,0.293215,4934454923.636364,4939718656,
argus-final,,Q07,csv,32,1,1306,21.163,61.975274,0.990398,489.740535,7.902192,0.374993,4902680103.384615,4913164288,
argus-final,,Q07,csv,32,2,1302,21.155,61.821302,0.91026,488.668546,7.904533,0.375321,4872370176.0,4877971456,
argus-final,,Q07,csv,32,3,1303,21.275,61.685025,0.912163,487.532641,7.903582,0.374162,4835562496.0,4840960000,
argus-final,,Q07,csv,4,1,813,13.52,60.2627,0.931201,238.286293,3.954126,0.293095,4957395285.333333,4965982208,
argus-final,,Q07,csv,4,2,733,12.129,60.524668,0.927215,239.555714,3.957985,0.326815,4958777002.666667,4970582016,
argus-final,,Q07,csv,4,3,734,12.179,60.405788,0.92882,239.136894,3.958841,0.3258,4944374101.333333,4948119552,
argus-final,,Q07,csv,8,1,1245,20.633,60.575058,0.928626,461.346238,7.616109,0.370559,4966789461.333333,4981272576,
argus-final,,Q07,csv,8,2,1244,20.612,60.746003,0.925388,459.257019,7.560284,0.369178,4935971157.333333,4949725184,
argus-final,,Q07,csv,8,3,1248,20.654,60.744634,0.926088,463.147691,7.624504,0.371112,4908838229.333333,4921827328,
argus-final,,Q10,csv,1,1,2251,37.507,60.01612,0.93444,54.648622,0.910566,0.024277,4787379541.333333,4790702080,
argus-final,,Q10,csv,1,2,2316,38.6,60.000444,0.934927,54.34365,0.905721,0.023464,4790230698.666667,4793663488,
argus-final,,Q10,csv,1,3,2258,37.629,60.005879,0.934917,54.512093,0.908446,0.024142,4796894208.0,4798390272,
argus-final,,Q10,csv,32,1,10383,172.802,60.168339,0.939944,340.134602,5.65305,0.032759,5160340138.666667,5196124160,
argus-final,,Q10,csv,32,2,10902,181.282,60.169771,0.940444,358.052904,5.950711,0.032843,5208976384.0,5216833536,
argus-final,,Q10,csv,32,3,10043,167.01,60.165254,0.9404,329.02354,5.468664,0.032761,5298981546.666667,5322706944,
argus-final,,Q10,csv,4,1,5722,95.319,60.050121,0.936866,164.725709,2.743137,0.028788,4830583466.666667,4861157376,
argus-final,,Q10,csv,4,2,5442,90.667,60.025256,0.85202,157.353181,2.62145,0.028915,4903949405.090909,4941328384,
argus-final,,Q10,csv,4,3,6314,105.199,60.049427,0.937395,182.779611,3.043819,0.028948,4996280320.0,5005697024,
argus-final,,Q10,csv,8,1,8562,141.602,60.469253,0.933551,267.333954,4.42099,0.031223,5056896000.0,5099352064,
argus-final,,Q10,csv,8,2,9619,160.219,60.071935,0.941613,303.971512,5.060125,0.031601,5113052160.0,5122777088,
argus-final,,Q10,csv,8,3,9688,161.326,60.07662,0.856268,305.21078,5.080359,0.031504,5131299002.181818,5137821696,
argus-final,,Q11,csv,1,1,362,6.025,60.078297,0.848563,62.311616,1.037173,0.172132,5277707170.909091,5279375360,
argus-final,,Q11,csv,1,2,362,6.025,60.083257,0.933205,62.242132,1.035931,0.17194,5278139050.666667,5278531584,
argus-final,,Q11,csv,1,3,364,6.051,60.156156,0.932513,62.371625,1.036829,0.171351,5282508800.0,5283770368,
argus-final,,Q11,csv,32,1,1723,28.186,61.595631,0.917188,376.535655,6.113025,0.218535,5201298090.666667,5209403392,
argus-final,,Q11,csv,32,2,1723,28.217,61.379715,0.919905,374.876584,6.1075,0.217572,5168587434.666667,5171630080,
argus-final,,Q11,csv,32,3,1726,28.255,61.570542,0.917032,376.43501,6.113882,0.218097,5167141205.333333,5174931456,
argus-final,,Q11,csv,4,1,1162,19.304,60.305116,0.848437,227.957602,3.780071,0.196177,5296885760.0,5298180096,
argus-final,,Q11,csv,4,2,1154,19.173,60.231413,0.934181,227.208522,3.77226,0.196888,5281827498.666667,5282881536,
argus-final,,Q11,csv,4,3,1157,19.228,60.279009,0.933977,228.050964,3.783257,0.197105,5280530090.666667,5287284736,
argus-final,,Q11,csv,8,1,1657,27.518,60.366168,0.85027,353.834179,5.861465,0.213539,5268807680.0,5271457792,
argus-final,,Q11,csv,8,2,1650,27.395,60.40065,0.935992,352.8255,5.841419,0.213834,5236369408.0,5239259136,
argus-final,,Q11,csv,8,3,1655,27.479,60.311646,0.937208,353.793729,5.866093,0.213773,5210693973.333333,5213458432,
argus-final,,Q12,csv,1,1,148,2.459,60.179676,0.931062,60.185549,1.000098,0.406659,5118213802.666667,5118464000,
argus-final,,Q12,csv,1,2,148,2.465,60.029043,0.848607,59.896843,0.997798,0.404708,5101301760.0,5101506560,
argus-final,,Q12,csv,1,3,150,2.484,60.377563,0.84356,60.306648,0.998825,0.402044,5101616779.636364,5101846528,
argus-final,,Q12,csv,32,1,897,14.482,62.14643,0.905116,494.701271,7.960252,0.551506,5075317418.666667,5079154688,
argus-final,,Q12,csv,32,2,897,14.499,62.213823,0.904251,494.88607,7.9546,0.551712,5062944085.333333,5074100224,
argus-final,,Q12,csv,32,3,896,14.578,62.75266,0.896384,499.236175,7.955618,0.557183,5059222869.333333,5061640192,
argus-final,,Q12,csv,4,1,576,9.556,60.319328,0.930051,239.386801,3.968658,0.415602,5117927765.333333,5121757184,
argus-final,,Q12,csv,4,2,585,9.686,60.637873,0.925203,240.807217,3.971235,0.411636,5105722709.333333,5106892800,
argus-final,,Q12,csv,4,3,596,9.867,60.518074,0.927234,240.359928,3.971705,0.403288,5105527808.0,5106434048,
argus-final,,Q12,csv,8,1,896,14.801,60.704466,0.926455,470.847226,7.756385,0.525499,5115182421.333333,5117693952,
argus-final,,Q12,csv,8,2,873,14.465,60.761946,0.925582,469.801502,7.731838,0.538146,5097588053.333333,5099753472,
argus-final,,Q12,csv,8,3,887,14.697,60.687658,0.926106,471.025866,7.761477,0.531033,5078511616.0,5081006080,
argus-final,,Q13,csv,1,1,170,2.822,60.237439,0.93003,60.231352,0.999899,0.354302,4999659178.666667,5000224768,
argus-final,,Q13,csv,1,2,168,2.799,60.014885,0.848586,59.857946,0.997385,0.356297,5001063703.272727,5001854976,
argus-final,,Q13,csv,1,3,168,2.797,60.061904,0.847997,59.163408,0.985041,0.352163,4985863819.636364,5000187904,
argus-final,,Q13,csv,32,1,1089,17.634,62.400007,0.901382,495.523618,7.941083,0.455026,5022618282.666667,5025013760,
argus-final,,Q13,csv,32,2,1088,17.621,61.97912,0.907755,492.103869,7.939833,0.452301,5024616448.0,5026873344,
argus-final,,Q13,csv,32,3,1093,17.76,61.67649,0.912258,489.471988,7.936119,0.447824,5026506410.666667,5030277120,
argus-final,,Q13,csv,4,1,648,10.747,60.568295,0.926362,240.135938,3.964714,0.37058,5000535381.333333,5001768960,
argus-final,,Q13,csv,4,2,676,11.206,60.326196,0.930338,239.06622,3.962892,0.353648,5004415317.333333,5006163968,
argus-final,,Q13,csv,4,3,681,11.293,60.419229,0.844769,239.377911,3.961949,0.351509,5004367313.454545,5005762560,
argus-final,,Q13,csv,8,1,1043,17.271,60.607181,0.928153,467.377054,7.711579,0.448108,5007756629.333333,5010698240,
argus-final,,Q13,csv,8,2,1037,17.176,60.422808,0.93081,466.184702,7.715376,0.449551,5008488106.666667,5010350080,
argus-final,,Q13,csv,8,3,1052,17.424,60.512665,0.929439,465.972801,7.700418,0.44294,5012644864.0,5014519808,
argus-final,,mix,csv,1,1,240,3.978,60.326692,0.928911,60.053905,0.995478,0.250225,3726596096.0,3727884288,
argus-final,,mix,csv,1,2,240,3.981,60.280623,0.929519,58.830861,0.97595,0.245129,3727920128.0,3733172224,
argus-final,,mix,csv,1,3,260,4.329,60.055243,0.847756,59.905954,0.997514,0.230408,3727435962.181818,3728867328,
argus-final,,mix,csv,32,1,1506,24.614,61.618104,0.913116,485.655574,7.881703,0.32248,3803352746.666667,3808878592,
argus-final,,mix,csv,32,2,1483,24.157,61.734609,0.911675,486.49967,7.880501,0.328051,3820600661.333333,3828342784,
argus-final,,mix,csv,32,3,1534,25.096,61.566655,0.914297,484.69559,7.872696,0.315968,3827449856.0,3834597376,
argus-final,,mix,csv,4,1,868,14.384,60.487567,0.927798,237.125679,3.920238,0.273186,3753561770.666667,3758911488,
argus-final,,mix,csv,4,2,870,14.417,60.710607,0.924514,239.699607,3.948233,0.275517,3756034389.333333,3759218688,
argus-final,,mix,csv,4,3,950,15.727,60.68031,0.924734,239.34981,3.944439,0.251947,3755924138.666667,3760754688,
argus-final,,mix,csv,8,1,1445,23.913,60.668238,0.926882,459.177391,7.568662,0.31777,3784311808.0,3793641472,
argus-final,,mix,csv,8,2,1407,23.336,60.632995,0.927261,459.072182,7.571326,0.326277,3783283029.333333,3790286848,
argus-final,,mix,csv,8,3,1469,24.329,60.753729,0.926287,459.000003,7.555092,0.312457,3794690389.333333,3803557888,
argus-final,,Q01,votable,1,1,5708,95.124,60.00562,0.934812,41.502645,0.691646,0.007271,1385700010.666667,1393188864,
argus-final,,Q01,votable,1,2,5742,95.692,60.005172,0.935309,41.796923,0.696555,0.007279,1408018773.333333,1416024064,
argus-final,,Q01,votable,1,3,5717,95.269,60.009118,0.934728,41.863649,0.697621,0.007323,1425034922.666667,1432571904,
argus-final,,Q01,votable,32,1,31907,531.459,60.051395,0.94546,319.719435,5.324097,0.01002,2338629290.666667,2410090496,
argus-final,,Q01,votable,32,2,33939,565.325,60.05108,0.859663,346.136028,5.764027,0.010199,2501845364.363636,2565918720,
argus-final,,Q01,votable,32,3,31807,529.778,60.040954,0.945962,320.262152,5.334062,0.010069,2656709632.0,2698350592,
argus-final,,Q01,votable,4,1,16882,281.313,60.021721,0.938342,139.728985,2.327974,0.008277,1507205120.0,1554567168,
argus-final,,Q01,votable,4,2,15260,254.292,60.019863,0.938372,128.619144,2.142943,0.008429,1634256554.666667,1676791808,
argus-final,,Q01,votable,4,3,17249,287.461,60.007478,0.938675,142.437354,2.37366,0.008258,1731806890.666667,1752522752,
argus-final,,Q01,votable,8,1,25061,417.588,60.029537,0.857069,226.493733,3.773038,0.009038,1837868869.818182,1892265984,
argus-final,,Q01,votable,8,2,23911,398.456,60.015278,0.943274,216.119088,3.601068,0.009038,1980925952.0,2049363968,
argus-final,,Q01,votable,8,3,26543,442.31,60.021075,0.857343,240.497138,4.006878,0.009061,2128001954.909091,2158546944,
argus-final,,Q02,votable,1,1,158,2.629,60.108676,0.932016,60.049698,0.999019,0.380061,2662168576.0,2662670336,
argus-final,,Q02,votable,1,2,156,2.587,60.303327,0.928829,60.26761,0.999408,0.386331,2662842368.0,2663124992,
argus-final,,Q02,votable,1,3,155,2.576,60.178865,0.846252,60.201227,1.000372,0.388395,2663475013.818182,2664013824,
argus-final,,Q02,votable,32,1,994,16.15,62.371983,0.901876,493.149487,7.906587,0.496126,2659053226.666667,2661036032,
argus-final,,Q02,votable,32,2,992,16.136,62.184657,0.904975,491.869857,7.909827,0.495837,2647798784.0,2650230784,
argus-final,,Q02,votable,32,3,992,16.158,62.107875,0.905981,491.213642,7.90904,0.495175,2634610005.333333,2638077952,
argus-final,,Q02,votable,4,1,565,9.355,60.437819,0.84403,239.550173,3.963581,0.423983,2663149568.0,2664759296,
argus-final,,Q02,votable,4,2,550,9.109,60.598409,0.926021,240.28256,3.965163,0.436877,2652482901.333333,2666192896,
argus-final,,Q02,votable,4,3,558,9.231,60.623141,0.925429,240.407697,3.965609,0.430838,2653114368.0,2654584832,
argus-final,,Q02,votable,8,1,960,15.893,60.54194,0.928823,467.261172,7.717975,0.48673,2672603477.333333,2675294208,
argus-final,,Q02,votable,8,2,966,16.0,60.705396,0.926107,467.707261,7.704542,0.484169,2656725674.666667,2659180544,
argus-final,,Q02,votable,8,3,965,15.948,60.810107,0.924631,468.198401,7.699352,0.48518,2650784085.333333,2665177088,
argus-final,,Q03,votable,1,1,2465,41.072,60.016259,0.933877,52.171929,0.869297,0.021165,2572347050.666667,2577289216,
argus-final,,Q03,votable,1,2,2454,40.894,60.008279,0.934135,52.399599,0.873206,0.021353,2564925098.666667,2569375744,
argus-final,,Q03,votable,1,3,2507,41.734,60.070135,0.933276,52.42953,0.872805,0.020913,2544370005.333333,2572505088,
argus-final,,Q03,votable,32,1,14904,247.684,60.22683,0.852295,406.688389,6.752612,0.027287,3017869870.545455,3087138816,
argus-final,,Q03,votable,32,2,14824,246.691,60.208829,0.936702,408.453202,6.783942,0.027554,3147369130.666667,3191427072,
argus-final,,Q03,votable,32,3,14805,245.819,60.280392,0.93822,410.134182,6.803774,0.027702,3230249642.666667,3252260864,
argus-final,,Q03,votable,4,1,8066,134.411,60.056987,0.937058,188.716738,3.142294,0.023397,2564853077.333333,2579017728,
argus-final,,Q03,votable,4,2,8049,134.139,60.079563,0.936058,189.227814,3.14962,0.023509,2583035221.333333,2594930688,
argus-final,,Q03,votable,4,3,8077,134.42,60.094227,0.850852,188.783771,3.141463,0.023373,2618637591.272727,2629693440,
argus-final,,Q03,votable,8,1,12077,200.988,60.211322,0.937691,308.489237,5.123442,0.025544,2702684501.333333,2732511232,
argus-final,,Q03,votable,8,2,12229,203.512,60.113146,0.853647,312.35381,5.196098,0.025542,2792843450.181818,2815389696,
argus-final,,Q03,votable,8,3,12113,201.64,60.101303,0.939149,311.181995,5.177625,0.02569,2901307050.666667,2939809792,
argus-final,,Q04,votable,1,1,3067,51.106,60.012465,0.849054,50.737429,0.845448,0.016543,3208633250.909091,3215384576,
argus-final,,Q04,votable,1,2,3121,52.001,60.018121,0.933965,50.40091,0.839762,0.016149,3223029418.666667,3227729920,
argus-final,,Q04,votable,1,3,2992,49.861,60.007299,0.93423,50.877204,0.84785,0.017004,3233647957.333333,3237625856,
argus-final,,Q04,votable,32,1,17127,285.034,60.087499,0.94357,372.911085,6.206134,0.021773,3670490794.666667,3695083520,
argus-final,,Q04,votable,32,2,16841,280.263,60.095658,0.939666,367.306881,6.112037,0.02181,3735623680.0,3758747648,
argus-final,,Q04,votable,32,3,17035,283.515,60.096088,0.85472,369.812087,6.15368,0.021709,3804219578.181818,3829948416,
argus-final,,Q04,votable,4,1,9272,154.499,60.033489,0.93711,176.609782,2.941854,0.019048,3277178538.666667,3290464256,
argus-final,,Q04,votable,4,2,9294,154.84,60.031843,0.936752,176.636867,2.942386,0.019005,3317717333.333333,3331641344,
argus-final,,Q04,votable,4,3,9250,154.107,60.034467,0.936621,175.792772,2.928197,0.019005,3348729514.666667,3363610624,
argus-final,,Q04,votable,8,1,13871,231.035,60.042056,0.940617,283.19218,4.716564,0.020416,3403855530.666667,3424075776,
argus-final,,Q04,votable,8,2,13871,231.089,60.050055,0.855901,283.056518,4.713676,0.020406,3459148706.909091,3475230720,
argus-final,,Q04,votable,8,3,13706,228.339,60.04831,0.940434,279.551733,4.655447,0.020396,3570542250.666667,3626708992,
argus-final,,Q05,votable,1,1,150,2.496,60.089537,0.932338,60.00594,0.998609,0.40004,3783555072.0,3783720960,
argus-final,,Q05,votable,1,2,151,2.51,60.157821,0.931152,60.192956,1.000584,0.398629,3784158890.666667,3784740864,
argus-final,,Q05,votable,1,3,150,2.499,60.013999,0.933299,59.934858,0.998681,0.399566,3784822101.333333,3785089024,
argus-final,,Q05,votable,32,1,869,14.014,62.384563,0.901671,478.858753,7.675917,0.551046,3785010858.666667,3788189696,
argus-final,,Q05,votable,32,2,898,14.457,62.459175,0.900999,495.410442,7.931748,0.551682,3768945322.666667,3771932672,
argus-final,,Q05,votable,32,3,897,14.483,62.527253,0.899998,496.228123,7.936189,0.553209,3755246933.333333,3758821376,
argus-final,,Q05,votable,4,1,516,8.543,60.794948,0.922735,241.447419,3.971505,0.467921,3803314858.666667,3805343744,
argus-final,,Q05,votable,4,2,513,8.535,60.30591,0.930216,239.676486,3.974345,0.467206,3808842752.0,3809923072,
argus-final,,Q05,votable,4,3,516,8.535,60.676933,0.924634,241.156097,3.974428,0.467357,3809452373.333333,3810435072,
argus-final,,Q05,votable,8,1,870,14.405,60.892968,0.923904,472.767604,7.763911,0.543411,3819652096.0,3822813184,
argus-final,,Q05,votable,8,2,877,14.502,60.578644,0.928005,470.311507,7.763652,0.536273,3814094506.666667,3819569152,
argus-final,,Q05,votable,8,3,871,14.412,60.481367,0.929354,469.591854,7.76424,0.539141,3787244885.333333,3789033472,
argus-final,,Q06,votable,1,1,150,2.49,60.232365,0.930396,60.276566,1.000734,0.401844,3693729792.0,3695849472,
argus-final,,Q06,votable,1,2,154,2.558,60.196234,0.930887,60.223545,1.000454,0.391062,3679914325.333333,3694743552,
argus-final,,Q06,votable,1,3,151,2.507,60.241826,0.929759,60.260751,1.000314,0.399078,3660579157.333333,3662045184,
argus-final,,Q06,votable,32,1,897,14.548,62.669358,0.897862,493.352319,7.872305,0.550003,3641044992.0,3643740160,
argus-final,,Q06,votable,32,2,900,14.511,62.441792,0.900959,491.891544,7.877601,0.546546,3629910016.0,3632062464,
argus-final,,Q06,votable,32,3,898,14.45,62.353241,0.902131,491.324787,7.879699,0.547132,3613989205.333333,3619897344,
argus-final,,Q06,votable,4,1,515,8.548,60.623945,0.925192,240.836275,3.972626,0.467643,3680952320.0,3682369536,
argus-final,,Q06,votable,4,2,575,9.546,60.464076,0.843728,239.888171,3.96745,0.417197,3686503889.454545,3689480192,
argus-final,,Q06,votable,4,3,589,9.781,60.402012,0.928796,240.115168,3.975284,0.407666,3670962517.333333,3673042944,
argus-final,,Q06,votable,8,1,863,14.283,60.684674,0.926648,466.729145,7.691055,0.540822,3676745386.666667,3680227328,
argus-final,,Q06,votable,8,2,867,14.377,60.827247,0.924864,466.031946,7.661566,0.537522,3683130026.666667,3685298176,
argus-final,,Q06,votable,8,3,871,14.419,60.754083,0.926974,467.170733,7.689536,0.536361,3668859904.0,3670892544,
argus-final,,Q07,votable,1,1,211,3.496,60.352526,0.928402,60.151139,0.996663,0.285076,3559308288.0,3569545216,
argus-final,,Q07,votable,1,2,207,3.431,60.332609,0.928436,60.072172,0.995683,0.290204,3543585792.0,3559227392,
argus-final,,Q07,votable,1,3,206,3.426,60.13481,0.931659,59.867711,0.995558,0.29062,3537020586.666667,3537489920,
argus-final,,Q07,votable,32,1,1303,21.198,61.974124,0.908224,489.491398,7.898319,0.375665,3592902656.0,3601866752,
argus-final,,Q07,votable,32,2,1302,21.215,61.570166,0.914193,486.166742,7.896142,0.3734,3590375765.333333,3599175680,
argus-final,,Q07,votable,32,3,1299,21.203,61.705868,0.912158,487.082216,7.893613,0.374967,3596678485.333333,3607629824,
argus-final,,Q07,votable,4,1,814,13.498,60.579679,0.926458,239.230962,3.94903,0.293896,3567908864.0,3577217024,
argus-final,,Q07,votable,4,2,733,12.149,60.336466,0.845401,238.435738,3.951768,0.325288,3566152610.909091,3574620160,
argus-final,,Q07,votable,4,3,734,12.156,60.591106,0.926006,239.657353,3.955322,0.326509,3554728960.0,3559403520,
argus-final,,Q07,votable,8,1,1240,20.561,60.625198,0.927715,460.999994,7.604099,0.371774,3582336682.666667,3590328320,
argus-final,,Q07,votable,8,2,1240,20.506,60.866509,0.923854,460.989674,7.573782,0.371766,3586443264.0,3594276864,
argus-final,,Q07,votable,8,3,1243,20.599,60.605146,0.928113,460.445454,7.597465,0.370431,3573439146.666667,3582173184,
argus-final,,Q10,votable,1,1,1859,30.978,60.009652,0.934568,55.601814,0.926548,0.02991,3544604330.666667,3546624000,
argus-final,,Q10,votable,1,2,1830,30.485,60.030438,0.8495,55.981364,0.93255,0.030591,3547012747.636364,3550920704,
argus-final,,Q10,votable,1,3,1852,30.853,60.02573,0.849529,55.758451,0.928909,0.030107,3550087354.181818,3552403456,
argus-final,,Q10,votable,32,1,9050,150.385,60.198481,0.939964,357.520023,5.939021,0.039505,3962767018.666667,3968741376,
argus-final,,Q10,votable,32,2,9017,149.863,60.181551,0.940061,356.83947,5.929383,0.039574,3980609877.333333,3987255296,
argus-final,,Q10,votable,32,3,9014,149.805,60.178541,0.854342,356.426552,5.922818,0.039541,3998755374.545455,4004888576,
argus-final,,Q10,votable,4,1,5592,93.129,60.078313,0.936933,194.531403,3.237964,0.034787,3596458666.666667,3632525312,
argus-final,,Q10,votable,4,2,5150,85.79,60.038464,0.852139,177.139103,2.950427,0.034396,3684979432.727273,3767226368,
argus-final,,Q10,votable,4,3,5440,90.63,60.031195,0.852484,189.540103,3.15736,0.034842,3751198720.0,3799396352,
argus-final,,Q10,votable,8,1,7717,128.529,60.078197,0.854919,290.978881,4.843336,0.037706,3879516346.181818,3914657792,
argus-final,,Q10,votable,8,2,8234,137.146,60.051168,0.941711,311.64134,5.189597,0.037848,3925035690.666667,3931013120,
argus-final,,Q10,votable,8,3,8183,136.303,60.073843,0.855428,310.687818,5.171765,0.037967,3942264832.0,3947679744,
argus-final,,Q11,votable,1,1,288,4.787,60.168468,0.932092,62.227652,1.034224,0.216068,3958356992.0,3958923264,
argus-final,,Q11,votable,1,2,288,4.783,60.2116,0.931686,62.278729,1.034331,0.216246,3961959082.666667,3963125760,
argus-final,,Q11,votable,1,3,286,4.752,60.183383,0.931457,62.324369,1.035574,0.217917,3941934762.666667,3942260736,
argus-final,,Q11,votable,32,1,1344,22.029,62.001594,0.909409,387.213699,6.245222,0.288105,3876950016.0,3879919616,
argus-final,,Q11,votable,32,2,1348,21.961,61.843535,0.913203,385.649654,6.235893,0.28609,3880752810.666667,3882901504,
argus-final,,Q11,votable,32,3,1342,21.849,62.111392,0.909613,385.695219,6.209734,0.287403,3874064384.0,3884527616,
argus-final,,Q11,votable,4,1,903,14.991,60.377555,0.93232,228.671392,3.787358,0.253235,3959265962.666667,3960451072,
argus-final,,Q11,votable,4,2,902,15.004,60.278102,0.93322,228.176118,3.78539,0.252967,3963275605.333333,3965038592,
argus-final,,Q11,votable,4,3,907,15.087,60.280792,0.849246,228.714936,3.794159,0.252166,3952836608.0,3965693952,
argus-final,,Q11,votable,8,1,1303,21.576,60.509497,0.933737,364.11745,6.017526,0.279445,3945676458.666667,3947307008,
argus-final,,Q11,votable,8,2,1307,21.714,60.4647,0.85069,365.210892,6.040068,0.279427,3934714786.909091,3938725888,
argus-final,,Q11,votable,8,3,1307,21.69,60.417097,0.934716,366.708027,6.069607,0.280572,3903365802.666667,3905855488,
argus-final,,Q12,votable,1,1,148,2.459,60.18015,0.930823,60.159617,0.999659,0.406484,3827809621.333333,3828264960,
argus-final,,Q12,votable,1,2,149,2.467,60.397278,0.927589,60.256992,0.997677,0.404409,3828132522.666667,3828350976,
argus-final,,Q12,votable,1,3,149,2.475,60.199665,0.930479,60.176135,0.999609,0.403867,3811363157.333333,3812667392,
argus-final,,Q12,votable,32,1,900,14.62,62.827753,0.895442,499.485772,7.950082,0.554984,3799422634.666667,3801780224,
argus-final,,Q12,votable,32,2,896,14.603,62.492064,0.900501,496.744334,7.948919,0.554402,3788062037.333333,3801665536,
argus-final,,Q12,votable,32,3,896,14.584,62.543167,0.89945,496.764154,7.942741,0.554424,3785439573.333333,3787747328,
argus-final,,Q12,votable,4,1,522,8.643,60.583076,0.926354,240.465197,3.969181,0.460661,3834136234.666667,3835232256,
argus-final,,Q12,votable,4,2,582,9.64,60.740289,0.839697,241.053477,3.968593,0.414181,3832348672.0,3834425344,
argus-final,,Q12,votable,4,3,553,9.191,60.568216,0.926203,240.075969,3.963729,0.434134,3832213845.333333,3837816832,
argus-final,,Q12,votable,8,1,880,14.534,60.706332,0.926228,471.396609,7.765197,0.535678,3834331136.0,3839373312,
argus-final,,Q12,votable,8,2,879,14.546,60.72397,0.925954,471.408643,7.763139,0.536301,3824453632.0,3826446336,
argus-final,,Q12,votable,8,3,871,14.403,60.662647,0.926538,471.034794,7.764824,0.540798,3803647317.333333,3805143040,
argus-final,,Q13,votable,1,1,169,2.814,60.06492,0.847971,59.926421,0.997694,0.354594,3740746845.090909,3741048832,
argus-final,,Q13,votable,1,2,170,2.823,60.223896,0.930568,60.096213,0.99788,0.353507,3743171925.333333,3744518144,
argus-final,,Q13,votable,1,3,173,2.872,60.230202,0.930108,59.879421,0.994176,0.346124,3740847445.333333,3741278208,
argus-final,,Q13,votable,32,1,1093,17.772,62.285761,0.903612,494.489183,7.939041,0.452415,3761054720.0,3764527104,
argus-final,,Q13,votable,32,2,1087,17.641,61.979218,0.990447,491.552105,7.930918,0.45221,3762910444.307693,3765972992,
argus-final,,Q13,votable,32,3,1091,17.694,62.255688,0.903935,493.845892,7.932543,0.452654,3765501952.0,3769360384,
argus-final,,Q13,votable,4,1,652,10.794,60.622016,0.925592,240.040164,3.95962,0.36816,3761834325.333333,3774173184,
argus-final,,Q13,votable,4,2,615,10.193,60.698166,0.92435,240.211831,3.957481,0.390588,3743738197.333333,3745099776,
argus-final,,Q13,votable,4,3,628,10.403,60.368928,0.929042,238.958522,3.958303,0.380507,3745696768.0,3747426304,
argus-final,,Q13,votable,8,1,1045,17.313,60.561897,0.844478,460.989249,7.611869,0.441138,3765866123.636364,3774554112,
argus-final,,Q13,votable,8,2,1045,17.303,60.581051,0.928678,466.823073,7.705761,0.446721,3769370282.666667,3772432384,
argus-final,,Q13,votable,8,3,1047,17.365,60.546913,0.928991,466.956792,7.712314,0.445995,3766165845.333333,3768279040,
argus-final,,mix,votable,1,1,238,3.953,60.201916,0.93066,61.449388,1.020721,0.258191,1149597013.333333,1171197952,
argus-final,,mix,votable,1,2,241,4.016,60.005971,0.933779,60.462995,1.007616,0.250884,1153714176.0,1158823936,
argus-final,,mix,votable,1,3,261,4.321,60.401469,0.927841,60.114842,0.995255,0.230325,1156019541.333333,1159086080,
argus-final,,mix,votable,32,1,1495,24.447,61.790688,0.911008,485.046491,7.849831,0.324446,1390366378.666667,1398939648,
argus-final,,mix,votable,32,2,1472,24.066,61.573788,0.913739,483.766912,7.856702,0.328646,1400078336.0,1404297216,
argus-final,,mix,votable,32,3,1527,24.961,61.6542,0.912839,483.253126,7.838122,0.316472,1413067434.666667,1418440704,
argus-final,,mix,votable,4,1,889,14.736,60.538193,0.926979,241.294504,3.985823,0.271422,1181089450.666667,1188143104,
argus-final,,mix,votable,4,2,897,14.866,60.773445,0.92334,240.12226,3.951105,0.267695,1190238549.333333,1193517056,
argus-final,,mix,votable,4,3,882,14.612,60.378444,0.844951,240.796419,3.988119,0.273012,1194247261.090909,1199022080,
argus-final,,mix,votable,8,1,1426,23.61,60.777408,0.925875,457.890616,7.533895,0.321101,1346319701.333333,1356992512,
argus-final,,mix,votable,8,2,1403,23.27,60.648795,0.927735,456.892387,7.533412,0.325654,1363033429.333333,1377173504,
argus-final,,mix,votable,8,3,1450,23.964,60.80914,0.925105,458.14736,7.534186,0.315964,1371066026.666667,1378181120,
dachs-final,,Q01,csv,1,1,1394,23.225,60.021523,0.933732,57.172911,0.95254,0.041014,1227702613.333333,1229443072,
dachs-final,,Q01,csv,1,2,1417,23.616,60.002619,0.93429,57.561692,0.95932,0.040622,1228222464.0,1228976128,
dachs-final,,Q01,csv,1,3,1408,23.441,60.065736,0.932841,57.353785,0.95485,0.040734,1229229738.666667,1230966784,
dachs-final,,Q01,csv,32,1,992,16.214,62.177223,0.9024,117.593804,1.891268,0.118542,1243748352.0,1248194560,
dachs-final,,Q01,csv,32,2,989,16.069,62.437164,0.898666,117.928305,1.888752,0.11924,1244372309.333333,1248743424,
dachs-final,,Q01,csv,32,3,991,16.069,62.181432,0.902331,117.50645,1.889735,0.118574,1245235541.333333,1250729984,
dachs-final,,Q01,csv,4,1,1133,18.841,60.140481,0.931948,106.681816,1.773877,0.094159,1236703232.0,1237999616,
dachs-final,,Q01,csv,4,2,1109,18.467,60.061413,0.933052,106.335214,1.770441,0.095884,1235672405.333333,1237798912,
dachs-final,,Q01,csv,4,3,1138,18.916,60.253534,0.92975,106.794329,1.772416,0.093844,1236032853.333333,1238261760,
dachs-final,,Q01,csv,8,1,1050,17.436,60.362854,0.844604,115.967486,1.921173,0.110445,1240091554.909091,1241636864,
dachs-final,,Q01,csv,8,2,1050,17.423,60.535237,0.926695,116.1345,1.918461,0.110604,1242146816.0,1245978624,
dachs-final,,Q01,csv,8,3,1056,17.539,60.279276,0.930867,116.416924,1.931293,0.110243,1240189952.0,1243275264,
dachs-final,,Q02,csv,1,1,328,5.444,60.254811,0.93001,133.496812,2.215538,0.407002,1236871509.333333,1241022464,
dachs-final,,Q02,csv,1,2,317,5.274,60.102,0.932312,134.201239,2.232891,0.423348,1237673301.333333,1240965120,
dachs-final,,Q02,csv,1,3,334,5.553,60.150382,0.931579,132.523381,2.203201,0.396777,1237805397.333333,1241292800,
dachs-final,,Q02,csv,32,1,569,9.015,64.590939,0.94857,324.27395,5.020425,0.569901,1258117592.615385,1265909760,
dachs-final,,Q02,csv,32,2,560,8.893,64.559819,0.949138,322.100908,4.989185,0.57518,1256062030.769231,1270472704,
dachs-final,,Q02,csv,32,3,573,9.111,64.388374,0.872536,324.374472,5.03778,0.566099,1256079701.333333,1263935488,
dachs-final,,Q02,csv,4,1,622,10.331,60.402319,0.928498,314.190318,5.201627,0.505129,1248675157.333333,1260503040,
dachs-final,,Q02,csv,4,2,623,10.35,60.40587,0.928817,315.281382,5.219383,0.50607,1246316202.666667,1253359616,
dachs-final,,Q02,csv,4,3,624,10.383,60.350216,0.929394,316.582559,5.245757,0.507344,1248313344.0,1258008576,
dachs-final,,Q02,csv,8,1,575,9.478,60.870396,0.922817,316.280364,5.195964,0.550053,1255183360.0,1263439872,
dachs-final,,Q02,csv,8,2,575,9.513,60.665912,0.925481,316.446782,5.216221,0.550342,1252488533.333333,1261084672,
dachs-final,,Q02,csv,8,3,573,9.461,60.758485,0.924365,316.966332,5.216824,0.55317,1254875136.0,1263628288,
dachs-final,,Q03,csv,1,1,729,12.122,60.136317,0.846774,73.403901,1.220625,0.100691,1238437515.636364,1243115520,
dachs-final,,Q03,csv,1,2,716,11.908,60.129037,0.847253,74.589005,1.240482,0.104175,1239991016.727273,1244950528,
dachs-final,,Q03,csv,1,3,712,11.867,60.000216,0.933684,75.192729,1.253208,0.105608,1247716693.333333,1252659200,
dachs-final,,Q03,csv,32,1,609,9.742,62.913871,0.892667,101.000752,1.605381,0.165847,1266043221.333333,1272328192,
dachs-final,,Q03,csv,32,2,706,11.559,62.539693,0.897252,133.010928,2.126824,0.188401,1264247808.0,1270263808,
dachs-final,,Q03,csv,32,3,710,11.375,62.76187,0.975077,137.218211,2.186331,0.193265,1265203987.692308,1271275520,
dachs-final,,Q03,csv,4,1,750,12.466,60.310228,0.929064,116.891586,1.938172,0.155855,1249717930.666667,1251745792,
dachs-final,,Q03,csv,4,2,754,12.542,60.301442,0.929419,115.895535,1.921936,0.153708,1251824640.0,1257283584,
dachs-final,,Q03,csv,4,3,754,12.523,60.253435,0.930194,117.171912,1.944651,0.1554,1256363690.666667,1264132096,
dachs-final,,Q03,csv,8,1,728,12.054,60.568954,0.926413,128.811325,2.126689,0.176939,1259870208.0,1266184192,
dachs-final,,Q03,csv,8,2,730,12.075,60.585343,0.926388,130.073883,2.146953,0.178183,1262100821.333333,1269538816,
dachs-final,,Q03,csv,8,3,728,12.042,60.807508,0.922656,132.894521,2.185495,0.182547,1261035178.666667,1267892224,
dachs-final,,Q04,csv,1,1,766,12.757,60.047322,0.84802,59.102619,0.984267,0.077157,1254736244.363636,1256034304,
dachs-final,,Q04,csv,1,2,761,12.658,60.119375,0.931777,59.129859,0.983541,0.0777,1255075498.666667,1256546304,
dachs-final,,Q04,csv,1,3,757,12.615,60.009528,0.933412,59.020156,0.983513,0.077966,1255578282.666667,1256886272,
dachs-final,,Q04,csv,32,1,701,11.181,63.596306,0.962595,116.962688,1.839143,0.166851,1264244578.461539,1271476224,
dachs-final,,Q04,csv,32,2,703,11.309,63.428141,0.885068,116.11194,1.830606,0.165166,1266379776.0,1271414784,
dachs-final,,Q04,csv,32,3,704,11.321,63.31406,0.886354,117.042983,1.84861,0.166254,1266249045.333333,1272262656,
dachs-final,,Q04,csv,4,1,762,12.644,60.329257,0.928672,97.341149,1.613498,0.127744,1258886144.0,1260867584,
dachs-final,,Q04,csv,4,2,765,12.721,60.393667,0.843623,97.63467,1.616638,0.127627,1258338117.818182,1259970560,
dachs-final,,Q04,csv,4,3,768,12.783,60.307725,0.929034,97.681087,1.619711,0.127189,1257442986.666667,1260130304,
dachs-final,,Q04,csv,8,1,733,12.162,60.388367,0.928693,110.415354,1.828421,0.150635,1264051541.333333,1268391936,
dachs-final,,Q04,csv,8,2,722,11.947,60.606148,0.925417,110.542676,1.823952,0.153106,1264320170.666667,1268875264,
dachs-final,,Q04,csv,8,3,710,11.734,60.722869,0.924001,111.123717,1.830014,0.156512,1262803968.0,1266245632,
dachs-final,,Q05,csv,1,1,112,1.856,60.352986,0.928374,63.193826,1.04707,0.564231,1278388906.666667,1284165632,
dachs-final,,Q05,csv,1,2,111,1.841,60.309042,0.92894,63.180414,1.047611,0.569193,1278288213.333333,1284120576,
dachs-final,,Q05,csv,1,3,112,1.852,60.474327,0.926361,63.301126,1.046744,0.565189,1278313130.666667,1283993600,
dachs-final,,Q05,csv,32,1,519,8.23,64.505048,0.949594,421.387401,6.532627,0.811922,1428009275.076923,1493467136,
dachs-final,,Q05,csv,32,2,513,8.087,64.526655,0.870356,423.573285,6.564315,0.825679,1407196501.333333,1461727232,
dachs-final,,Q05,csv,32,3,512,8.25,64.058048,0.956427,418.513244,6.533344,0.817409,1402081910.153846,1513779200,
dachs-final,,Q05,csv,4,1,368,6.079,61.02848,0.918519,242.859783,3.97945,0.659945,1340520789.333333,1370554368,
dachs-final,,Q05,csv,4,2,365,6.031,60.963856,0.91945,237.991308,3.90381,0.652031,1344912725.333333,1373687808,
dachs-final,,Q05,csv,4,3,370,6.123,60.79859,0.921997,240.967174,3.963368,0.651263,1333101226.666667,1366437888,
dachs-final,,Q05,csv,8,1,482,7.935,61.134323,0.918294,370.02724,6.052692,0.767691,1401499989.333333,1469984768,
dachs-final,,Q05,csv,8,2,481,7.925,61.385531,0.914354,373.08847,6.077792,0.775652,1387757568.0,1439346688,
dachs-final,,Q05,csv,8,3,486,7.999,61.25302,0.916205,373.791286,6.102414,0.769118,1388145322.666667,1456189440,
dachs-final,,Q06,csv,1,1,111,1.84,60.330959,0.92853,63.172444,1.047098,0.569121,1276854954.666667,1287327744,
dachs-final,,Q06,csv,1,2,112,1.857,60.322322,0.844243,63.112031,1.046247,0.5635,1282850443.636364,1287020544,
dachs-final,,Q06,csv,1,3,112,1.851,60.492812,0.841865,63.222996,1.045132,0.564491,1280245387.636364,1286230016,
dachs-final,,Q06,csv,32,1,503,7.899,65.648378,0.933209,413.082092,6.292343,0.821237,1403619485.538461,1519034368,
dachs-final,,Q06,csv,32,2,512,8.067,65.237967,0.939102,410.532226,6.292842,0.801821,1414894198.153846,1486327808,
dachs-final,,Q06,csv,32,3,510,8.09,64.765651,0.946262,410.113382,6.332267,0.804144,1400385220.923077,1487302656,
dachs-final,,Q06,csv,4,1,355,5.875,60.642036,0.924414,233.666095,3.853203,0.658214,1340239189.333333,1372962816,
dachs-final,,Q06,csv,4,2,368,6.093,60.747053,0.922629,238.310548,3.922998,0.647583,1340288341.333333,1374851072,
dachs-final,,Q06,csv,4,3,361,5.966,61.046157,0.918087,238.078612,3.899977,0.659498,1345973589.333333,1370632192,
dachs-final,,Q06,csv,8,1,486,7.998,61.195495,0.917407,372.80502,6.092034,0.767089,1392050858.666667,1453654016,
dachs-final,,Q06,csv,8,2,481,7.911,60.957176,0.920605,366.983578,6.020351,0.76296,1391953578.666667,1480142848,
dachs-final,,Q06,csv,8,3,480,7.871,61.338081,0.914912,369.5587,6.024947,0.769914,1398483968.0,1479708672,
dachs-final,,Q07,csv,1,1,104,1.715,60.628924,0.924045,63.280598,1.043736,0.608467,1280906922.666667,1289318400,
dachs-final,,Q07,csv,1,2,104,1.727,60.217608,0.930455,62.808806,1.043031,0.603931,1278076586.666667,1289646080,
dachs-final,,Q07,csv,1,3,104,1.718,60.520607,0.841411,63.069346,1.042114,0.606436,1277175621.818182,1289838592,
dachs-final,,Q07,csv,32,1,480,7.708,64.678199,0.868254,416.629499,6.441576,0.867978,1403468458.666667,1472303104,
dachs-final,,Q07,csv,32,2,488,7.666,63.87315,0.879428,410.719127,6.430231,0.841638,1415964330.666667,1479946240,
dachs-final,,Q07,csv,32,3,486,7.62,64.415514,0.950883,413.09698,6.413004,0.849994,1412316868.923077,1497821184,
dachs-final,,Q07,csv,4,1,342,5.655,61.021494,0.918609,240.093475,3.934572,0.702028,1342388906.666667,1373843456,
dachs-final,,Q07,csv,4,2,335,5.533,60.845436,0.921361,235.103415,3.863945,0.701801,1354645845.333333,1375494144,
dachs-final,,Q07,csv,4,3,343,5.651,61.149138,0.916672,241.25956,3.945429,0.703381,1349279744.0,1375813632,
dachs-final,,Q07,csv,8,1,459,7.568,61.206395,0.917292,371.890884,6.076014,0.81022,1393275904.0,1463128064,
dachs-final,,Q07,csv,8,2,457,7.517,61.452239,0.913478,372.688632,6.064688,0.815511,1404912981.333333,1469018112,
dachs-final,,Q07,csv,8,3,464,7.613,61.399641,0.914191,376.187366,6.126866,0.810749,1405349546.666667,1472491520,
dachs-final,,Q10,csv,1,1,650,10.818,60.083573,0.932371,59.215345,0.98555,0.091101,1264315392.0,1264852992,
dachs-final,,Q10,csv,1,2,648,10.793,60.040233,0.933039,59.183018,0.985723,0.091332,1261856426.666667,1262899200,
dachs-final,,Q10,csv,1,3,650,10.831,60.010356,0.933322,59.203771,0.986559,0.091083,1263619413.333333,1264201728,
dachs-final,,Q10,csv,32,1,641,10.29,62.83533,0.974092,114.292596,1.818922,0.178304,1277852120.615385,1281929216,
dachs-final,,Q10,csv,32,2,641,10.204,63.062673,0.970643,115.389745,1.829763,0.180015,1278724883.692308,1284628480,
dachs-final,,Q10,csv,32,3,642,10.233,63.713918,0.880779,114.911467,1.803554,0.17899,1280693248.0,1285492736,
dachs-final,,Q10,csv,4,1,669,11.103,60.255794,0.930016,94.925568,1.575377,0.141892,1269584213.333333,1272082432,
dachs-final,,Q10,csv,4,2,676,11.219,60.460671,0.926744,95.312034,1.57643,0.140994,1270439936.0,1273548800,
dachs-final,,Q10,csv,4,3,672,11.177,60.304097,0.929261,94.752141,1.571239,0.141,1270347776.0,1272848384,
dachs-final,,Q10,csv,8,1,645,10.674,60.550137,0.926403,107.73215,1.779222,0.167027,1274475861.333333,1279954944,
dachs-final,,Q10,csv,8,2,648,10.72,60.530372,0.926655,107.828136,1.781389,0.166401,1273911637.333333,1276502016,
dachs-final,,Q10,csv,8,3,641,10.618,60.681343,0.840402,107.242005,1.767298,0.167304,1275305239.272727,1278230528,
dachs-final,,Q11,csv,1,1,216,3.589,60.191192,0.846054,60.417805,1.003765,0.279712,1280923089.454545,1289572352,
dachs-final,,Q11,csv,1,2,211,3.503,60.238306,0.930016,58.544378,0.97188,0.277462,1279570261.333333,1287921664,
dachs-final,,Q11,csv,1,3,216,3.586,60.229045,0.930099,60.195315,0.99944,0.278682,1281980757.333333,1289900032,
dachs-final,,Q11,csv,32,1,277,4.202,65.935033,0.928479,104.868944,1.590489,0.378588,1358523155.692308,1392627712,
dachs-final,,Q11,csv,32,2,266,4.3,63.330731,0.966593,99.711881,1.574463,0.374857,1364951985.230769,1407365120,
dachs-final,,Q11,csv,32,3,276,4.23,65.255351,0.937772,104.610134,1.603089,0.379022,1366994313.846154,1386614784,
dachs-final,,Q11,csv,4,1,241,3.972,60.67496,0.923561,83.535317,1.376768,0.34662,1300742144.0,1319231488,
dachs-final,,Q11,csv,4,2,242,3.973,60.914501,0.919837,83.425955,1.369558,0.344735,1305293824.0,1317457920,
dachs-final,,Q11,csv,4,3,240,3.993,60.102659,0.932591,83.358431,1.386934,0.347327,1301903018.666667,1321140224,
dachs-final,,Q11,csv,8,1,243,3.998,60.776884,0.922649,89.120131,1.466349,0.36675,1318202709.333333,1350467584,
dachs-final,,Q11,csv,8,2,245,3.962,62.084668,0.903342,91.024504,1.466135,0.371529,1332270080.0,1353625600,
dachs-final,,Q11,csv,8,3,245,3.985,61.482105,0.995194,90.768545,1.476341,0.370484,1331094449.230769,1352884224,
dachs-final,,Q12,csv,1,1,112,1.863,60.117011,0.931864,62.862711,1.045673,0.561274,1358566058.666667,1366745088,
dachs-final,,Q12,csv,1,2,112,1.856,60.341018,0.928527,63.185891,1.047147,0.56416,1351818922.666667,1361039360,
dachs-final,,Q12,csv,1,3,112,1.856,60.329245,0.8442,63.155916,1.046854,0.563892,1349809617.454545,1358524416,
dachs-final,,Q12,csv,32,1,516,8.094,63.925147,0.878484,418.063763,6.539895,0.810201,1468065109.333333,1548709888,
dachs-final,,Q12,csv,32,2,514,8.137,64.416922,0.951177,419.900325,6.518479,0.816927,1459218274.461539,1512046592,
dachs-final,,Q12,csv,32,3,516,8.115,63.664415,0.962589,416.689282,6.545089,0.807537,1468105964.307692,1509584896,
dachs-final,,Q12,csv,4,1,369,6.108,60.667006,0.924243,238.45286,3.93052,0.646214,1413312853.333333,1440088064,
dachs-final,,Q12,csv,4,2,363,6.013,60.736931,0.92304,237.174258,3.904943,0.653373,1415328768.0,1440673792,
dachs-final,,Q12,csv,4,3,369,6.109,60.617725,0.92481,238.571188,3.935667,0.646534,1415814485.333333,1435451392,
dachs-final,,Q12,csv,8,1,484,7.981,61.250588,0.916638,372.508113,6.081707,0.769645,1466199040.0,1544163328,
dachs-final,,Q12,csv,8,2,491,8.068,61.387986,0.914288,378.372397,6.163623,0.770616,1447847253.333333,1536344064,
dachs-final,,Q12,csv,8,3,486,7.997,61.229154,0.916456,372.448992,6.08287,0.766356,1446385322.666667,1524305920,
dachs-final,,Q13,csv,1,1,171,2.849,60.017232,0.93328,69.391852,1.156199,0.4058,1315340629.333333,1316065280,
dachs-final,,Q13,csv,1,2,173,2.868,60.329225,0.844243,71.077244,1.178156,0.410851,1316173265.454545,1319792640,
dachs-final,,Q13,csv,1,3,182,3.033,60.000509,0.933926,72.560171,1.209326,0.398682,1314692096.0,1320198144,
dachs-final,,Q13,csv,32,1,607,9.706,63.362091,0.886074,344.587366,5.438384,0.567689,1329491285.333333,1343193088,
dachs-final,,Q13,csv,32,2,607,9.672,63.534935,0.883808,343.357324,5.404229,0.565663,1333909504.0,1355943936,
dachs-final,,Q13,csv,32,3,605,9.56,63.858651,0.879056,342.722466,5.366892,0.566483,1330270208.0,1338146816,
dachs-final,,Q13,csv,4,1,528,8.778,60.351756,0.929524,248.222442,4.112928,0.470118,1326595413.333333,1332641792,
dachs-final,,Q13,csv,4,2,524,8.671,60.757303,0.922763,247.753468,4.077756,0.472812,1325901482.666667,1335255040,
dachs-final,,Q13,csv,4,3,537,8.9,60.525824,0.926237,249.928183,4.129282,0.465416,1323390976.0,1330188288,
dachs-final,,Q13,csv,8,1,609,10.019,61.190738,0.917642,332.129897,5.427781,0.545369,1330810197.333333,1341079552,
dachs-final,,Q13,csv,8,2,600,9.905,60.961759,0.921078,326.91948,5.362698,0.544866,1330158933.333333,1349668864,
dachs-final,,Q13,csv,8,3,609,10.063,61.014264,0.920233,329.977542,5.408203,0.541835,1329670144.0,1336389632,
dachs-final,,mix,csv,1,1,187,3.113,60.079483,0.932392,68.970547,1.147988,0.368826,1245947562.666667,1250930688,
dachs-final,,mix,csv,1,2,187,3.113,60.068388,0.932648,68.842126,1.146062,0.36814,1242290858.666667,1250734080,
dachs-final,,mix,csv,1,3,199,3.295,60.399525,0.927518,68.210513,1.129322,0.342766,1238750549.333333,1250578432,
dachs-final,,mix,csv,32,1,585,9.332,63.869501,0.87917,311.418784,4.875861,0.53234,1302221482.666667,1355821056,
dachs-final,,mix,csv,32,2,574,9.148,63.821698,0.879823,314.81648,4.93275,0.548461,1325309952.0,1394442240,
dachs-final,,mix,csv,32,3,584,9.251,63.920473,0.95821,304.984157,4.771306,0.522233,1297729693.538461,1378680832,
dachs-final,,mix,csv,4,1,542,8.966,60.625808,0.840456,227.636117,3.754773,0.419993,1293916346.181818,1335898112,
dachs-final,,mix,csv,4,2,534,8.836,60.732222,0.923186,242.252181,3.988858,0.453656,1284245162.666667,1313570816,
dachs-final,,mix,csv,4,3,550,9.096,61.02922,0.918426,232.285513,3.806136,0.422337,1300099072.0,1335455744,
dachs-final,,mix,csv,8,1,582,9.609,60.889887,0.921788,295.807776,4.858077,0.508261,1306205525.333333,1398804480,
dachs-final,,mix,csv,8,2,574,9.419,61.118739,0.918021,304.929883,4.989139,0.531237,1299312981.333333,1351782400,
dachs-final,,mix,csv,8,3,601,9.885,61.236794,0.916815,290.129106,4.737823,0.482744,1310254080.0,1349201920,
dachs-final,,Q01,votable,1,1,1370,22.832,60.002886,0.933414,57.227689,0.953749,0.041772,884424362.666667,886734848,
dachs-final,,Q01,votable,1,2,1376,22.893,60.106814,0.93222,57.333056,0.953853,0.041666,889811968.0,892174336,
dachs-final,,Q01,votable,1,3,1361,22.672,60.030421,0.933244,57.311029,0.9547,0.042109,897924778.666667,900939776,
dachs-final,,Q01,votable,32,1,962,15.608,62.026054,0.904496,119.528404,1.927068,0.12425,960907946.666667,964280320,
dachs-final,,Q01,votable,32,2,961,15.602,61.6402,0.910362,117.986826,1.914121,0.122775,966465536.0,971722752,
dachs-final,,Q01,votable,32,3,961,15.535,62.210711,0.901821,119.120082,1.914784,0.123954,969054549.333333,973860864,
dachs-final,,Q01,votable,4,1,1108,18.406,60.243048,0.930714,107.085129,1.777552,0.096647,909801130.666667,915341312,
dachs-final,,Q01,votable,4,2,1098,18.28,60.276051,0.929602,107.056588,1.776105,0.097501,917429589.333333,922431488,
dachs-final,,Q01,votable,4,3,1102,18.329,60.198304,0.930712,106.955386,1.776718,0.097056,926263637.333333,930930688,
dachs-final,,Q01,votable,8,1,1043,17.302,60.368606,0.928884,119.497125,1.979458,0.114571,940369237.333333,944836608,
dachs-final,,Q01,votable,8,2,1030,17.096,60.40474,0.928452,118.584127,1.963159,0.11513,946343936.0,950153216,
dachs-final,,Q01,votable,8,3,1041,17.276,60.288401,0.930383,119.051128,1.974694,0.114362,954112000.0,958648320,
dachs-final,,Q02,votable,1,1,328,5.452,60.161977,0.931177,131.102713,2.179162,0.399703,966327978.666667,970469376,
dachs-final,,Q02,votable,1,2,320,5.318,60.176889,0.931185,132.671802,2.204697,0.414599,967330474.666667,970641408,
dachs-final,,Q02,votable,1,3,321,5.335,60.167845,0.931037,132.422495,2.200885,0.412531,967038976.0,970715136,
dachs-final,,Q02,votable,32,1,569,9.011,64.45367,0.871625,326.444821,5.064798,0.573717,999453354.666667,1007583232,
dachs-final,,Q02,votable,32,2,555,8.788,63.787072,0.880499,321.36461,5.038084,0.579035,1003011072.0,1011744768,
dachs-final,,Q02,votable,32,3,564,8.893,64.218728,0.95417,322.627767,5.023889,0.572035,1004618673.230769,1015230464,
dachs-final,,Q02,votable,4,1,611,10.11,60.52933,0.842731,310.209276,5.124941,0.507707,981429899.636364,989827072,
dachs-final,,Q02,votable,4,2,599,9.934,60.432311,0.843748,307.84972,5.094125,0.513939,980098327.272727,989814784,
dachs-final,,Q02,votable,4,3,610,10.099,60.4954,0.927172,312.809013,5.17079,0.512802,981446997.333333,992157696,
dachs-final,,Q02,votable,8,1,571,9.442,60.851725,0.922766,317.015899,5.209645,0.555194,990681088.0,1004302336,
dachs-final,,Q02,votable,8,2,572,9.443,60.821156,0.923303,317.131577,5.214166,0.554426,992089429.333333,1001910272,
dachs-final,,Q02,votable,8,3,564,9.321,60.637744,0.926178,312.500858,5.15357,0.55408,995607552.0,1010065408,
dachs-final,,Q03,votable,1,1,697,11.61,60.036675,0.932974,71.604356,1.192677,0.102732,985488042.666667,989962240,
dachs-final,,Q03,votable,1,2,688,11.455,60.061732,0.932843,74.20693,1.235511,0.107859,986276864.0,991047680,
dachs-final,,Q03,votable,1,3,687,11.431,60.098615,0.931985,74.209895,1.234802,0.10802,985786709.333333,991383552,
dachs-final,,Q03,votable,32,1,704,11.278,63.271582,0.886761,131.166239,2.073067,0.186316,1002267306.666667,1008979968,
dachs-final,,Q03,votable,32,2,703,11.259,63.920063,0.958269,135.272412,2.116275,0.192422,1005670715.076923,1011646464,
dachs-final,,Q03,votable,32,3,696,11.105,63.475662,0.88384,139.013378,2.190026,0.199732,1003373226.666667,1010126848,
dachs-final,,Q03,votable,4,1,733,12.171,60.295016,0.929631,116.567631,1.933288,0.159028,993367040.0,997892096,
dachs-final,,Q03,votable,4,2,732,12.183,60.1274,0.931798,114.094949,1.897553,0.155867,992873130.666667,994877440,
dachs-final,,Q03,votable,4,3,730,12.122,60.27561,0.929773,119.050593,1.975104,0.163083,993531221.333333,1000456192,
dachs-final,,Q03,votable,8,1,714,11.824,60.75716,0.923007,128.396648,2.113276,0.179827,999506944.0,1007087616,
dachs-final,,Q03,votable,8,2,719,11.9,60.619845,0.925472,129.867046,2.142319,0.180622,1000053418.666667,1008807936,
dachs-final,,Q03,votable,8,3,707,11.69,60.644109,0.92495,132.396414,2.18317,0.187265,1000724480.0,1007591424,
dachs-final,,Q04,votable,1,1,735,12.241,60.045576,0.932783,58.945517,0.98168,0.080198,992423253.333333,993263616,
dachs-final,,Q04,votable,1,2,734,12.215,60.089307,0.93237,59.030836,0.982385,0.080423,991076010.666667,992366592,
dachs-final,,Q04,votable,1,3,728,12.13,60.014322,0.933185,58.883695,0.981161,0.080884,990910464.0,991870976,
dachs-final,,Q04,votable,32,1,704,11.458,63.119537,0.888948,117.12308,1.855576,0.166368,1007134720.0,1012830208,
dachs-final,,Q04,votable,32,2,706,11.314,62.428322,0.898811,114.93087,1.841005,0.162792,1009147562.666667,1013903360,
dachs-final,,Q04,votable,32,3,704,11.345,63.21925,0.968238,116.98188,1.850415,0.166167,1007806621.538462,1014464512,
dachs-final,,Q04,votable,4,1,756,12.586,60.133962,0.931801,97.707418,1.624829,0.129243,997302613.333333,1001385984,
dachs-final,,Q04,votable,4,2,741,12.328,60.164848,0.930996,97.150942,1.614746,0.131108,997553152.0,1000607744,
dachs-final,,Q04,votable,4,3,741,12.32,60.152778,0.931164,97.198022,1.615853,0.131171,999250944.0,1002651648,
dachs-final,,Q04,votable,8,1,721,11.926,60.589475,0.92578,111.474206,1.839828,0.154611,1005477888.0,1010692096,
dachs-final,,Q04,votable,8,2,718,11.859,60.578187,0.841689,110.83784,1.829666,0.15437,1005496506.181818,1010798592,
dachs-final,,Q04,votable,8,3,716,11.826,60.806539,0.922853,110.951742,1.824668,0.154961,1005607253.333333,1008439296,
dachs-final,,Q05,votable,1,1,110,1.831,60.084109,0.847639,62.849356,1.046023,0.571358,1021839173.818182,1025953792,
dachs-final,,Q05,votable,1,2,111,1.832,60.599149,0.92451,63.35224,1.045431,0.570741,1021421226.666667,1026170880,
dachs-final,,Q05,votable,1,3,111,1.839,60.350113,0.927986,63.093754,1.045462,0.568412,1019386538.666667,1026494464,
dachs-final,,Q05,votable,32,1,508,7.937,65.474397,0.935725,419.905274,6.413274,0.826585,1144997415.384615,1191395328,
dachs-final,,Q05,votable,32,2,511,8.052,65.824235,0.93092,427.128263,6.488921,0.835867,1134709208.615385,1241632768,
dachs-final,,Q05,votable,32,3,506,7.914,65.634545,0.933699,417.3145,6.358153,0.824732,1132232704.0,1188069376,
dachs-final,,Q05,votable,4,1,360,5.957,60.430056,0.927392,237.405938,3.928607,0.659461,1075809280.0,1106653184,
dachs-final,,Q05,votable,4,2,366,6.029,61.103209,0.917286,241.659418,3.954938,0.660272,1089020586.666667,1112408064,
dachs-final,,Q05,votable,4,3,360,5.939,60.703644,0.922967,237.365918,3.910242,0.65935,1084351146.666667,1112715264,
dachs-final,,Q05,votable,8,1,481,7.941,60.963751,0.921064,372.636847,6.112433,0.774713,1152609621.333333,1203785728,
dachs-final,,Q05,votable,8,2,479,7.883,61.233399,0.916464,371.750674,6.071044,0.776097,1125305344.0,1191075840,
dachs-final,,Q05,votable,8,3,475,7.797,61.431307,0.913668,368.947002,6.005847,0.776731,1133621589.333333,1190625280,
dachs-final,,Q06,votable,1,1,110,1.824,60.300867,0.929133,62.989871,1.044593,0.572635,1018414762.666667,1026072576,
dachs-final,,Q06,votable,1,2,111,1.847,60.106546,0.932295,62.852551,1.045686,0.566239,1017727658.666667,1025941504,
dachs-final,,Q06,votable,1,3,111,1.838,60.402945,0.927213,63.14801,1.045446,0.568901,1023365120.0,1026813952,
dachs-final,,Q06,votable,32,1,499,7.794,65.406433,0.858621,408.819825,6.250453,0.819278,1145724928.0,1227956224,
dachs-final,,Q06,votable,32,2,501,7.867,65.053866,0.863059,408.577317,6.2806,0.815524,1156502869.333333,1252827136,
dachs-final,,Q06,votable,32,3,504,7.925,65.568103,0.934514,412.676122,6.293855,0.818802,1141203259.076923,1200128000,
dachs-final,,Q06,votable,4,1,365,6.017,60.887614,0.920599,239.638449,3.93575,0.656544,1090340864.0,1109737472,
dachs-final,,Q06,votable,4,2,364,5.991,60.916445,0.836481,238.643434,3.917554,0.655614,1076575138.909091,1109659648,
dachs-final,,Q06,votable,4,3,358,5.915,61.136072,0.916541,237.00598,3.876696,0.662028,1087455573.333333,1113927680,
dachs-final,,Q06,votable,8,1,468,7.726,61.19781,0.917151,363.888698,5.946107,0.77754,1132920149.333333,1192259584,
dachs-final,,Q06,votable,8,2,466,7.695,61.117147,0.918452,359.160197,5.876586,0.77073,1114165589.333333,1181532160,
dachs-final,,Q06,votable,8,3,470,7.749,61.30566,0.915623,365.08891,5.955224,0.776785,1119007061.333333,1193734144,
dachs-final,,Q07,votable,1,1,103,1.707,60.335407,0.928363,62.883353,1.04223,0.610518,1024664234.666667,1028448256,
dachs-final,,Q07,votable,1,2,103,1.712,60.161945,0.93106,62.746316,1.042957,0.609188,1019397802.666667,1028268032,
dachs-final,,Q07,votable,1,3,103,1.703,60.467022,0.925985,63.079931,1.043212,0.612427,1022709077.333333,1028239360,
dachs-final,,Q07,votable,32,1,481,7.661,65.012465,0.863696,415.628495,6.393058,0.864093,1143816533.333333,1197924352,
dachs-final,,Q07,votable,32,2,480,7.609,65.461012,0.857993,417.811967,6.382608,0.870442,1148313600.0,1223516160,
dachs-final,,Q07,votable,32,3,480,7.577,64.924299,0.864876,413.690529,6.371891,0.861855,1141137408.0,1187287040,
dachs-final,,Q07,votable,4,1,340,5.633,60.706484,0.923617,240.198516,3.956719,0.706466,1080619008.0,1114259456,
dachs-final,,Q07,votable,4,2,321,5.296,61.008455,0.918636,227.583267,3.730356,0.708982,1088172032.0,1117372416,
dachs-final,,Q07,votable,4,3,340,5.626,60.624942,0.840411,235.751208,3.888683,0.693386,1094116817.454545,1115103232,
dachs-final,,Q07,votable,8,1,454,7.502,61.204467,0.916985,371.659652,6.072427,0.818634,1136558080.0,1213313024,
dachs-final,,Q07,votable,8,2,454,7.462,61.4859,0.912968,372.724141,6.061945,0.820978,1125066069.333333,1222688768,
dachs-final,,Q07,votable,8,3,455,7.512,61.146278,0.91796,370.121931,6.053057,0.813455,1131040426.666667,1188450304,
dachs-final,,Q10,votable,1,1,638,10.626,60.042434,0.933014,59.182949,0.985685,0.092763,1012071424.0,1014321152,
dachs-final,,Q10,votable,1,2,641,10.669,60.08022,0.847612,59.205004,0.985433,0.092364,1011653911.272727,1013047296,
dachs-final,,Q10,votable,1,3,638,10.627,60.034125,0.848254,59.035697,0.983369,0.092532,1012551680.0,1013837824,
dachs-final,,Q10,votable,32,1,652,10.424,63.507935,0.963756,117.167628,1.844929,0.179705,1035314412.307692,1041543168,
dachs-final,,Q10,votable,32,2,641,10.264,63.208088,0.968604,116.642479,1.845373,0.18197,1036872467.692308,1041268736,
dachs-final,,Q10,votable,32,3,643,10.272,62.604666,0.896455,115.787732,1.849506,0.180074,1038016512.0,1041842176,
dachs-final,,Q10,votable,4,1,664,11.024,60.269286,0.929664,95.149157,1.578734,0.143297,1019210069.333333,1021571072,
dachs-final,,Q10,votable,4,2,669,11.079,60.391136,0.843348,95.31445,1.578285,0.142473,1019323112.727273,1021882368,
dachs-final,,Q10,votable,4,3,668,11.099,60.22692,0.845497,95.456968,1.584955,0.1429,1020942522.181818,1022631936,
dachs-final,,Q10,votable,8,1,649,10.681,60.765492,0.92303,109.287822,1.798518,0.168394,1029279744.0,1032515584,
dachs-final,,Q10,votable,8,2,654,10.841,60.777051,0.923036,109.556454,1.802596,0.167518,1032641194.666667,1037029376,
dachs-final,,Q10,votable,8,3,655,10.836,60.599392,0.841508,109.540631,1.807619,0.167238,1032704000.0,1037549568,
dachs-final,,Q11,votable,1,1,236,3.925,60.132068,0.931859,60.494292,1.006024,0.256332,1080358912.0,1091923968,
dachs-final,,Q11,votable,1,2,236,3.928,60.084294,0.932243,60.484248,1.006657,0.256289,1080770560.0,1091981312,
dachs-final,,Q11,votable,1,3,236,3.919,60.219456,0.845523,60.658373,1.007289,0.257027,1080310690.909091,1092497408,
dachs-final,,Q11,votable,32,1,301,4.672,64.42827,0.870695,106.049728,1.646012,0.352325,1297424725.333333,1335472128,
dachs-final,,Q11,votable,32,2,312,4.739,70.648584,0.938546,116.428851,1.648,0.373169,1291483428.571429,1334915072,
dachs-final,,Q11,votable,32,3,292,4.665,62.609717,0.896552,103.732554,1.656812,0.355248,1319027712.0,1351684096,
dachs-final,,Q11,votable,4,1,270,4.471,60.393357,0.927677,85.873045,1.421896,0.318048,1143306581.333333,1169395712,
dachs-final,,Q11,votable,4,2,268,4.424,60.581886,0.9249,85.522233,1.41168,0.319113,1159008256.0,1175691264,
dachs-final,,Q11,votable,4,3,266,4.403,60.417327,0.927235,86.052869,1.424308,0.323507,1158109866.666667,1182138368,
dachs-final,,Q11,votable,8,1,273,4.453,61.308932,0.914608,93.216529,1.52044,0.341452,1216299690.666667,1240698880,
dachs-final,,Q11,votable,8,2,275,4.486,61.313356,0.914741,93.009112,1.516947,0.338215,1215706453.333333,1250656256,
dachs-final,,Q11,votable,8,3,268,4.437,60.394751,0.928659,91.939325,1.522307,0.343057,1226118826.666667,1247969280,
dachs-final,,Q12,votable,1,1,111,1.845,60.152298,0.931372,62.886373,1.045453,0.566544,1278483456.0,1283100672,
dachs-final,,Q12,votable,1,2,111,1.847,60.087253,0.932223,62.797424,1.045104,0.565743,1267589120.0,1276841984,
dachs-final,,Q12,votable,1,3,111,1.847,60.089249,0.931946,62.816627,1.045389,0.565916,1269897216.0,1275412480,
dachs-final,,Q12,votable,32,1,510,8.058,65.984636,0.928487,423.376255,6.416285,0.83015,1351116957.538461,1399767040,
dachs-final,,Q12,votable,32,2,512,8.039,65.613504,0.933672,424.865881,6.475281,0.829816,1344191566.769231,1432834048,
dachs-final,,Q12,votable,32,3,511,8.06,65.575354,0.934204,423.890441,6.464173,0.829531,1378045952.0,1448501248,
dachs-final,,Q12,votable,4,1,365,6.027,60.812884,0.921666,239.939331,3.945534,0.657368,1336256170.666667,1361625088,
dachs-final,,Q12,votable,4,2,364,6.0,61.177557,0.916329,241.52191,3.947884,0.663522,1333154133.333333,1358168064,
dachs-final,,Q12,votable,4,3,362,5.984,60.752543,0.83853,238.341472,3.923152,0.658402,1321417634.909091,1342844928,
dachs-final,,Q12,votable,8,1,479,7.871,61.312618,0.915437,372.561812,6.07643,0.777791,1362841941.333333,1412734976,
dachs-final,,Q12,votable,8,2,479,7.884,61.306351,0.915673,373.322193,6.089454,0.779378,1379188736.0,1435414528,
dachs-final,,Q12,votable,8,3,473,7.772,61.160679,0.917613,367.590194,6.010237,0.777146,1358719317.333333,1453305856,
dachs-final,,Q13,votable,1,1,170,2.816,60.370278,0.843541,69.807004,1.156314,0.410629,1224728948.363636,1228570624,
dachs-final,,Q13,votable,1,2,170,2.826,60.151386,0.931306,70.489529,1.171869,0.414644,1225023829.333333,1227411456,
dachs-final,,Q13,votable,1,3,179,2.98,60.058394,0.932432,73.432579,1.222686,0.410238,1225158997.333333,1228767232,
dachs-final,,Q13,votable,32,1,605,9.542,63.711512,0.881948,343.891622,5.397637,0.568416,1248520192.0,1258373120,
dachs-final,,Q13,votable,32,2,596,9.413,64.655423,0.947665,344.934399,5.334965,0.578749,1243989228.307692,1252528128,
dachs-final,,Q13,votable,32,3,604,9.583,64.193399,0.954845,344.115655,5.360608,0.569728,1248685134.769231,1264697344,
dachs-final,,Q13,votable,4,1,524,8.697,60.615497,0.924708,247.278971,4.079468,0.471906,1232281600.0,1237807104,
dachs-final,,Q13,votable,4,2,523,8.671,60.451772,0.927437,247.549502,4.094992,0.473326,1236842154.666667,1240715264,
dachs-final,,Q13,votable,4,3,526,8.718,60.441943,0.927474,246.703642,4.081663,0.469018,1237329237.333333,1247121408,
dachs-final,,Q13,votable,8,1,596,9.832,60.816019,0.839025,328.126385,5.395394,0.550548,1241174388.363636,1253015552,
dachs-final,,Q13,votable,8,2,606,10.003,61.012722,0.91983,329.432794,5.399411,0.543618,1238507520.0,1248501760,
dachs-final,,Q13,votable,8,3,595,9.844,60.853493,0.922614,323.52095,5.316391,0.543733,1241340245.333333,1251852288,
dachs-final,,mix,votable,1,1,188,3.132,60.020483,0.933542,69.220531,1.153282,0.368194,849568426.666667,868069376,
dachs-final,,mix,votable,1,2,191,3.173,60.188547,0.930831,71.324544,1.185019,0.373427,852455765.333333,868589568,
dachs-final,,mix,votable,1,3,199,3.304,60.227765,0.93043,68.060335,1.130049,0.342012,855845888.0,869154816,
dachs-final,,mix,votable,32,1,589,9.366,63.550693,0.883578,308.686994,4.857335,0.524087,962031957.333333,1007058944,
dachs-final,,mix,votable,32,2,581,9.169,64.111232,0.955252,319.165579,4.97831,0.549338,947352182.153846,1003507712,
dachs-final,,mix,votable,32,3,598,9.516,63.895943,0.958474,311.753821,4.879086,0.521327,946463980.307692,997543936,
dachs-final,,mix,votable,4,1,544,9.003,60.420876,0.928586,230.207495,3.810065,0.423176,913160192.0,956284928,
dachs-final,,mix,votable,4,2,536,8.846,61.068553,0.918019,241.76575,3.958924,0.451056,897193984.0,959897600,
dachs-final,,mix,votable,4,3,552,9.139,60.835108,0.921763,234.669628,3.85747,0.425126,916527445.333333,945508352,
dachs-final,,mix,votable,8,1,599,9.857,61.437332,0.913446,304.471265,4.955802,0.508299,934167893.333333,971161600,
dachs-final,,mix,votable,8,2,594,9.714,61.562984,0.911437,315.806915,5.129818,0.531661,942834688.0,998637568,
dachs-final,,mix,votable,8,3,594,9.77,61.14502,0.917784,287.283173,4.69839,0.483642,952003925.333333,1030668288,
egernia-final-w1,,Q01,csv,1,1,11394,189.893,60.002089,0.937968,52.330317,0.872142,0.004593,1176081066.666667,1187434496,1
egernia-final-w1,,Q01,csv,1,2,11366,189.419,60.004457,0.93475,52.216454,0.87021,0.004594,1165917866.666667,1166446592,1
egernia-final-w1,,Q01,csv,1,3,11307,188.447,60.00097,0.934487,52.395195,0.873239,0.004634,1162037248.0,1162444800,1
egernia-final-w1,,Q01,csv,32,1,11689,194.429,60.167739,0.935455,86.503773,1.43771,0.0074,1128617984.0,1129132032,1
egernia-final-w1,,Q01,csv,32,2,11686,194.379,60.133544,0.936465,86.535051,1.439048,0.007405,1126694912.0,1129291776,1
egernia-final-w1,,Q01,csv,32,3,11675,194.191,60.146252,0.851158,85.748137,1.425661,0.007345,1125838475.636364,1126797312,1
egernia-final-w1,,Q01,csv,4,1,13142,218.991,60.013925,0.934545,85.372267,1.422541,0.006496,1154433365.333333,1154727936,1
egernia-final-w1,,Q01,csv,4,2,13172,219.505,60.0173,0.935711,85.383686,1.422651,0.006482,1154825898.666667,1155239936,1
egernia-final-w1,,Q01,csv,4,3,13224,220.365,60.015571,0.935391,85.274399,1.420871,0.006448,1135856298.666667,1146232832,1
egernia-final-w1,,Q01,csv,8,1,12513,208.468,60.043606,0.93584,87.567066,1.458391,0.006998,1139103744.0,1139744768,1
egernia-final-w1,,Q01,csv,8,2,12597,209.856,60.044004,0.852575,88.044284,1.466329,0.006989,1141145972.363636,1153949696,1
egernia-final-w1,,Q01,csv,8,3,12610,210.097,60.036076,0.93767,87.918872,1.464434,0.006972,1130575872.0,1131220992,1
egernia-final-w1,,Q02,csv,1,1,7437,123.949,60.000581,0.936764,57.492639,0.958201,0.007731,1140078933.333333,1140572160,1
egernia-final-w1,,Q02,csv,1,2,7493,124.872,60.005363,0.933816,57.72677,0.962027,0.007704,1140527786.666667,1140862976,1
egernia-final-w1,,Q02,csv,1,3,7446,124.098,60.000789,0.933957,57.734281,0.962225,0.007754,1141090986.666667,1141477376,1
egernia-final-w1,,Q02,csv,32,1,10137,168.572,60.14302,0.934764,110.880599,1.843615,0.010938,1145778176.0,1146609664,1
egernia-final-w1,,Q02,csv,32,2,10142,168.651,60.161309,0.85021,111.008243,1.845177,0.010945,1146511732.363636,1147355136,1
egernia-final-w1,,Q02,csv,32,3,10152,168.784,60.171413,0.933793,110.61647,1.838356,0.010896,1146862592.0,1147494400,1
egernia-final-w1,,Q02,csv,4,1,11611,193.466,60.017082,0.934119,109.10761,1.817943,0.009397,1137767082.666667,1138302976,1
egernia-final-w1,,Q02,csv,4,2,11626,193.723,60.028696,0.93499,109.300975,1.820812,0.009401,1138509141.333333,1139109888,1
egernia-final-w1,,Q02,csv,4,3,11724,195.343,60.024237,0.935199,109.337154,1.82155,0.009326,1137120938.666667,1139662848,1
egernia-final-w1,,Q02,csv,8,1,11221,186.931,60.035182,0.850575,113.436311,1.889497,0.010109,1144439901.090909,1155497984,1
egernia-final-w1,,Q02,csv,8,2,11214,186.839,60.040931,0.936875,113.785404,1.895131,0.010147,1143535274.666667,1144328192,1
egernia-final-w1,,Q02,csv,8,3,11199,186.573,60.051268,0.936915,114.067378,1.8995,0.010185,1145183914.666667,1156243456,1
egernia-final-w1,,Q03,csv,1,1,8227,137.108,60.0039,0.851169,56.819377,0.946928,0.006906,1152341829.818182,1152638976,1
egernia-final-w1,,Q03,csv,1,2,8263,137.71,60.002866,0.933903,56.840435,0.947295,0.006879,1151994538.666667,1153974272,1
egernia-final-w1,,Q03,csv,1,3,8245,137.399,60.007261,0.849565,56.867179,0.947672,0.006897,1152281879.272727,1152495616,1
egernia-final-w1,,Q03,csv,32,1,10534,175.247,60.169348,0.93532,103.38827,1.718288,0.009815,1152432469.333333,1153015808,1
egernia-final-w1,,Q03,csv,32,2,10545,175.405,60.153335,0.936368,103.685095,1.72368,0.009833,1153114453.333333,1153814528,1
egernia-final-w1,,Q03,csv,32,3,10546,175.352,60.163193,0.935343,103.193551,1.715227,0.009785,1152660821.333333,1153290240,1
egernia-final-w1,,Q03,csv,4,1,12284,204.679,60.019811,0.934523,103.317303,1.721387,0.008411,1148262400.0,1148723200,1
egernia-final-w1,,Q03,csv,4,2,12261,204.311,60.011444,0.851081,103.724582,1.728413,0.00846,1151178565.818182,1151598592,1
egernia-final-w1,,Q03,csv,4,3,12230,203.794,60.01739,0.936097,103.31761,1.721461,0.008448,1151708160.0,1152585728,1
egernia-final-w1,,Q03,csv,8,1,11621,193.58,60.045367,0.9361,106.388125,1.771796,0.009155,1154435413.333333,1155231744,1
egernia-final-w1,,Q03,csv,8,2,11601,193.248,60.03435,0.85326,105.584105,1.758728,0.009101,1154736128.0,1155358720,1
egernia-final-w1,,Q03,csv,8,3,11567,192.699,60.034893,0.937227,106.38132,1.771992,0.009197,1153747626.666667,1161338880,1
egernia-final-w1,,Q04,csv,1,1,5420,90.316,60.011303,0.937271,60.538089,1.008778,0.011169,1151742293.333333,1152524288,1
egernia-final-w1,,Q04,csv,1,2,5399,89.977,60.003894,0.933905,60.308938,1.005084,0.01117,1152201045.333333,1152442368,1
egernia-final-w1,,Q04,csv,1,3,5373,89.54,60.006354,0.933944,60.488153,1.008029,0.011258,1153468757.333333,1161641984,1
egernia-final-w1,,Q04,csv,32,1,9051,150.52,60.148531,0.936309,133.740077,2.223497,0.014776,1158325589.333333,1158905856,1
egernia-final-w1,,Q04,csv,32,2,9218,153.136,60.277047,0.933089,134.579867,2.232688,0.0146,1158940672.0,1159622656,1
egernia-final-w1,,Q04,csv,32,3,9221,153.338,60.212623,0.850394,135.207759,2.245505,0.014663,1159364980.363636,1159835648,1
egernia-final-w1,,Q04,csv,4,1,10309,171.793,60.019144,0.934258,131.523571,2.19136,0.012758,1149782698.666667,1150521344,1
egernia-final-w1,,Q04,csv,4,2,10299,171.598,60.029934,0.850102,131.523924,2.190972,0.012771,1150288989.090909,1151049728,1
egernia-final-w1,,Q04,csv,4,3,10301,171.645,60.021316,0.85064,131.232509,2.186432,0.01274,1150824820.363636,1151586304,1
egernia-final-w1,,Q04,csv,8,1,10322,171.962,60.04552,0.935432,140.139432,2.333887,0.013577,1155392170.666667,1156243456,1
egernia-final-w1,,Q04,csv,8,2,10292,171.45,60.029798,0.852719,140.233204,2.33606,0.013625,1157878132.363636,1169440768,1
egernia-final-w1,,Q04,csv,8,3,9942,165.604,60.049336,0.93835,139.135225,2.317015,0.013995,1156495018.666667,1157623808,1
egernia-final-w1,,Q05,csv,1,1,9501,158.335,60.005772,0.936833,53.208487,0.886723,0.0056,1164660053.333333,1165271040,1
egernia-final-w1,,Q05,csv,1,2,9475,157.908,60.003207,0.934646,53.58298,0.893002,0.005655,1166548650.666667,1178128384,1
egernia-final-w1,,Q05,csv,1,3,9796,163.267,59.999967,0.934685,53.123568,0.885393,0.005423,1164821845.333333,1165590528,1
egernia-final-w1,,Q05,csv,32,1,11141,185.354,60.113987,0.850041,93.060363,1.548065,0.008353,1167732363.636364,1168363520,1
egernia-final-w1,,Q05,csv,32,2,11147,185.389,60.146673,0.934854,93.10575,1.547978,0.008353,1167577429.333333,1167863808,1
egernia-final-w1,,Q05,csv,32,3,11097,184.539,60.182302,0.934193,92.994627,1.545216,0.00838,1167466154.666667,1180110848,1
egernia-final-w1,,Q05,csv,4,1,12721,211.985,60.015134,0.934409,92.255395,1.537202,0.007252,1162975573.333333,1170051072,1
egernia-final-w1,,Q05,csv,4,2,12707,211.762,60.020573,0.935353,91.868399,1.530615,0.00723,1161579520.0,1161981952,1
egernia-final-w1,,Q05,csv,4,3,12783,213.035,60.009781,0.850476,91.934547,1.531993,0.007192,1162873390.545455,1173856256,1
egernia-final-w1,,Q05,csv,8,1,12177,202.895,60.055591,0.850073,95.046524,1.582642,0.007805,1165681384.727273,1166299136,1
egernia-final-w1,,Q05,csv,8,2,12176,202.849,60.035925,0.937348,95.093082,1.583936,0.00781,1166102869.333333,1166598144,1
egernia-final-w1,,Q05,csv,8,3,12194,203.168,60.032154,0.937214,94.828871,1.579635,0.007777,1165771434.666667,1166467072,1
egernia-final-w1,,Q06,csv,1,1,8257,137.608,60.003704,0.851379,59.372586,0.989482,0.007191,1167472826.181818,1167843328,1
egernia-final-w1,,Q06,csv,1,2,8247,137.434,60.006945,0.849653,59.334723,0.988798,0.007195,1168541882.181818,1171034112,1
egernia-final-w1,,Q06,csv,1,3,8377,139.615,60.000509,0.849054,59.703333,0.995047,0.007127,1168789876.363636,1178873856,1
egernia-final-w1,,Q06,csv,32,1,9606,159.707,60.163719,0.849342,98.162187,1.631584,0.010219,1172732090.181818,1173553152,1
egernia-final-w1,,Q06,csv,32,2,9601,159.627,60.192482,0.934102,98.188292,1.631238,0.010227,1173328896.0,1173622784,1
egernia-final-w1,,Q06,csv,32,3,9619,159.909,60.187222,0.933375,98.296078,1.633172,0.010219,1174574080.0,1183363072,1
egernia-final-w1,,Q06,csv,4,1,10851,180.826,60.016543,0.934393,98.294604,1.637792,0.009059,1166819669.333333,1168601088,1
egernia-final-w1,,Q06,csv,4,2,10915,181.864,60.021405,0.935052,98.318625,1.638059,0.009008,1164865536.0,1165578240,1
egernia-final-w1,,Q06,csv,4,3,10925,182.06,60.014693,0.935074,97.814485,1.629842,0.008953,1165193557.333333,1165873152,1
egernia-final-w1,,Q06,csv,8,1,10455,174.148,60.04215,0.935415,100.104302,1.667234,0.009575,1170145621.333333,1171091456,1
egernia-final-w1,,Q06,csv,8,2,10461,174.285,60.043157,0.851654,100.599776,1.675458,0.009617,1171512971.636364,1180536832,1
egernia-final-w1,,Q06,csv,8,3,10462,174.233,60.046831,0.935913,100.418441,1.672335,0.009598,1171206144.0,1172344832,1
egernia-final-w1,,Q07,csv,1,1,8996,149.922,60.004271,0.936495,55.286676,0.921379,0.006146,1175247189.333333,1175609344,1
egernia-final-w1,,Q07,csv,1,2,9086,151.422,60.004487,0.849665,55.14027,0.918936,0.006069,1175620887.272727,1177776128,1
egernia-final-w1,,Q07,csv,1,3,8983,149.714,60.000967,0.849126,55.316295,0.921923,0.006158,1176232680.727273,1176645632,1
egernia-final-w1,,Q07,csv,32,1,10709,178.174,60.113856,0.935532,97.348488,1.619402,0.00909,1181646165.333333,1188696064,1
egernia-final-w1,,Q07,csv,32,2,10692,177.771,60.181141,0.934372,97.697352,1.623388,0.009137,1181176149.333333,1181786112,1
egernia-final-w1,,Q07,csv,32,3,10720,178.295,60.140473,0.935245,97.581285,1.622556,0.009103,1181159765.333333,1181630464,1
egernia-final-w1,,Q07,csv,4,1,12399,206.596,60.023431,0.84935,97.174673,1.618946,0.007837,1176606161.454545,1176903680,1
egernia-final-w1,,Q07,csv,4,2,12398,206.608,60.026033,0.935392,97.046588,1.616742,0.007828,1173299882.666667,1176535040,1
egernia-final-w1,,Q07,csv,4,3,12428,207.081,60.023972,0.935581,97.280459,1.620693,0.007828,1173959338.666667,1181822976,1
egernia-final-w1,,Q07,csv,8,1,11775,196.187,60.030221,0.935721,99.968785,1.665308,0.00849,1178324992.0,1178857472,1
egernia-final-w1,,Q07,csv,8,2,11796,196.512,60.050819,0.936659,100.105821,1.667018,0.008486,1179290965.333333,1182904320,1
egernia-final-w1,,Q07,csv,8,3,11793,196.448,60.049368,0.850958,100.223666,1.669021,0.008499,1179518045.090909,1185038336,1
egernia-final-w1,,Q10,csv,1,1,4574,76.23,60.002466,0.936016,70.692016,1.178152,0.015455,1185477632.0,1185996800,1
egernia-final-w1,,Q10,csv,1,2,4526,75.418,60.012076,0.933851,71.272736,1.18764,0.015747,1185930240.0,1196277760,1
egernia-final-w1,,Q10,csv,1,3,4529,75.474,60.007489,0.93383,71.162417,1.185892,0.015713,1186871978.666667,1197666304,1
egernia-final-w1,,Q10,csv,32,1,6424,106.687,60.295371,0.933479,120.109116,1.992012,0.018697,1187433472.0,1188208640,1
egernia-final-w1,,Q10,csv,32,2,6435,106.827,60.305121,0.932934,120.602961,1.999879,0.018742,1186954922.666667,1188032512,1
egernia-final-w1,,Q10,csv,32,3,6410,106.435,60.301076,0.933923,120.577691,1.999594,0.018811,1186797909.333333,1188052992,1
egernia-final-w1,,Q10,csv,4,1,6924,115.376,60.018142,0.934161,123.504077,2.057779,0.017837,1186590378.666667,1187745792,1
egernia-final-w1,,Q10,csv,4,2,6912,115.172,60.048615,0.935364,123.500666,2.056678,0.017868,1183337472.0,1185132544,1
egernia-final-w1,,Q10,csv,4,3,6903,115.029,60.021557,0.935837,123.074471,2.050504,0.017829,1183679488.0,1184460800,1
egernia-final-w1,,Q10,csv,8,1,6809,113.35,60.093927,0.934554,123.568002,2.056248,0.018148,1187830101.333333,1195651072,1
egernia-final-w1,,Q10,csv,8,2,6770,112.694,60.105912,0.935592,123.919376,2.061684,0.018304,1186912256.0,1188438016,1
egernia-final-w1,,Q10,csv,8,3,6766,112.714,60.054461,0.936529,123.652072,2.058999,0.018276,1187209216.0,1198858240,1
egernia-final-w1,,Q11,csv,1,1,728,12.127,60.030076,0.936741,68.926394,1.148198,0.094679,1186951168.0,1188319232,1
egernia-final-w1,,Q11,csv,1,2,896,14.929,60.019092,0.9334,82.766452,1.379002,0.092373,1187658069.333333,1198239744,1
egernia-final-w1,,Q11,csv,1,3,874,14.558,60.036376,0.93326,80.543111,1.341572,0.092155,1187255296.0,1188884480,1
egernia-final-w1,,Q11,csv,32,1,1351,22.289,60.623455,0.92759,137.208167,2.263285,0.10156,1266533034.666667,1278230528,1
egernia-final-w1,,Q11,csv,32,2,1339,22.051,60.724597,0.926246,136.176457,2.242525,0.1017,1262413824.0,1281482752,1
egernia-final-w1,,Q11,csv,32,3,1327,21.876,60.671952,0.926626,134.585512,2.218249,0.101421,1272552448.0,1284251648,1
egernia-final-w1,,Q11,csv,4,1,1172,19.524,60.032458,0.933716,120.988244,2.01538,0.103232,1198728192.0,1201672192,1
egernia-final-w1,,Q11,csv,4,2,1181,19.643,60.138831,0.933044,121.946905,2.027756,0.103257,1197420202.666667,1209507840,1
egernia-final-w1,,Q11,csv,4,3,1132,18.822,60.14639,0.932992,117.510078,1.953735,0.103807,1197031765.333333,1200271360,1
egernia-final-w1,,Q11,csv,8,1,1293,21.492,60.413171,0.92935,134.842572,2.232006,0.104287,1211372544.0,1216745472,1
egernia-final-w1,,Q11,csv,8,2,1281,21.258,60.414703,0.845428,133.227142,2.205211,0.104002,1215233675.636364,1218801664,1
egernia-final-w1,,Q11,csv,8,3,1291,21.484,60.180366,0.934524,133.634994,2.220575,0.103513,1214175573.333333,1219743744,1
egernia-final-w1,,Q12,csv,1,1,10150,169.153,60.004922,0.936736,53.104269,0.884999,0.005232,1206240938.666667,1206697984,1
egernia-final-w1,,Q12,csv,1,2,10030,167.164,60.00071,0.933925,53.350652,0.889167,0.005319,1205635413.333333,1206050816,1
egernia-final-w1,,Q12,csv,1,3,10063,167.717,59.999969,0.849363,52.692255,0.878205,0.005236,1206246306.909091,1206693888,1
egernia-final-w1,,Q12,csv,32,1,11312,188.138,60.125905,0.93461,92.435785,1.53737,0.008171,1210653696.0,1222270976,1
egernia-final-w1,,Q12,csv,32,2,11290,187.833,60.136381,0.935525,92.275944,1.534445,0.008173,1208223402.666667,1208872960,1
egernia-final-w1,,Q12,csv,32,3,11266,187.396,60.133727,0.934836,91.91499,1.52851,0.008159,1208761002.666667,1209171968,1
egernia-final-w1,,Q12,csv,4,1,12956,215.893,60.025617,0.850006,91.067058,1.517137,0.007029,1207816564.363636,1218228224,1
egernia-final-w1,,Q12,csv,4,2,12951,215.813,60.017629,0.935616,91.569226,1.525705,0.00707,1202807125.333333,1203429376,1
egernia-final-w1,,Q12,csv,4,3,12936,215.57,60.013295,0.935627,90.973205,1.515884,0.007033,1203323904.0,1203998720,1
egernia-final-w1,,Q12,csv,8,1,12398,206.526,60.037997,0.935649,93.912979,1.564226,0.007575,1207713792.0,1208598528,1
egernia-final-w1,,Q12,csv,8,2,12389,206.387,60.03499,0.937103,94.127717,1.567881,0.007598,1208314197.333333,1209090048,1
egernia-final-w1,,Q12,csv,8,3,12327,205.347,60.046231,0.851312,94.599207,1.57544,0.007674,1208745239.272727,1209331712,1
egernia-final-w1,,Q13,csv,1,1,455,7.568,60.117604,0.934556,168.622043,2.80487,0.370598,1222797653.333333,1225666560,1
egernia-final-w1,,Q13,csv,1,2,457,7.611,60.044936,0.933363,168.089422,2.799394,0.367811,1222548138.666667,1223909376,1
egernia-final-w1,,Q13,csv,1,3,460,7.657,60.07554,0.932767,168.603745,2.806529,0.36653,1222115669.333333,1224228864,1
egernia-final-w1,,Q13,csv,32,1,1092,17.763,61.780219,0.913039,492.690447,7.97489,0.451182,1257722538.666667,1271697408,1
egernia-final-w1,,Q13,csv,32,2,1095,17.801,61.917652,0.910739,493.542325,7.970947,0.450724,1259826858.666667,1273651200,1
egernia-final-w1,,Q13,csv,32,3,1105,17.865,62.255001,0.9062,496.90685,7.981798,0.449689,1257589418.666667,1273470976,1
egernia-final-w1,,Q13,csv,4,1,1031,17.129,60.314651,0.846442,463.986327,7.692763,0.450035,1237876736.0,1242693632,1
egernia-final-w1,,Q13,csv,4,2,1035,17.228,60.188071,0.934016,463.589329,7.702346,0.447912,1232543061.333333,1235812352,1
egernia-final-w1,,Q13,csv,4,3,1032,17.158,60.150481,0.934407,461.421041,7.671111,0.447113,1233017173.333333,1247010816,1
egernia-final-w1,,Q13,csv,8,1,1081,17.931,60.38383,0.84873,481.472528,7.973534,0.445395,1259575854.545455,1263583232,1
egernia-final-w1,,Q13,csv,8,2,1074,17.857,60.495846,0.932492,482.25946,7.971778,0.449031,1259493034.666667,1265065984,1
egernia-final-w1,,Q13,csv,8,3,1082,17.951,60.49476,0.932474,482.226111,7.97137,0.44568,1259446272.0,1265192960,1
egernia-final-w1,,mix,csv,1,1,7782,129.696,60.001705,0.93664,58.030925,0.967155,0.007457,1159041024.0,1168048128,1
egernia-final-w1,,mix,csv,1,2,7769,129.459,60.011286,0.934117,58.027975,0.966951,0.007469,1177023488.0,1180274688,1
egernia-final-w1,,mix,csv,1,3,7793,129.875,60.003738,0.849677,57.690204,0.961443,0.007403,1174648273.454545,1180143616,1
egernia-final-w1,,mix,csv,32,1,10073,167.506,60.164109,0.934483,105.185317,1.748307,0.010442,1174143658.666667,1178521600,1
egernia-final-w1,,mix,csv,32,2,10113,168.131,60.180018,0.935193,105.342139,1.75045,0.010417,1167929685.333333,1173598208,1
egernia-final-w1,,mix,csv,32,3,10083,167.604,60.171106,0.849932,105.718936,1.756972,0.010485,1176335080.727273,1177030656,1
egernia-final-w1,,mix,csv,4,1,11496,191.591,60.016852,0.849167,104.784857,1.745924,0.009115,1168982016.0,1169723392,1
egernia-final-w1,,mix,csv,4,2,11523,192.001,60.021741,0.935634,105.441616,1.756724,0.009151,1169752746.666667,1170194432,1
egernia-final-w1,,mix,csv,4,3,11478,191.266,60.022211,0.934943,105.675906,1.760613,0.009207,1159864661.333333,1168838656,1
egernia-final-w1,,mix,csv,8,1,11028,183.701,60.061194,0.93555,108.135966,1.80043,0.009806,1176498517.333333,1176891392,1
egernia-final-w1,,mix,csv,8,2,11014,183.451,60.038609,0.851559,108.11675,1.800787,0.009816,1177287214.545455,1178304512,1
egernia-final-w1,,mix,csv,8,3,11000,183.2,60.060674,0.935937,108.265661,1.802605,0.009842,1171605845.333333,1172189184,1
egernia-final-w1,,Q01,votable,1,1,11312,188.529,60.001416,0.935969,52.585957,0.876412,0.004649,1011352234.666667,1011752960,1
egernia-final-w1,,Q01,votable,1,2,11234,187.226,60.00218,0.934532,52.507481,0.875093,0.004674,1005302784.0,1008197632,1
egernia-final-w1,,Q01,votable,1,3,11142,185.693,60.002234,0.934181,52.45551,0.874226,0.004708,971461973.333333,972021760,1
egernia-final-w1,,Q01,votable,32,1,11519,191.612,60.123114,0.850984,86.960628,1.446376,0.007549,965264104.727273,965824512,1
egernia-final-w1,,Q01,votable,32,2,11576,192.577,60.157744,0.934979,86.974397,1.445772,0.007513,965769216.0,966569984,1
egernia-final-w1,,Q01,votable,32,3,11556,192.167,60.154732,0.936058,86.183196,1.432692,0.007458,966374058.666667,966909952,1
egernia-final-w1,,Q01,votable,4,1,13164,219.349,60.02863,0.934758,85.96355,1.432043,0.00653,972267520.0,973361152,1
egernia-final-w1,,Q01,votable,4,2,13091,218.147,60.022805,0.93538,86.241232,1.436808,0.006588,969446058.666667,982073344,1
egernia-final-w1,,Q01,votable,4,3,13008,216.777,60.018397,0.935293,86.058982,1.433877,0.006616,969028266.666667,969584640,1
egernia-final-w1,,Q01,votable,8,1,12484,207.96,60.04988,0.935198,88.724117,1.477507,0.007107,971745280.0,972021760,1
egernia-final-w1,,Q01,votable,8,2,12468,207.73,60.043455,0.937972,88.628064,1.476065,0.007108,972190378.666667,972668928,1
egernia-final-w1,,Q01,votable,8,3,12470,207.736,60.032802,0.938407,88.624088,1.476261,0.007107,963370666.666667,963866624,1
egernia-final-w1,,Q02,votable,1,1,7047,117.447,60.001337,0.936967,58.264454,0.971053,0.008268,981480789.333333,992727040,1
egernia-final-w1,,Q02,votable,1,2,7086,118.093,60.003241,0.933947,58.356852,0.972562,0.008236,981087914.666667,981745664,1
egernia-final-w1,,Q02,votable,1,3,7120,118.656,60.005089,0.848998,58.614831,0.976831,0.008232,981475700.363636,981909504,1
egernia-final-w1,,Q02,votable,32,1,9967,165.701,60.167823,0.934403,113.614897,1.8883,0.011399,986454016.0,987033600,1
egernia-final-w1,,Q02,votable,32,2,10000,166.244,60.191931,0.93501,113.8384,1.891257,0.011384,986677248.0,987525120,1
egernia-final-w1,,Q02,votable,32,3,9951,165.497,60.209846,0.933645,113.421556,1.883771,0.011398,987239082.666667,987906048,1
egernia-final-w1,,Q02,votable,4,1,11397,189.915,60.022879,0.849945,112.800878,1.879298,0.009897,984112034.909091,996204544,1
egernia-final-w1,,Q02,votable,4,2,11368,189.442,60.010654,0.850484,112.512011,1.874867,0.009897,979229975.272727,987869184,1
egernia-final-w1,,Q02,votable,4,3,11425,190.374,60.031513,0.935025,112.586534,1.875457,0.009854,978574336.0,979107840,1
egernia-final-w1,,Q02,votable,8,1,10980,182.888,60.036903,0.935494,117.127815,1.95093,0.010667,983296000.0,984256512,1
egernia-final-w1,,Q02,votable,8,2,10961,182.586,60.050297,0.936503,117.10154,1.950058,0.010683,983662933.333333,984776704,1
egernia-final-w1,,Q02,votable,8,3,10949,182.403,60.037938,0.936787,116.925398,1.947525,0.010679,984329557.333333,985251840,1
egernia-final-w1,,Q03,votable,1,1,7917,131.947,60.001197,0.936594,57.233017,0.953865,0.007229,992923306.666667,993468416,1
egernia-final-w1,,Q03,votable,1,2,7896,131.593,60.003014,0.934621,57.327441,0.955409,0.00726,993964373.333333,995872768,1
egernia-final-w1,,Q03,votable,1,3,7876,131.263,60.00157,0.934373,57.181205,0.952995,0.00726,993914880.0,994398208,1
egernia-final-w1,,Q03,votable,32,1,10364,172.4,60.164536,0.849868,105.774657,1.75809,0.010206,993470650.181818,993812480,1
egernia-final-w1,,Q03,votable,32,2,10351,172.113,60.155418,0.936255,105.558774,1.754768,0.010198,994115242.666667,994443264,1
egernia-final-w1,,Q03,votable,32,3,10357,172.205,60.179992,0.935247,105.218032,1.748389,0.010159,994731349.333333,995409920,1
egernia-final-w1,,Q03,votable,4,1,11963,199.348,60.016094,0.934869,105.740868,1.761875,0.008839,994609834.666667,995491840,1
egernia-final-w1,,Q03,votable,4,2,12072,201.162,60.013677,0.935673,105.906909,1.764713,0.008773,991199573.333333,995655680,1
egernia-final-w1,,Q03,votable,4,3,12034,200.526,60.016411,0.935127,105.661152,1.760538,0.00878,990149973.333333,990986240,1
egernia-final-w1,,Q03,votable,8,1,11384,189.312,60.138298,0.934009,108.665061,1.806919,0.009545,995741696.0,1007763456,1
egernia-final-w1,,Q03,votable,8,2,11372,189.432,60.049268,0.937358,108.183628,1.801581,0.009513,992789845.333333,993411072,1
egernia-final-w1,,Q03,votable,8,3,11349,189.097,60.0286,0.937803,108.22489,1.802889,0.009536,992337578.666667,993046528,1
egernia-final-w1,,Q04,votable,1,1,5076,84.595,60.00342,0.851886,61.160648,1.019286,0.012049,992673047.272727,993038336,1
egernia-final-w1,,Q04,votable,1,2,5049,84.146,60.002672,0.934246,61.11101,1.018471,0.012104,993244160.0,993722368,1
egernia-final-w1,,Q04,votable,1,3,5094,84.89,60.006785,0.93373,60.850157,1.014055,0.011945,990874282.666667,1000763392,1
egernia-final-w1,,Q04,votable,32,1,8945,148.694,60.203506,0.934564,136.137411,2.261287,0.015219,1001355264.0,1013157888,1
egernia-final-w1,,Q04,votable,32,2,8954,148.827,60.197774,0.935612,136.317626,2.264496,0.015224,999959210.666667,1001246720,1
egernia-final-w1,,Q04,votable,32,3,8965,149.011,60.18868,0.93525,136.536788,2.26848,0.01523,1002405205.333333,1013972992,1
egernia-final-w1,,Q04,votable,4,1,9618,160.248,60.038738,0.933765,132.831949,2.212437,0.013811,990495061.333333,991080448,1
egernia-final-w1,,Q04,votable,4,2,9757,162.581,60.020218,0.935221,133.44217,2.223287,0.013677,989807616.0,992030720,1
egernia-final-w1,,Q04,votable,4,3,9907,165.079,60.038697,0.93467,134.86617,2.246321,0.013613,988016298.666667,989233152,1
egernia-final-w1,,Q04,votable,8,1,9709,161.733,60.049091,0.850091,141.53562,2.356999,0.014578,996182946.909091,996929536,1
egernia-final-w1,,Q04,votable,8,2,9710,161.742,60.071305,0.937343,141.55674,2.356479,0.014578,997915648.0,1007579136,1
egernia-final-w1,,Q04,votable,8,3,9657,160.836,60.045567,0.937188,140.583268,2.341276,0.014558,997252437.333333,998039552,1
egernia-final-w1,,Q05,votable,1,1,9477,157.937,60.004777,0.936055,53.357468,0.88922,0.00563,1006357162.666667,1011994624,1
egernia-final-w1,,Q05,votable,1,2,9511,158.501,60.005979,0.933981,53.838899,0.897226,0.005661,1006174208.0,1006493696,1
egernia-final-w1,,Q05,votable,1,3,9586,159.751,60.005633,0.933758,53.170431,0.886091,0.005547,1001222826.666667,1001537536,1
egernia-final-w1,,Q05,votable,32,1,10898,181.312,60.12051,0.935293,93.904401,1.561936,0.008617,1011787093.333333,1023414272,1
egernia-final-w1,,Q05,votable,32,2,10936,181.871,60.161805,0.935924,93.458182,1.553447,0.008546,1012542805.333333,1024995328,1
egernia-final-w1,,Q05,votable,32,3,10917,181.55,60.162154,0.934792,94.166364,1.565209,0.008626,1010273280.0,1011191808,1
egernia-final-w1,,Q05,votable,4,1,12579,209.587,60.020725,0.933967,92.687943,1.544266,0.007368,1002266965.333333,1005580288,1
egernia-final-w1,,Q05,votable,4,2,12723,212.023,60.013466,0.935399,93.107331,1.551441,0.007318,1003069781.333333,1010790400,1
egernia-final-w1,,Q05,votable,4,3,12606,210.053,60.014602,0.934562,92.919774,1.548286,0.007371,998993920.0,999583744,1
egernia-final-w1,,Q05,votable,8,1,12062,200.964,60.034003,0.935421,96.129121,1.601245,0.00797,1008569344.0,1019658240,1
egernia-final-w1,,Q05,votable,8,2,11987,199.686,60.047865,0.93681,96.099206,1.600377,0.008017,1008120832.0,1008730112,1
egernia-final-w1,,Q05,votable,8,3,12012,200.126,60.041142,0.936427,96.059971,1.599902,0.007997,1009622357.333333,1020944384,1
egernia-final-w1,,Q06,votable,1,1,7742,129.032,60.000588,0.936512,60.728655,1.012134,0.007844,1011557034.666667,1022562304,1
egernia-final-w1,,Q06,votable,1,2,7661,127.667,60.007587,0.934093,60.550379,1.009045,0.007904,1010751488.0,1011306496,1
egernia-final-w1,,Q06,votable,1,3,7657,127.616,59.999998,0.933661,60.543009,1.00905,0.007907,1004931754.666667,1005461504,1
egernia-final-w1,,Q06,votable,32,1,9322,154.983,60.169039,0.934528,101.941938,1.694259,0.010936,1014854656.0,1015382016,1
egernia-final-w1,,Q06,votable,32,2,9328,155.111,60.163611,0.934598,102.287545,1.700156,0.010966,1015495680.0,1016320000,1
egernia-final-w1,,Q06,votable,32,3,9290,154.453,60.154258,0.934688,102.339703,1.701288,0.011016,1016015189.333333,1016406016,1
egernia-final-w1,,Q06,votable,4,1,10549,175.775,60.023663,0.934614,102.383586,1.70572,0.009706,1005793621.333333,1006354432,1
egernia-final-w1,,Q06,votable,4,2,10565,176.045,60.024596,0.849983,102.509188,1.707786,0.009703,1006212933.818182,1007149056,1
egernia-final-w1,,Q06,votable,4,3,10566,176.053,60.016866,0.850374,103.380906,1.722531,0.009784,1002611805.090909,1003003904,1
egernia-final-w1,,Q06,votable,8,1,10071,167.744,60.043401,0.935044,104.752054,1.744606,0.010401,1011629056.0,1013227520,1
egernia-final-w1,,Q06,votable,8,2,10105,168.35,60.039112,0.93656,104.84804,1.746329,0.010376,1013273258.666667,1024069632,1
egernia-final-w1,,Q06,votable,8,3,10035,167.14,60.046556,0.851276,104.293796,1.736882,0.010393,1012453003.636364,1013465088,1
egernia-final-w1,,Q07,votable,1,1,8661,144.335,60.006084,0.936725,55.592672,0.926451,0.006419,1018173440.0,1024380928,1
egernia-final-w1,,Q07,votable,1,2,8638,143.963,60.001493,0.934144,55.695317,0.928232,0.006448,1017785002.666667,1018376192,1
egernia-final-w1,,Q07,votable,1,3,8630,143.831,60.000826,0.933634,55.746323,0.929093,0.00646,1014238890.666667,1017901056,1
egernia-final-w1,,Q07,votable,32,1,10529,174.803,60.245561,0.933395,99.500607,1.651584,0.00945,1022353066.666667,1022992384,1
egernia-final-w1,,Q07,votable,32,2,10560,175.593,60.158428,0.934608,99.491771,1.653829,0.009422,1022653440.0,1023037440,1
egernia-final-w1,,Q07,votable,32,3,10512,174.795,60.160887,0.935043,99.041105,1.646271,0.009422,1022966442.666667,1023541248,1
egernia-final-w1,,Q07,votable,4,1,12154,202.496,60.020908,0.934204,99.318375,1.65473,0.008172,1014203733.333333,1014890496,1
egernia-final-w1,,Q07,votable,4,2,12136,202.241,60.019337,0.935739,99.137454,1.651759,0.008169,1015360170.666667,1021255680,1
egernia-final-w1,,Q07,votable,4,3,12129,202.107,60.031673,0.85033,99.055586,1.650055,0.008167,1011108398.545455,1011900416,1
egernia-final-w1,,Q07,votable,8,1,11560,192.575,60.049208,0.936009,101.69587,1.693542,0.008797,1019895125.333333,1020305408,1
egernia-final-w1,,Q07,votable,8,2,11535,192.167,60.041654,0.936689,102.045717,1.699582,0.008847,1020496213.333333,1021255680,1
egernia-final-w1,,Q07,votable,8,3,11550,192.418,60.043921,0.851711,101.379214,1.688418,0.008777,1020784267.636364,1021939712,1
egernia-final-w1,,Q10,votable,1,1,3786,63.1,60.000203,0.93552,70.419129,1.173648,0.0186,1028344832.0,1039880192,1
egernia-final-w1,,Q10,votable,1,2,3819,63.635,60.014506,0.933588,70.914255,1.181619,0.018569,1027872085.333333,1028259840,1
egernia-final-w1,,Q10,votable,1,3,3891,64.842,60.007204,0.933647,71.136336,1.185463,0.018282,1027376469.333333,1030414336,1
egernia-final-w1,,Q10,votable,32,1,5972,99.238,60.270954,0.933542,128.947396,2.139462,0.021592,1043276800.0,1045729280,1
egernia-final-w1,,Q10,votable,32,2,5993,99.523,60.36078,0.932649,129.76508,2.149824,0.021653,1047054677.333333,1048391680,1
egernia-final-w1,,Q10,votable,32,3,5955,98.89,60.307937,0.933714,128.81878,2.136017,0.021632,1047330474.666667,1048391680,1
egernia-final-w1,,Q10,votable,4,1,6313,105.164,60.035538,0.933964,132.530987,2.207542,0.020993,1030109184.0,1041649664,1
egernia-final-w1,,Q10,votable,4,2,6360,105.96,60.02388,0.935712,132.970872,2.215299,0.020907,1030045696.0,1030889472,1
egernia-final-w1,,Q10,votable,4,3,6396,106.556,60.029324,0.9348,133.478891,2.223561,0.020869,1025402880.0,1026580480,1
egernia-final-w1,,Q10,votable,8,1,6248,104.055,60.053664,0.935372,132.555649,2.207287,0.021216,1035202901.333333,1036861440,1
egernia-final-w1,,Q10,votable,8,2,6269,104.401,60.071369,0.937282,133.168465,2.216838,0.021242,1038357504.0,1039917056,1
egernia-final-w1,,Q10,votable,8,3,6264,104.336,60.057742,0.937181,132.960424,2.213876,0.021226,1038563669.333333,1039433728,1
egernia-final-w1,,Q11,votable,1,1,691,11.506,60.053787,0.935624,81.66318,1.359834,0.118181,1050282325.333333,1058435072,1
egernia-final-w1,,Q11,votable,1,2,687,11.446,60.022378,0.933599,80.194833,1.336082,0.116732,1050168320.0,1051303936,1
egernia-final-w1,,Q11,votable,1,3,689,11.471,60.062634,0.84812,82.71497,1.377145,0.120051,1048825483.636364,1051119616,1
egernia-final-w1,,Q11,votable,32,1,1183,19.336,61.327598,0.916631,154.237146,2.514971,0.130378,1189439488.0,1209581568,1
egernia-final-w1,,Q11,votable,32,2,1186,19.504,61.257536,0.917935,154.996558,2.530245,0.130688,1201803946.666667,1214705664,1
egernia-final-w1,,Q11,votable,32,3,1178,19.376,60.803013,0.923986,153.785282,2.529238,0.130548,1205444608.0,1216065536,1
egernia-final-w1,,Q11,votable,4,1,1034,17.226,60.024623,0.93418,139.121452,2.31774,0.134547,1060032512.0,1065836544,1
egernia-final-w1,,Q11,votable,4,2,1066,17.741,60.173157,0.932642,142.513329,2.368387,0.13369,1063490901.333333,1068814336,1
egernia-final-w1,,Q11,votable,4,3,1043,17.357,60.095961,0.933811,139.562618,2.322329,0.133809,1064973994.666667,1068130304,1
egernia-final-w1,,Q11,votable,8,1,1112,18.467,60.221029,0.932953,148.466282,2.465356,0.133513,1095518549.333333,1099558912,1
egernia-final-w1,,Q11,votable,8,2,1113,18.484,60.380217,0.930946,149.018293,2.467999,0.133889,1090854912.0,1103966208,1
egernia-final-w1,,Q11,votable,8,3,1123,18.693,60.179785,0.848875,149.638028,2.486516,0.133248,1099061061.818182,1107755008,1
egernia-final-w1,,Q12,votable,1,1,9759,162.647,60.00088,0.936973,53.308726,0.888466,0.005463,1120916138.666667,1122840576,1
egernia-final-w1,,Q12,votable,1,2,9670,161.156,60.003997,0.934148,53.449888,0.890772,0.005527,1120716117.333333,1121136640,1
egernia-final-w1,,Q12,votable,1,3,9725,162.081,60.000894,0.934266,53.53724,0.892274,0.005505,1120935936.0,1129013248,1
egernia-final-w1,,Q12,votable,32,1,11090,184.438,60.136988,0.934961,93.080457,1.547807,0.008393,1120694272.0,1124630528,1
egernia-final-w1,,Q12,votable,32,2,11054,183.868,60.171664,0.934708,93.017347,1.545866,0.008415,1120751616.0,1121140736,1
egernia-final-w1,,Q12,votable,32,3,11061,183.906,60.18051,0.934379,93.131175,1.547531,0.00842,1121276245.333333,1131491328,1
egernia-final-w1,,Q12,votable,4,1,12708,211.752,60.013406,0.934679,92.244395,1.537063,0.007259,1116292437.333333,1117192192,1
egernia-final-w1,,Q12,votable,4,2,12764,212.707,60.017739,0.934702,92.072123,1.534082,0.007213,1115632981.333333,1116528640,1
egernia-final-w1,,Q12,votable,4,3,12684,211.358,60.021814,0.849963,91.965366,1.532199,0.007251,1112596852.363636,1122934784,1
egernia-final-w1,,Q12,votable,8,1,12139,202.237,60.038984,0.935704,95.209321,1.585792,0.007843,1119491072.0,1120260096,1
egernia-final-w1,,Q12,votable,8,2,12127,202.035,60.040311,0.936509,94.871926,1.580137,0.007823,1121466026.666667,1133383680,1
egernia-final-w1,,Q12,votable,8,3,12121,201.955,60.037811,0.935877,94.895604,1.580597,0.007829,1120329386.666667,1120968704,1
egernia-final-w1,,Q13,votable,1,1,451,7.503,60.109553,0.934558,168.153263,2.797447,0.372845,1134477653.333333,1136574464,1
egernia-final-w1,,Q13,votable,1,2,456,7.584,60.128939,0.932318,168.503704,2.802373,0.369526,1135626922.666667,1137704960,1
egernia-final-w1,,Q13,votable,1,3,459,7.641,60.071153,0.933062,167.910231,2.795189,0.365817,1136662186.666667,1137897472,1
egernia-final-w1,,Q13,votable,32,1,1088,17.719,61.993421,0.909799,494.368191,7.974527,0.454383,1172784469.333333,1187819520,1
egernia-final-w1,,Q13,votable,32,2,1091,17.685,61.895184,0.911504,493.525154,7.973563,0.45236,1170902357.333333,1173983232,1
egernia-final-w1,,Q13,votable,32,3,1096,17.888,62.073913,0.908991,494.691697,7.969398,0.451361,1170558293.333333,1186697216,1
egernia-final-w1,,Q13,votable,4,1,1018,16.925,60.31219,0.930803,462.137957,7.66243,0.453967,1149029034.666667,1152962560,1
egernia-final-w1,,Q13,votable,4,2,1020,16.957,60.155885,0.934465,463.056963,7.697617,0.453977,1149112661.333333,1152851968,1
egernia-final-w1,,Q13,votable,4,3,1021,16.981,60.226096,0.93355,462.235528,7.675004,0.452728,1143782741.333333,1148698624,1
egernia-final-w1,,Q13,votable,8,1,1067,17.7,60.514082,0.931084,482.519224,7.973668,0.45222,1173337088.0,1178677248,1
egernia-final-w1,,Q13,votable,8,2,1067,17.711,60.320521,0.851107,480.662981,7.968482,0.450481,1171724101.818182,1185726464,1
egernia-final-w1,,Q13,votable,8,3,1084,17.974,60.618818,0.931115,482.391596,7.957786,0.445011,1170928981.333333,1181782016,1
egernia-final-w1,,mix,votable,1,1,7395,123.245,60.002489,0.936082,58.659938,0.977625,0.007932,955116885.333333,955961344,1
egernia-final-w1,,mix,votable,1,2,7374,122.897,60.001579,0.933899,58.900997,0.981657,0.007988,961518933.333333,962162688,1
egernia-final-w1,,mix,votable,1,3,7353,122.548,60.000709,0.934171,58.785092,0.97974,0.007995,962389333.333333,962813952,1
egernia-final-w1,,mix,votable,32,1,9814,163.21,60.178512,0.933993,107.75564,1.7906,0.01098,1002782720.0,1015070720,1
egernia-final-w1,,mix,votable,32,2,9828,163.436,60.145412,0.850571,107.019886,1.779352,0.010889,1007521047.272727,1009291264,1
egernia-final-w1,,mix,votable,32,3,9821,163.3,60.164749,0.850239,108.097907,1.796698,0.011007,1012868561.454545,1022451712,1
egernia-final-w1,,mix,votable,4,1,11123,185.358,60.018837,0.935209,108.339241,1.805087,0.00974,963561130.666667,964440064,1
egernia-final-w1,,mix,votable,4,2,11153,185.855,60.016427,0.935768,108.361957,1.805538,0.009716,955555840.0,960798720,1
egernia-final-w1,,mix,votable,4,3,11164,185.996,60.030424,0.935452,107.943832,1.798152,0.009669,956524885.333333,958447616,1
egernia-final-w1,,mix,votable,8,1,10712,178.401,60.060242,0.849956,110.098534,1.833135,0.010278,967655796.363636,971202560,1
egernia-final-w1,,mix,votable,8,2,10678,177.878,60.043969,0.936037,110.409423,1.83881,0.01034,973836629.333333,985182208,1
egernia-final-w1,,mix,votable,8,3,10698,178.201,60.038433,0.85167,110.855562,1.84641,0.010362,975313454.545455,976322560,1
