target,tier,query_class,response_format,concurrency,repetition,requests,rps,window_seconds,coverage,cpu_seconds,cpu_cores,cpu_seconds_per_request,mem_mean_bytes,mem_peak_bytes,api_workers
argus-final,,Q01,csv,1,1,5230,87.157,60.006779,0.945133,39.10681,0.651707,0.007477,3708172288.0,3728392192,
argus-final,,Q01,csv,1,2,5185,86.408,60.005626,0.859339,37.218814,0.620255,0.007178,3759112936.727273,3790102528,
argus-final,,Q01,csv,1,3,5678,94.629,60.002598,0.943049,41.409686,0.690132,0.007293,3792495957.333333,3795988480,
argus-final,,Q01,csv,32,1,34732,578.572,60.030901,0.956703,348.597703,5.806971,0.010037,4543115605.333333,4566142976,
argus-final,,Q01,csv,32,2,34185,556.484,61.430248,0.853429,359.252505,5.848137,0.010509,4605874920.727273,4626219008,
argus-final,,Q01,csv,32,3,33850,563.824,60.037901,0.870093,344.859599,5.744032,0.010188,4729860840.727273,4751220736,
argus-final,,Q01,csv,4,1,14810,240.861,61.489083,0.92412,124.093421,2.018137,0.008379,3877898240.0,3929714688,
argus-final,,Q01,csv,4,2,13314,221.876,60.018653,0.945628,110.182641,1.835807,0.008276,3961761792.0,4025286656,
argus-final,,Q01,csv,4,3,16173,269.492,60.015202,0.945872,137.273952,2.28732,0.008488,4103512064.0,4118835200,
argus-final,,Q01,csv,8,1,21850,364.087,60.020218,0.865197,192.625152,3.209338,0.008816,4310374586.181818,4379959296,
argus-final,,Q01,csv,8,2,22530,375.417,60.039634,0.949138,203.341713,3.386791,0.009025,4380751530.666667,4455723008,
argus-final,,Q01,csv,8,3,25776,429.474,60.024565,0.95036,235.150885,3.917578,0.009123,4484909397.333333,4502487040,
argus-final,,Q02,csv,1,1,156,2.596,60.101671,0.85738,60.299429,1.00329,0.386535,4709076992.0,4709572608,
argus-final,,Q02,csv,1,2,156,2.596,60.085586,0.943124,60.063859,0.999638,0.385025,4709462698.666667,4709945344,
argus-final,,Q02,csv,1,3,154,2.553,60.316231,0.852192,60.245439,0.998826,0.391204,4711097437.090909,4711731200,
argus-final,,Q02,csv,32,1,992,16.072,62.293389,0.912348,493.060448,7.915133,0.497037,4674607104.0,4676694016,
argus-final,,Q02,csv,32,2,991,16.039,62.709162,0.906131,496.459742,7.916861,0.500968,4659399338.666667,4663078912,
argus-final,,Q02,csv,32,3,990,16.022,62.298277,0.913459,492.87435,7.911525,0.497853,4643756032.0,4666064896,
argus-final,,Q02,csv,4,1,560,9.311,60.342687,0.939136,238.90671,3.959166,0.426619,4730521600.0,4732903424,
argus-final,,Q02,csv,4,2,516,8.545,60.86431,0.928798,241.600618,3.969496,0.468218,4726210901.333333,4726849536,
argus-final,,Q02,csv,4,3,556,9.215,60.388238,0.936347,239.62587,3.968088,0.430982,4713131349.333333,4714278912,
argus-final,,Q02,csv,8,1,955,15.821,60.700258,0.933331,468.646159,7.720662,0.490729,4732148394.666667,4737548288,
argus-final,,Q02,csv,8,2,954,15.792,60.555432,0.933405,467.435667,7.719137,0.489974,4714568362.666667,4716191744,
argus-final,,Q02,csv,8,3,952,15.796,60.719626,0.931314,468.682646,7.7188,0.492314,4685671424.0,4687220736,
argus-final,,Q03,csv,1,1,2577,42.947,60.003691,0.944583,51.787014,0.863064,0.020096,4594046634.666667,4599713792,
argus-final,,Q03,csv,1,2,2467,41.095,60.032165,0.944451,52.259926,0.870532,0.021184,4480433834.666667,4482822144,
argus-final,,Q03,csv,1,3,2544,42.4,60.000393,0.942743,51.87934,0.86465,0.020393,4450390016.0,4452311040,
argus-final,,Q03,csv,32,1,15348,246.999,62.137851,0.918767,425.848941,6.853294,0.027746,4617327616.0,4638560256,
argus-final,,Q03,csv,32,2,15413,256.265,60.223952,0.865052,416.116469,6.909485,0.026998,4700134306.909091,4711346176,
argus-final,,Q03,csv,32,3,15021,249.6,60.27749,0.866146,402.29473,6.674046,0.026782,4784790807.272727,4829528064,
argus-final,,Q03,csv,4,1,8230,137.016,60.074288,0.946284,188.382275,3.135822,0.02289,4466911573.333333,4483743744,
argus-final,,Q03,csv,4,2,8324,138.689,60.066291,0.943613,189.669688,3.157673,0.022786,4464075093.333333,4471775232,
argus-final,,Q03,csv,4,3,8339,138.954,60.058722,0.943985,189.920474,3.162246,0.022775,4480981674.666667,4485431296,
argus-final,,Q03,csv,8,1,12725,211.971,60.114292,0.947214,315.547192,5.249121,0.024797,4531134122.666667,4540084224,
argus-final,,Q03,csv,8,2,12653,210.604,60.110516,0.944968,315.191952,5.243541,0.02491,4557557077.333333,4567236608,
argus-final,,Q03,csv,8,3,12527,208.627,60.10033,0.945014,314.466819,5.232364,0.025103,4583482368.0,4593401856,
argus-final,,Q04,csv,1,1,3395,56.565,60.019759,0.945196,49.636015,0.826995,0.01462,4778984106.666667,4783620096,
argus-final,,Q04,csv,1,2,3329,55.473,60.010829,0.859764,49.709809,0.828347,0.014932,4782904785.454545,4786327552,
argus-final,,Q04,csv,1,3,3176,52.933,60.000379,0.943694,49.954161,0.832564,0.015729,4791272106.666667,4796010496,
argus-final,,Q04,csv,32,1,18416,306.58,60.073733,0.950456,374.218244,6.229316,0.02032,4951818240.0,4965326848,
argus-final,,Q04,csv,32,2,14963,249.044,60.084232,0.952006,302.246038,5.030372,0.0202,5125520042.666667,5257949184,
argus-final,,Q04,csv,32,3,15708,261.473,60.078323,0.868845,328.92351,5.474912,0.02094,5215537338.181818,5279682560,
argus-final,,Q04,csv,4,1,9872,164.477,60.021678,0.947268,174.884638,2.913691,0.017715,4804577962.666667,4813062144,
argus-final,,Q04,csv,4,2,9807,163.433,60.026732,0.947354,173.915456,2.8973,0.017734,4814097408.0,4821684224,
argus-final,,Q04,csv,4,3,9855,164.2,60.031226,0.85946,173.943029,2.897542,0.01765,4826117957.818182,4833980416,
argus-final,,Q04,csv,8,1,14828,247.03,60.043326,0.948966,280.302255,4.668333,0.018904,4876821504.0,4886638592,
argus-final,,Q04,csv,8,2,14736,245.509,60.037313,0.861286,279.686257,4.658541,0.01898,4906202949.818182,4915748864,
argus-final,,Q04,csv,8,3,14788,246.359,60.040102,0.862013,280.007521,4.663675,0.018935,4917894795.636364,4927672320,
argus-final,,Q05,csv,1,1,147,2.437,60.328389,0.85336,60.354585,1.000434,0.410575,5251398190.545455,5251694592,
argus-final,,Q05,csv,1,2,147,2.44,60.238,0.940036,60.239946,1.000032,0.409796,5251792213.333333,5252157440,
argus-final,,Q05,csv,1,3,147,2.439,60.260771,0.852564,60.207107,0.999109,0.409572,5252001047.272727,5252198400,
argus-final,,Q05,csv,32,1,920,14.826,62.762033,0.904112,498.802136,7.947514,0.542176,5223860224.0,5237055488,
argus-final,,Q05,csv,32,2,904,14.559,62.307186,0.912433,494.961957,7.943898,0.547524,5217856853.333333,5224812544,
argus-final,,Q05,csv,32,3,919,14.776,63.088901,0.902578,501.383853,7.947259,0.545575,5190335146.666667,5193031680,
argus-final,,Q05,csv,4,1,525,8.692,60.516409,0.850747,240.325136,3.971239,0.457762,5271073140.363636,5272260608,
argus-final,,Q05,csv,4,2,528,8.778,60.271609,0.854195,239.175339,3.968292,0.452984,5259045794.909091,5261778944,
argus-final,,Q05,csv,4,3,533,8.829,60.405722,0.935222,239.365865,3.962636,0.449092,5256075605.333333,5257035776,
argus-final,,Q05,csv,8,1,885,14.637,60.582459,0.849807,470.131851,7.760198,0.531222,5261982254.545455,5267832832,
argus-final,,Q05,csv,8,2,881,14.585,60.738627,0.846283,470.951537,7.75374,0.534565,5245804544.0,5248704512,
argus-final,,Q05,csv,8,3,883,14.625,60.888159,0.928482,471.437924,7.742686,0.533905,5225318058.666667,5227212800,
argus-final,,Q06,csv,1,1,147,2.441,60.213352,0.940672,60.266791,1.000888,0.409978,5109121365.333333,5109510144,
argus-final,,Q06,csv,1,2,151,2.505,60.268279,0.939786,60.217952,0.999165,0.398794,5095592277.333333,5098766336,
argus-final,,Q06,csv,1,3,151,2.508,60.21131,0.853327,60.165179,0.999234,0.398445,5091965114.181818,5092347904,
argus-final,,Q06,csv,32,1,920,14.808,63.031505,0.900818,497.961332,7.900197,0.541262,5039588010.666667,5061877760,
argus-final,,Q06,csv,32,2,921,14.81,63.012137,0.984161,497.658379,7.897818,0.540346,5028612253.538462,5031395328,
argus-final,,Q06,csv,32,3,923,14.909,62.550234,0.909409,494.483802,7.905387,0.535735,4999762944.0,5001793536,
argus-final,,Q06,csv,4,1,592,9.809,60.438341,0.936969,240.152955,3.97352,0.405664,5096916650.666667,5099520000,
argus-final,,Q06,csv,4,2,546,9.079,60.465042,0.93682,221.24344,3.659031,0.405208,5086545920.0,5098483712,
argus-final,,Q06,csv,4,3,528,8.754,60.356253,0.93622,239.746446,3.972189,0.454065,5079987882.666667,5082390528,
argus-final,,Q06,csv,8,1,882,14.62,60.493666,0.936422,466.187005,7.706377,0.528557,5090658986.666667,5092249600,
argus-final,,Q06,csv,8,2,889,14.709,60.591865,0.932868,466.30204,7.695786,0.524524,5065938261.333333,5068271616,
argus-final,,Q06,csv,8,3,887,14.65,60.585297,0.933755,467.057039,7.709082,0.526558,5051910826.666667,5053566976,
argus-final,,Q07,csv,1,1,212,3.529,60.069244,0.942568,59.855702,0.996445,0.282338,4937761109.333333,4943224832,
argus-final,,Q07,csv,1,2,208,3.45,60.296701,0.853342,60.022401,0.995451,0.288569,4900990603.636364,4906782720,
argus-final,,Q07,csv,1,3,207,3.436,60.246284,0.937715,59.94979,0.995079,0.289613,4902128298.666667,4907282432,
argus-final,,Q07,csv,32,1,1313,21.321,62.030801,0.915656,490.18597,7.9023,0.373333,4864601429.333333,4891107328,
argus-final,,Q07,csv,32,2,1311,21.338,62.14547,0.914931,490.612548,7.894583,0.374228,4839477248.0,4848525312,
argus-final,,Q07,csv,32,3,1317,21.482,61.66579,0.923292,487.559205,7.906478,0.370204,4805467477.333333,4815544320,
argus-final,,Q07,csv,4,1,805,13.393,60.203859,0.940045,237.906798,3.951687,0.295536,4928070656.0,4931993600,
argus-final,,Q07,csv,4,2,812,13.469,60.450353,0.93627,238.443037,3.944444,0.293649,4926244864.0,4934094848,
argus-final,,Q07,csv,4,3,737,12.24,60.478778,0.934348,238.935342,3.95073,0.3242,4912892928.0,4918784000,
argus-final,,Q07,csv,8,1,1248,20.666,60.763261,0.931922,461.513264,7.595268,0.369802,4901945685.333333,4911493120,
argus-final,,Q07,csv,8,2,1250,20.699,60.724349,0.930907,463.126616,7.626704,0.370501,4887006549.333333,4894359552,
argus-final,,Q07,csv,8,3,1253,20.726,60.728926,0.931649,462.232208,7.611401,0.3689,4878189568.0,4890562560,
argus-final,,Q10,csv,1,1,2198,36.625,60.014284,0.859131,54.680125,0.911119,0.024877,4721167639.272727,4722761728,
argus-final,,Q10,csv,1,2,2142,35.692,60.014152,0.944482,55.316274,0.92172,0.025825,4690426880.0,4693671936,
argus-final,,Q10,csv,1,3,2170,36.155,60.018605,0.94245,54.934402,0.91529,0.025315,4674578773.333333,4676804608,
argus-final,,Q10,csv,32,1,10384,172.622,60.163768,0.862662,338.000585,5.618009,0.03255,5093489943.272727,5136404480,
argus-final,,Q10,csv,32,2,10907,181.328,60.195458,0.952975,357.979419,5.946951,0.032821,5148653909.333333,5156466688,
argus-final,,Q10,csv,32,3,10910,181.41,60.164548,0.954109,359.066971,5.968082,0.032912,5171370325.333333,5178327040,
argus-final,,Q10,csv,4,1,5863,97.681,60.0465,0.860375,170.039468,2.831796,0.029002,4736684776.727273,4757635072,
argus-final,,Q10,csv,4,2,5201,86.651,60.056198,0.94671,152.956992,2.546898,0.029409,4794283349.333333,4826599424,
argus-final,,Q10,csv,4,3,6581,109.626,60.033117,0.945497,190.661461,3.175938,0.028972,4849179648.0,4854202368,
argus-final,,Q10,csv,8,1,4731,78.791,60.152995,0.944187,140.357771,2.333346,0.029668,4882428928.0,4887724032,
argus-final,,Q10,csv,8,2,9339,155.612,60.033565,0.86138,304.620621,5.074172,0.032618,4899795316.363636,4906033152,
argus-final,,Q10,csv,8,3,9262,154.277,60.0473,0.861773,295.888323,4.927587,0.031946,4969158842.181818,4975980544,
argus-final,,Q11,csv,1,1,365,6.073,60.100866,0.942817,62.323442,1.036981,0.170749,5132134058.666667,5132591104,
argus-final,,Q11,csv,1,2,364,6.061,60.055917,0.858254,62.251041,1.036551,0.171019,5135939397.818182,5137059840,
argus-final,,Q11,csv,1,3,367,6.103,60.136865,0.855308,62.172621,1.033852,0.169408,5134028800.0,5134454784,
argus-final,,Q11,csv,32,1,1721,28.233,61.18056,0.934628,373.049003,6.097509,0.216763,5057253034.666667,5060304896,
argus-final,,Q11,csv,32,2,1726,28.322,61.329748,0.933837,375.113639,6.116341,0.217331,5043132074.666667,5045596160,
argus-final,,Q11,csv,32,3,1726,28.26,61.230219,0.852261,374.773512,6.120728,0.217134,5027572270.545455,5030309888,
argus-final,,Q11,csv,4,1,1157,19.233,60.230924,0.858743,226.600925,3.762202,0.195852,5135018914.909091,5136384000,
argus-final,,Q11,csv,4,2,1158,19.248,60.162144,0.945412,227.826982,3.786883,0.196742,5138903040.0,5140672512,
argus-final,,Q11,csv,4,3,1156,19.224,60.322238,0.941309,227.851297,3.777235,0.197103,5124182357.333333,5125296128,
argus-final,,Q11,csv,8,1,1654,27.481,60.344428,0.859252,352.489105,5.841287,0.213113,5110255988.363636,5112016896,
argus-final,,Q11,csv,8,2,1659,27.568,60.329778,0.855675,352.979762,5.850838,0.212767,5095075467.636364,5097320448,
argus-final,,Q11,csv,8,3,1663,27.608,60.389011,0.855606,353.566947,5.854823,0.212608,5065790929.454545,5095071744,
argus-final,,Q12,csv,1,1,148,2.464,60.076411,0.943515,59.981012,0.998412,0.405277,4974795093.333333,4975132672,
argus-final,,Q12,csv,1,2,147,2.445,60.117573,0.856923,60.076914,0.999324,0.408686,4955924666.181818,4956200960,
argus-final,,Q12,csv,1,3,149,2.477,60.157922,0.94078,60.10784,0.999167,0.403408,4956289024.0,4956442624,
argus-final,,Q12,csv,32,1,914,14.727,62.501191,0.90873,496.987983,7.951656,0.543751,4926845269.333333,4929228800,
argus-final,,Q12,csv,32,2,917,14.771,62.867824,0.904412,499.884411,7.951355,0.54513,4910811477.333333,4912271360,
argus-final,,Q12,csv,32,3,919,14.805,63.03731,0.903,501.602551,7.957233,0.545813,4913266688.0,4916846592,
argus-final,,Q12,csv,4,1,486,8.034,60.490881,0.936587,239.380984,3.957307,0.492553,4961811114.666667,4963532800,
argus-final,,Q12,csv,4,2,556,9.218,60.60582,0.934925,240.298374,3.964939,0.432191,4947849898.666667,4960301056,
argus-final,,Q12,csv,4,3,529,8.784,60.336812,0.937298,239.642338,3.971743,0.45301,4946196138.666667,4947943424,
argus-final,,Q12,csv,8,1,893,14.753,60.564373,0.935392,469.924827,7.759097,0.526232,4963960490.666667,4966440960,
argus-final,,Q12,csv,8,2,884,14.633,60.476866,0.936447,469.737295,7.767223,0.531377,4949380096.0,4950441984,
argus-final,,Q12,csv,8,3,893,14.789,60.703999,0.932943,471.021193,7.759311,0.527459,4942048938.666667,4955107328,
argus-final,,Q13,csv,1,1,169,2.811,60.12832,0.941886,60.054244,0.998768,0.355351,4870813354.666667,4871462912,
argus-final,,Q13,csv,1,2,170,2.828,60.10558,0.94214,59.931962,0.997111,0.352541,4867367594.666667,4867694592,
argus-final,,Q13,csv,1,3,170,2.823,60.223213,0.939709,60.024555,0.996701,0.353086,4850639530.666667,4851073024,
argus-final,,Q13,csv,32,1,1088,17.658,61.789308,0.919475,490.187439,7.933208,0.45054,4888964437.333333,4891447296,
argus-final,,Q13,csv,32,2,1111,17.997,61.992695,0.834437,492.253498,7.940508,0.443072,4891931368.727273,4893982720,
argus-final,,Q13,csv,32,3,1100,17.844,61.908683,0.921048,491.259614,7.93523,0.4466,4893886464.0,4897775616,
argus-final,,Q13,csv,4,1,618,10.255,60.449152,0.936745,238.875446,3.951676,0.38653,4869328213.333333,4870356992,
argus-final,,Q13,csv,4,2,656,10.858,60.505094,0.935877,239.434599,3.957263,0.364992,4871291904.0,4872990720,
argus-final,,Q13,csv,4,3,627,10.404,60.344269,0.851476,238.812451,3.9575,0.380881,4876311086.545455,4889292800,
argus-final,,Q13,csv,8,1,1054,17.473,60.372698,0.852832,465.729629,7.714242,0.441869,4870562536.727273,4871749632,
argus-final,,Q13,csv,8,2,1047,17.337,60.459824,0.935924,465.011864,7.691254,0.444137,4879573674.666667,4882219008,
argus-final,,Q13,csv,8,3,1048,17.331,60.722306,0.932293,468.244239,7.711239,0.446798,4878204586.666667,4880695296,
argus-final,,mix,csv,1,1,239,3.962,60.325894,0.941609,60.073298,0.995813,0.251353,3624304981.333333,3625881600,
argus-final,,mix,csv,1,2,247,4.094,60.339166,0.855737,60.05108,0.995226,0.243122,3622153122.909091,3623100416,
argus-final,,mix,csv,1,3,266,4.431,60.037033,0.944114,59.735685,0.994981,0.22457,3622440618.666667,3623948288,
argus-final,,mix,csv,32,1,1517,24.742,61.553407,0.923093,484.499316,7.871202,0.31938,3694979072.0,3698548736,
argus-final,,mix,csv,32,2,1484,24.152,61.548375,0.924703,484.992734,7.879863,0.326815,3697451349.333333,3702624256,
argus-final,,mix,csv,32,3,1536,25.079,61.642597,0.9231,484.917031,7.86659,0.315701,3721576106.666667,3728629760,
argus-final,,mix,csv,4,1,921,15.285,60.358081,0.940878,237.335985,3.932133,0.257694,3649970517.333333,3654488064,
argus-final,,mix,csv,4,2,836,13.876,60.526711,0.851325,238.913256,3.947237,0.285781,3651352017.454545,3653771264,
argus-final,,mix,csv,4,3,991,16.417,60.492911,0.937104,238.722407,3.946287,0.24089,3653560320.0,3661697024,
argus-final,,mix,csv,8,1,1442,23.866,60.747312,0.935183,458.501268,7.54768,0.317962,3677769045.333333,3682254848,
argus-final,,mix,csv,8,2,1417,23.461,60.796193,0.932573,460.14999,7.56873,0.324735,3679834453.333333,3683766272,
argus-final,,mix,csv,8,3,1470,24.331,60.639939,0.934523,458.243095,7.556787,0.31173,3679304704.0,3686162432,
argus-final,,Q01,votable,1,1,5836,97.251,60.009857,0.859725,41.370113,0.689389,0.007089,1270180398.545455,1277927424,
argus-final,,Q01,votable,1,2,5850,97.496,60.002322,0.859018,41.68688,0.694754,0.007126,1290207232.0,1297584128,
argus-final,,Q01,votable,1,3,5820,96.983,60.010526,0.944879,41.903456,0.698268,0.0072,1313522346.666667,1320861696,
argus-final,,Q01,votable,32,1,34020,566.559,60.047848,0.953368,342.100296,5.697128,0.010056,2194190677.333333,2245177344,
argus-final,,Q01,votable,32,2,33348,555.433,60.040712,0.9642,334.689744,5.57438,0.010036,2374686378.666667,2472153088,
argus-final,,Q01,votable,32,3,34646,577.013,60.044536,0.960694,347.48545,5.787129,0.01003,2547532458.666667,2590834688,
argus-final,,Q01,votable,4,1,15928,263.107,60.537964,0.854147,132.388087,2.186861,0.008312,1390462789.818182,1436258304,
argus-final,,Q01,votable,4,2,16524,275.35,60.029167,0.947709,135.324239,2.254308,0.00819,1542799018.666667,1586827264,
argus-final,,Q01,votable,4,3,16852,280.822,60.020354,0.861469,137.640263,2.293226,0.008168,1624403595.636364,1644163072,
argus-final,,Q01,votable,8,1,24644,410.615,60.038414,0.864298,221.15997,3.683641,0.008974,1733254423.272727,1797701632,
argus-final,,Q01,votable,8,2,25709,428.388,60.036956,0.950119,233.274901,3.885522,0.009074,1876867754.666667,1943425024,
argus-final,,Q01,votable,8,3,26559,442.5,60.023757,0.949244,240.521507,4.007105,0.009056,2004493312.0,2037710848,
argus-final,,Q02,votable,1,1,154,2.564,60.055038,0.944728,59.991363,0.99894,0.389554,2557078869.333333,2557759488,
argus-final,,Q02,votable,1,2,154,2.55,60.382268,0.852651,60.335695,0.999229,0.39179,2557504791.272727,2557870080,
argus-final,,Q02,votable,1,3,154,2.554,60.302765,0.939598,60.258475,0.999266,0.391289,2558201856.0,2558742528,
argus-final,,Q02,votable,32,1,991,16.011,62.834589,0.904632,496.88426,7.907814,0.501397,2571027797.333333,2573205504,
argus-final,,Q02,votable,32,2,992,16.046,62.397155,0.913217,493.068583,7.9021,0.497045,2576295594.666667,2579075072,
argus-final,,Q02,votable,32,3,991,16.052,62.831481,0.907237,496.583205,7.903414,0.501093,2562854570.666667,2564907008,
argus-final,,Q02,votable,4,1,608,10.086,60.635696,0.935219,240.560345,3.967306,0.395658,2574749013.333333,2577481728,
argus-final,,Q02,votable,4,2,536,8.878,60.70277,0.848499,240.214527,3.957225,0.448161,2580790178.909091,2582011904,
argus-final,,Q02,votable,4,3,567,9.379,60.482021,0.936255,239.666015,3.962599,0.422691,2571667456.0,2581200896,
argus-final,,Q02,votable,8,1,957,15.824,60.873357,0.930981,468.990183,7.704359,0.490063,2582633813.333333,2584887296,
argus-final,,Q02,votable,8,2,953,15.757,60.558913,0.935305,466.682562,7.706257,0.489698,2568872618.666667,2571890688,
argus-final,,Q02,votable,8,3,953,15.76,60.538872,0.934698,466.526503,7.706231,0.489535,2556698624.0,2558468096,
argus-final,,Q03,votable,1,1,2492,41.53,60.005163,0.860284,52.1874,0.869715,0.020942,2520565573.818182,2525351936,
argus-final,,Q03,votable,1,2,2423,40.339,60.065703,0.858493,51.882938,0.86377,0.021413,2495539013.818182,2499129344,
argus-final,,Q03,votable,1,3,2537,42.244,60.055626,0.944553,52.15805,0.868496,0.020559,2472183125.333333,2476945408,
argus-final,,Q03,votable,32,1,15091,250.854,60.21674,0.863678,408.062857,6.776568,0.02704,2904126184.727273,2948300800,
argus-final,,Q03,votable,32,2,14954,248.401,60.263639,0.8619,408.897198,6.785139,0.027344,3019659822.545455,3105894400,
argus-final,,Q03,votable,32,3,14906,248.02,60.24758,0.863408,409.286673,6.793413,0.027458,3142729728.0,3162947584,
argus-final,,Q03,votable,4,1,8122,135.178,60.083512,0.946386,189.401577,3.152305,0.02332,2495222784.0,2519187456,
argus-final,,Q03,votable,4,2,7753,129.106,60.124205,0.859367,181.06516,3.011519,0.023354,2503687819.636364,2532118528,
argus-final,,Q03,votable,4,3,8104,134.874,60.085849,0.859466,188.489429,3.137002,0.023259,2563062690.909091,2575036416,
argus-final,,Q03,votable,8,1,12385,206.18,60.113958,0.861256,313.672594,5.217966,0.025327,2647369914.181818,2670518272,
argus-final,,Q03,votable,8,2,12184,202.797,60.150629,0.860248,308.03451,5.121052,0.025282,2721858653.090909,2744651776,
argus-final,,Q03,votable,8,3,12120,201.725,60.096006,0.860581,307.611741,5.118672,0.025381,2795880075.636364,2820014080,
argus-final,,Q04,votable,1,1,3204,53.388,60.013295,0.945885,50.153171,0.835701,0.015653,3122236416.0,3129450496,
argus-final,,Q04,votable,1,2,3211,53.505,60.012954,0.944225,49.571692,0.826017,0.015438,3132328960.0,3140079616,
argus-final,,Q04,votable,1,3,3128,52.122,60.012669,0.858553,50.561547,0.842515,0.016164,3147448692.363636,3152338944,
argus-final,,Q04,votable,32,1,14648,243.766,60.099082,0.951589,315.269236,5.245825,0.021523,3526010538.666667,3595927552,
argus-final,,Q04,votable,32,2,17041,283.55,60.125782,0.956214,367.857477,6.118132,0.021587,3637787648.0,3662434304,
argus-final,,Q04,votable,32,3,16978,282.55,60.099343,0.866537,368.640663,6.133855,0.021713,3704625710.545455,3726737408,
argus-final,,Q04,votable,4,1,9360,155.933,60.025565,0.862613,175.811669,2.928947,0.018783,3190391901.090909,3203121152,
argus-final,,Q04,votable,4,2,8212,136.808,60.026612,0.8584,159.270774,2.653336,0.019395,3224183901.090909,3235483648,
argus-final,,Q04,votable,4,3,8710,145.115,60.028004,0.946476,163.67796,2.726693,0.018792,3261537280.0,3275853824,
argus-final,,Q04,votable,8,1,13564,225.951,60.055108,0.94562,272.62137,4.53952,0.020099,3312341333.333333,3331649536,
argus-final,,Q04,votable,8,2,13372,222.78,60.03498,0.946494,269.817762,4.494343,0.020178,3348120234.666667,3367682048,
argus-final,,Q04,votable,8,3,12837,213.846,60.053243,0.859115,257.537232,4.288482,0.020062,3410404817.454545,3434004480,
argus-final,,Q05,votable,1,1,147,2.435,60.364978,0.938102,60.427081,1.001029,0.411069,3684710741.333333,3685490688,
argus-final,,Q05,votable,1,2,146,2.43,60.083274,0.941302,60.145531,1.001036,0.411956,3685351082.666667,3685785600,
argus-final,,Q05,votable,1,3,147,2.438,60.290639,0.852998,60.230163,0.998997,0.409729,3685877201.454545,3686371328,
argus-final,,Q05,votable,32,1,920,14.842,62.507295,0.907597,496.733245,7.946804,0.539927,3668639402.666667,3670958080,
argus-final,,Q05,votable,32,2,917,14.781,62.58843,0.908099,496.593758,7.934274,0.541542,3671816874.666667,3674910720,
argus-final,,Q05,votable,32,3,914,14.736,62.805526,0.904933,498.820827,7.942308,0.545756,3658368341.333333,3660308480,
argus-final,,Q05,votable,4,1,566,9.403,60.417727,0.853032,239.506806,3.964181,0.423157,3689708450.909091,3690971136,
argus-final,,Q05,votable,4,2,556,9.222,60.393982,0.936487,239.266906,3.961767,0.430336,3692779178.666667,3695521792,
argus-final,,Q05,votable,4,3,508,8.417,60.468727,0.935414,239.95708,3.968284,0.472356,3694945621.333333,3696418816,
argus-final,,Q05,votable,8,1,896,14.82,60.512322,0.93493,469.104878,7.752221,0.523555,3703396693.333333,3706068992,
argus-final,,Q05,votable,8,2,883,14.612,60.803201,0.845781,470.889245,7.744481,0.533283,3688798766.545455,3691278336,
argus-final,,Q05,votable,8,3,881,14.594,60.581218,0.848524,469.528932,7.750404,0.53295,3686978653.090909,3688833024,
argus-final,,Q06,votable,1,1,146,2.431,60.061857,0.856525,60.096396,1.000575,0.411619,3579951662.545455,3581300736,
argus-final,,Q06,votable,1,2,149,2.481,60.05026,0.940203,60.034486,0.999737,0.402916,3561131690.666667,3561582592,
argus-final,,Q06,votable,1,3,147,2.445,60.126478,0.939114,60.141154,1.000244,0.409123,3562048853.333333,3562598400,
argus-final,,Q06,votable,32,1,914,14.723,62.442009,0.909176,492.057253,7.880228,0.538356,3560887296.0,3563192320,
argus-final,,Q06,votable,32,2,915,14.716,62.880827,0.903958,495.468281,7.879481,0.541495,3550254762.666667,3553280000,
argus-final,,Q06,votable,32,3,910,14.658,62.379642,0.912251,491.045018,7.871879,0.53961,3537005226.666667,3550425088,
argus-final,,Q06,votable,4,1,570,9.441,60.519603,0.849459,240.481593,3.973615,0.421898,3580067840.0,3582177280,
argus-final,,Q06,votable,4,2,529,8.764,60.428363,0.934418,240.015331,3.971899,0.453715,3584592896.0,3587334144,
argus-final,,Q06,votable,4,3,521,8.65,60.50064,0.93326,240.470852,3.974683,0.461556,3570742954.666667,3572641792,
argus-final,,Q06,votable,8,1,879,14.522,60.784726,0.928956,467.782319,7.695721,0.532176,3573471232.0,3575455744,
argus-final,,Q06,votable,8,2,880,14.543,60.892557,0.928343,466.886533,7.667383,0.530553,3567661738.666667,3570393088,
argus-final,,Q06,votable,8,3,883,14.589,60.595072,0.847997,465.865356,7.688172,0.527594,3571524328.727273,3574476800,
argus-final,,Q07,votable,1,1,211,3.516,60.018107,0.944277,59.818745,0.996678,0.283501,3473502208.0,3478736896,
argus-final,,Q07,votable,1,2,205,3.405,60.199454,0.939635,59.87262,0.994571,0.292062,3459681280.0,3473158144,
argus-final,,Q07,votable,1,3,205,3.41,60.113261,0.855071,59.825087,0.995206,0.29183,3440252741.818182,3445493760,
argus-final,,Q07,votable,32,1,1310,21.326,61.612629,0.921825,486.128436,7.890078,0.37109,3483579392.0,3493478400,
argus-final,,Q07,votable,32,2,1311,21.348,61.814598,0.919588,487.418778,7.885173,0.371792,3486345216.0,3498893312,
argus-final,,Q07,votable,32,3,1303,21.211,61.674962,0.923598,485.843158,7.877478,0.372865,3486245546.666667,3500355584,
argus-final,,Q07,votable,4,1,740,12.251,60.600444,0.934964,239.687669,3.955213,0.323902,3466891264.0,3476582400,
argus-final,,Q07,votable,4,2,734,12.181,60.478061,0.934977,239.374215,3.958034,0.326123,3466471765.333333,3473911808,
argus-final,,Q07,votable,4,3,744,12.335,60.41785,0.936317,238.993216,3.955672,0.321227,3455620437.333333,3461976064,
argus-final,,Q07,votable,8,1,1247,20.677,60.626426,0.933289,460.443914,7.594773,0.369241,3466545152.0,3476312064,
argus-final,,Q07,votable,8,2,1247,20.671,60.695435,0.932489,461.242841,7.5993,0.369882,3464765781.333333,3474898944,
argus-final,,Q07,votable,8,3,1251,20.748,60.644216,0.933432,459.634527,7.579198,0.367414,3474713258.666667,3484790784,
argus-final,,Q10,votable,1,1,1833,30.536,60.027257,0.945444,56.032775,0.933456,0.030569,3435626837.333333,3436802048,
argus-final,,Q10,votable,1,2,1934,32.223,60.019876,0.944325,55.998046,0.932992,0.028955,3440342357.333333,3443376128,
argus-final,,Q10,votable,1,3,1802,30.025,60.017182,0.943832,51.141214,0.85211,0.02838,3443367594.666667,3459731456,
argus-final,,Q10,votable,32,1,8217,136.579,60.193577,0.950721,318.517758,5.291557,0.038763,3822504277.333333,3840688128,
argus-final,,Q10,votable,32,2,9150,152.031,60.23665,0.952382,356.277463,5.914629,0.038937,3852027904.0,3859161088,
argus-final,,Q10,votable,32,3,9141,151.853,60.212691,0.954479,356.602301,5.922378,0.039011,3869932885.333333,3877101568,
argus-final,,Q10,votable,4,1,5311,88.472,60.051505,0.862083,179.048817,2.981588,0.033713,3496029835.636364,3521236992,
argus-final,,Q10,votable,4,2,5094,84.86,60.040657,0.946544,172.736851,2.876998,0.03391,3536444416.0,3572740096,
argus-final,,Q10,votable,4,3,5724,95.344,60.053845,0.947009,196.16513,3.266487,0.034271,3576087552.0,3580350464,
argus-final,,Q10,votable,8,1,7977,132.854,60.087713,0.947967,295.90328,4.924522,0.037095,3635780608.0,3656278016,
argus-final,,Q10,votable,8,2,7565,126.005,60.067897,0.948654,279.994475,4.6613,0.037012,3706037589.333333,3724419072,
argus-final,,Q10,votable,8,3,7367,122.694,60.074414,0.948572,272.35702,4.533661,0.03697,3809412437.333333,3840671744,
argus-final,,Q11,votable,1,1,292,4.861,60.073306,0.944645,62.132943,1.034285,0.212784,3829611520.0,3829968896,
argus-final,,Q11,votable,1,2,291,4.84,60.12527,0.857893,62.221132,1.034858,0.213818,3830073157.818182,3830497280,
argus-final,,Q11,votable,1,3,291,4.84,60.119833,0.856149,62.139907,1.033601,0.213539,3830628352.0,3831054336,
argus-final,,Q11,votable,32,1,1371,22.386,61.571549,0.926848,382.250692,6.208236,0.278812,3801992874.666667,3805188096,
argus-final,,Q11,votable,32,2,1372,22.45,61.876152,0.925051,384.517291,6.214305,0.28026,3787446272.0,3789721600,
argus-final,,Q11,votable,32,3,1372,22.369,61.760489,0.926728,383.862653,6.215344,0.279783,3772849493.333333,3775897600,
argus-final,,Q11,votable,4,1,922,15.297,60.350968,0.857948,228.233416,3.781769,0.247542,3850277236.363636,3852562432,
argus-final,,Q11,votable,4,2,920,15.289,60.206684,0.943945,227.955536,3.786216,0.247778,3850671786.666667,3853246464,
argus-final,,Q11,votable,4,3,927,15.405,60.26752,0.942959,228.181817,3.786149,0.246151,3837570389.333333,3839365120,
argus-final,,Q11,votable,8,1,1323,22.001,60.286571,0.860094,362.127374,6.006767,0.273717,3838732101.818182,3842654208,
argus-final,,Q11,votable,8,2,1323,21.94,60.44843,0.941981,362.58209,5.998205,0.274061,3841670826.666667,3844861952,
argus-final,,Q11,votable,8,3,1326,22.0,60.397553,0.857549,363.60938,6.020267,0.274215,3807013422.545455,3810459648,
argus-final,,Q12,votable,1,1,149,2.47,60.320312,0.939564,60.187472,0.997798,0.403943,3700474538.666667,3701493760,
argus-final,,Q12,votable,1,2,148,2.452,60.360305,0.938889,60.320238,0.999336,0.407569,3699807232.0,3701886976,
argus-final,,Q12,votable,1,3,149,2.476,60.181228,0.854553,60.044994,0.997736,0.402987,3682798498.909091,3683037184,
argus-final,,Q12,votable,32,1,922,14.893,62.83497,0.902657,499.640486,7.951631,0.541909,3704158549.333333,3706593280,
argus-final,,Q12,votable,32,2,919,14.843,62.739742,0.906534,498.014157,7.937778,0.541909,3673265834.666667,3675770880,
argus-final,,Q12,votable,32,3,919,14.804,62.43962,0.911041,496.002691,7.943717,0.53972,3674509312.0,3677220864,
argus-final,,Q12,votable,4,1,551,9.144,60.451363,0.852111,239.681411,3.964864,0.434993,3701705634.909091,3702976512,
argus-final,,Q12,votable,4,2,529,8.746,60.486084,0.849986,239.418059,3.958234,0.452586,3705869405.090909,3707310080,
argus-final,,Q12,votable,4,3,538,8.94,60.376096,0.936653,238.997979,3.958487,0.444234,3687112704.0,3689627648,
argus-final,,Q12,votable,8,1,887,14.666,60.723791,0.932561,470.77225,7.752682,0.530747,3692032341.333333,3695546368,
argus-final,,Q12,votable,8,2,887,14.675,60.606459,0.848377,470.968695,7.770932,0.530968,3693241437.090909,3694419968,
argus-final,,Q12,votable,8,3,887,14.661,60.950447,0.928888,473.834211,7.774089,0.534199,3694943573.333333,3698237440,
argus-final,,Q13,votable,1,1,170,2.823,60.2202,0.940576,60.197883,0.999629,0.354105,3628812288.0,3632734208,
argus-final,,Q13,votable,1,2,170,2.827,60.141123,0.941769,60.030183,0.998155,0.353119,3629593600.0,3630960640,
argus-final,,Q13,votable,1,3,173,2.872,60.244559,0.938448,60.080497,0.997277,0.347286,3612827648.0,3613544448,
argus-final,,Q13,votable,32,1,1088,17.703,62.305296,0.912032,493.875727,7.926705,0.45393,3666392064.0,3669491712,
argus-final,,Q13,votable,32,2,1089,17.709,62.018219,0.91855,491.390702,7.923328,0.451231,3669942613.333333,3673575424,
argus-final,,Q13,votable,32,3,1097,17.736,62.007003,0.919789,492.024485,7.934982,0.448518,3656233984.0,3658977280,
argus-final,,Q13,votable,4,1,658,10.904,60.342237,0.938776,238.571307,3.953637,0.36257,3633334272.0,3635380224,
argus-final,,Q13,votable,4,2,626,10.384,60.317887,0.937399,238.079976,3.947087,0.380319,3630214144.0,3631755264,
argus-final,,Q13,votable,4,3,618,10.248,60.441499,0.935724,239.017461,3.954526,0.38676,3636416853.333333,3638247424,
argus-final,,Q13,votable,8,1,1053,17.446,60.736745,0.932009,467.265763,7.693296,0.443747,3652987904.0,3654873088,
argus-final,,Q13,votable,8,2,1039,17.202,60.666384,0.932671,465.736746,7.677015,0.448255,3657537536.0,3660709888,
argus-final,,Q13,votable,8,3,1050,17.397,60.7099,0.847656,467.612923,7.702416,0.445346,3661874269.090909,3663900672,
argus-final,,mix,votable,1,1,237,3.944,60.084585,0.937287,61.370149,1.021396,0.258946,1137963690.666667,1144934400,
argus-final,,mix,votable,1,2,240,3.975,60.370512,0.931503,60.931866,1.009298,0.253883,1142063786.666667,1144619008,
argus-final,,mix,votable,1,3,261,4.348,60.023593,0.851616,59.770724,0.995787,0.229007,1143783051.636364,1145085952,
argus-final,,mix,votable,32,1,1505,24.551,61.65735,0.921105,484.488932,7.857764,0.32192,1276942677.333333,1281265664,
argus-final,,mix,votable,32,2,1481,24.012,61.968368,0.919195,486.448952,7.849956,0.32846,1290073088.0,1303658496,
argus-final,,mix,votable,32,3,1534,25.081,61.568737,0.925451,482.882549,7.842983,0.314787,1300447573.333333,1307340800,
argus-final,,mix,votable,4,1,935,15.493,60.774839,0.927205,241.689536,3.976803,0.258491,1172060160.0,1176621056,
argus-final,,mix,votable,4,2,858,14.199,60.425782,0.932516,238.785442,3.951715,0.278305,1168760490.666667,1173622784,
argus-final,,mix,votable,4,3,965,16.037,60.420847,0.93249,244.216413,4.041923,0.253074,1179779072.0,1203318784,
argus-final,,mix,votable,8,1,1428,23.617,60.76113,0.929576,456.938729,7.520247,0.319985,1229638314.666667,1235218432,
argus-final,,mix,votable,8,2,1409,23.322,60.759881,0.929016,458.36115,7.543812,0.32531,1237585920.0,1242468352,
argus-final,,mix,votable,8,3,1466,24.242,60.542366,0.934314,456.28772,7.536668,0.311247,1252749653.333333,1257975808,
dachs-final,,Q01,csv,1,1,1407,23.409,60.106222,0.942609,57.533893,0.957204,0.040891,1149721258.666667,1150566400,
dachs-final,,Q01,csv,1,2,1403,23.347,60.093934,0.857258,57.34819,0.954309,0.040875,1150329204.363636,1151754240,
dachs-final,,Q01,csv,1,3,1407,23.449,60.002246,0.942374,57.342147,0.955667,0.040755,1151364096.0,1152589824,
dachs-final,,Q01,csv,32,1,991,16.053,62.747823,0.9021,118.236508,1.884313,0.11931,1171309909.333333,1175867392,
dachs-final,,Q01,csv,32,2,992,16.161,62.351169,0.909981,117.22541,1.880084,0.118171,1171805184.0,1175891968,
dachs-final,,Q01,csv,32,3,990,16.109,62.394919,0.90978,117.5382,1.883778,0.118725,1170895189.333333,1179070464,
dachs-final,,Q01,csv,4,1,1120,18.624,60.205819,0.939211,106.229392,1.764437,0.094848,1159248554.666667,1165254656,
dachs-final,,Q01,csv,4,2,1149,19.109,60.1982,0.93948,107.1668,1.780233,0.09327,1162953045.333333,1164132352,
dachs-final,,Q01,csv,4,3,1122,18.668,60.218984,0.937633,106.378006,1.766519,0.094811,1162866346.666667,1164664832,
dachs-final,,Q01,csv,8,1,1042,17.31,60.354683,0.936568,116.249276,1.926102,0.111564,1167581184.0,1172578304,
dachs-final,,Q01,csv,8,2,1053,17.504,60.305155,0.93628,116.486383,1.931616,0.110623,1167991466.666667,1170034688,
dachs-final,,Q01,csv,8,3,1057,17.525,60.473943,0.933134,116.326876,1.923587,0.110054,1167306752.0,1171402752,
dachs-final,,Q02,csv,1,1,329,5.483,60.008623,0.858555,132.725182,2.211768,0.40342,1164953041.454545,1170067456,
dachs-final,,Q02,csv,1,2,336,5.598,60.026333,0.944438,131.474184,2.190275,0.391292,1166459904.0,1169661952,
dachs-final,,Q02,csv,1,3,318,5.289,60.126229,0.85526,134.013253,2.228865,0.421425,1165933474.909091,1169727488,
dachs-final,,Q02,csv,32,1,573,9.073,64.895107,0.953462,324.840449,5.005623,0.566912,1182723465.846154,1198706688,
dachs-final,,Q02,csv,32,2,572,9.155,64.126759,0.965222,321.027066,5.006133,0.561236,1179410747.076923,1192374272,
dachs-final,,Q02,csv,32,3,534,8.455,63.935716,0.889007,297.363655,4.650979,0.556861,1183464448.0,1194344448,
dachs-final,,Q02,csv,4,1,621,10.297,60.332648,0.939042,311.157736,5.157369,0.501059,1175936341.333333,1189044224,
dachs-final,,Q02,csv,4,2,625,10.386,60.419238,0.937891,313.766935,5.193163,0.502027,1177735168.0,1186938880,
dachs-final,,Q02,csv,4,3,622,10.327,60.258649,0.938334,311.821357,5.174715,0.501321,1174411946.666667,1185816576,
dachs-final,,Q02,csv,8,1,572,9.425,60.735283,0.931394,313.658054,5.164347,0.548353,1180099925.333333,1189261312,
dachs-final,,Q02,csv,8,2,575,9.516,60.890062,0.927345,314.463321,5.164444,0.546893,1178836650.666667,1186738176,
dachs-final,,Q02,csv,8,3,576,9.504,60.700083,0.93009,313.260593,5.160793,0.543855,1178051242.666667,1190391808,
dachs-final,,Q03,csv,1,1,721,12.017,60.000371,0.944075,72.806845,1.21344,0.10098,1162716842.666667,1168183296,
dachs-final,,Q03,csv,1,2,711,11.828,60.109274,0.942232,74.477597,1.239037,0.10475,1163566080.0,1169014784,
dachs-final,,Q03,csv,1,3,711,11.814,60.1851,0.939203,74.734569,1.241745,0.105112,1154013525.333333,1164275712,
dachs-final,,Q03,csv,32,1,706,11.376,63.045907,0.897435,129.813807,2.059036,0.183872,1161254229.333333,1165299712,
dachs-final,,Q03,csv,32,2,704,11.325,63.728532,0.889348,133.990604,2.102521,0.190328,1162001066.666667,1165807616,
dachs-final,,Q03,csv,32,3,705,11.448,63.096643,0.981435,137.464178,2.178629,0.194985,1163264630.153846,1173323776,
dachs-final,,Q03,csv,4,1,755,12.574,60.097154,0.940733,117.243427,1.950898,0.155289,1150712149.333333,1153888256,
dachs-final,,Q03,csv,4,2,758,12.586,60.385835,0.936332,115.112974,1.906291,0.151864,1152501418.666667,1155817472,
dachs-final,,Q03,csv,4,3,749,12.451,60.295634,0.936367,117.178073,1.943392,0.156446,1152271360.0,1153744896,
dachs-final,,Q03,csv,8,1,723,11.964,60.621477,0.932144,127.395998,2.101499,0.176205,1157243562.666667,1170227200,
dachs-final,,Q03,csv,8,2,728,12.062,60.40807,0.934795,128.446033,2.126306,0.176437,1158515370.666667,1169903616,
dachs-final,,Q03,csv,8,3,720,11.951,60.340511,0.935714,131.147036,2.173449,0.182149,1161180160.0,1168703488,
dachs-final,,Q04,csv,1,1,757,12.601,60.074363,0.943354,58.95828,0.981422,0.077884,1152875861.333333,1153564672,
dachs-final,,Q04,csv,1,2,759,12.649,60.002534,0.944082,58.958587,0.982602,0.077679,1152208896.0,1153765376,
dachs-final,,Q04,csv,1,3,760,12.654,60.060531,0.941525,58.991209,0.982196,0.07762,1152366933.333333,1153146880,
dachs-final,,Q04,csv,32,1,705,11.291,62.630578,0.985389,114.624325,1.830166,0.162588,1167077060.923077,1172951040,
dachs-final,,Q04,csv,32,2,707,11.331,63.031914,0.899359,115.974653,1.839935,0.164038,1169082709.333333,1173463040,
dachs-final,,Q04,csv,32,3,706,11.27,63.023416,0.900402,116.469163,1.84803,0.16497,1168245418.666667,1172897792,
dachs-final,,Q04,csv,4,1,769,12.792,60.282777,0.93854,97.3794,1.615377,0.126631,1156213760.0,1157836800,
dachs-final,,Q04,csv,4,2,763,12.647,60.333143,0.937944,97.805539,1.621091,0.128186,1156333226.666667,1158352896,
dachs-final,,Q04,csv,4,3,758,12.601,60.240483,0.852239,97.419768,1.617181,0.128522,1155912424.727273,1158135808,
dachs-final,,Q04,csv,8,1,734,12.12,60.880696,0.92816,111.077023,1.824503,0.151331,1160580778.666667,1165733888,
dachs-final,,Q04,csv,8,2,736,12.192,60.438033,0.848968,110.856004,1.834209,0.15062,1163998301.090909,1167982592,
dachs-final,,Q04,csv,8,3,731,12.131,60.779453,0.928699,110.701417,1.821363,0.151438,1164434773.333333,1167515648,
dachs-final,,Q05,csv,1,1,112,1.86,60.225381,0.854729,62.982755,1.045784,0.562346,1178733102.545455,1185423360,
dachs-final,,Q05,csv,1,2,112,1.863,60.109797,0.942007,62.823203,1.045141,0.560921,1177718442.666667,1186111488,
dachs-final,,Q05,csv,1,3,112,1.854,60.40744,0.936593,63.178036,1.045865,0.56409,1178710698.666667,1186152448,
dachs-final,,Q05,csv,32,1,514,8.228,64.688163,0.955598,423.165405,6.54162,0.823279,1314712024.615385,1383616512,
dachs-final,,Q05,csv,32,2,513,8.114,64.313391,0.882039,422.69128,6.572368,0.82396,1317420714.666667,1374035968,
dachs-final,,Q05,csv,32,3,512,8.192,64.912724,0.954924,423.725163,6.527613,0.827588,1314355357.538461,1417023488,
dachs-final,,Q05,csv,4,1,368,6.093,60.862104,0.929438,240.833376,3.957033,0.654439,1239741098.666667,1270501376,
dachs-final,,Q05,csv,4,2,363,6.007,60.646013,0.847853,236.824887,3.905036,0.65241,1244180480.0,1273585664,
dachs-final,,Q05,csv,4,3,365,6.044,60.6354,0.846465,239.960973,3.95744,0.657427,1247626705.454545,1271738368,
dachs-final,,Q05,csv,8,1,484,7.959,61.029512,0.841712,372.831114,6.10903,0.770312,1286213259.636364,1339559936,
dachs-final,,Q05,csv,8,2,486,8.0,61.079446,0.923608,373.52905,6.115462,0.768578,1277638997.333333,1341042688,
dachs-final,,Q05,csv,8,3,481,7.904,61.398012,0.919444,371.321532,6.047778,0.771978,1302164821.333333,1364160512,
dachs-final,,Q06,csv,1,1,111,1.848,60.075627,0.94258,62.736543,1.044293,0.565194,1185181354.666667,1191653376,
dachs-final,,Q06,csv,1,2,112,1.863,60.13354,0.941797,62.949084,1.046822,0.562045,1182978389.333333,1190326272,
dachs-final,,Q06,csv,1,3,112,1.859,60.246784,0.854023,63.059593,1.046688,0.563032,1184874123.636364,1190088704,
dachs-final,,Q06,csv,32,1,511,8.078,65.876848,0.860129,417.541836,6.338218,0.817107,1313536000.0,1362415616,
dachs-final,,Q06,csv,32,2,510,8.031,66.103455,0.936307,414.287032,6.267252,0.812328,1309540982.153846,1385230336,
dachs-final,,Q06,csv,32,3,503,7.897,65.643103,0.943505,413.477086,6.298866,0.822022,1298945260.307692,1388011520,
dachs-final,,Q06,csv,4,1,362,5.98,60.724824,0.931567,237.953643,3.918556,0.657331,1248740010.666667,1279631360,
dachs-final,,Q06,csv,4,2,359,5.957,60.598797,0.933582,234.146192,3.863875,0.652218,1248210602.666667,1275088896,
dachs-final,,Q06,csv,4,3,367,6.056,61.008878,0.925309,238.862506,3.915209,0.650852,1240958634.666667,1261199360,
dachs-final,,Q06,csv,8,1,479,7.866,61.253482,0.922597,367.781819,6.00426,0.767812,1292376064.0,1358839808,
dachs-final,,Q06,csv,8,2,484,7.976,60.984097,0.925804,367.938499,6.033352,0.760204,1298899626.666667,1361051648,
dachs-final,,Q06,csv,8,3,479,7.885,61.555434,0.917553,370.672709,6.021771,0.773847,1298164053.333333,1369063424,
dachs-final,,Q07,csv,1,1,103,1.708,60.309081,0.938583,62.85312,1.042183,0.610224,1184849237.333333,1190776832,
dachs-final,,Q07,csv,1,2,104,1.722,60.400701,0.852039,62.930633,1.041886,0.605102,1181359010.909091,1191034880,
dachs-final,,Q07,csv,1,3,104,1.72,60.457541,0.936192,63.016411,1.042325,0.605927,1185481728.0,1191100416,
dachs-final,,Q07,csv,32,1,481,7.721,64.157643,0.883232,414.671166,6.463317,0.862102,1308129621.333333,1371029504,
dachs-final,,Q07,csv,32,2,480,7.645,64.618996,0.95765,412.622041,6.38546,0.859629,1300182252.307692,1387335680,
dachs-final,,Q07,csv,32,3,484,7.723,64.596137,0.95957,414.332659,6.414202,0.856059,1302596686.769231,1405227008,
dachs-final,,Q07,csv,4,1,342,5.672,60.427407,0.93561,236.092632,3.907046,0.690329,1256012458.666667,1279688704,
dachs-final,,Q07,csv,4,2,346,5.7,60.74182,0.930961,239.7435,3.946927,0.6929,1240522069.333333,1278623744,
dachs-final,,Q07,csv,4,3,339,5.6,60.920155,0.926455,238.495954,3.914894,0.703528,1256046933.333333,1277734912,
dachs-final,,Q07,csv,8,1,457,7.53,61.46863,0.919231,373.219724,6.071711,0.816673,1299840682.666667,1374105600,
dachs-final,,Q07,csv,8,2,459,7.563,61.229045,0.922209,373.884127,6.10632,0.814562,1295419050.666667,1366351872,
dachs-final,,Q07,csv,8,3,462,7.589,61.358177,0.920173,375.744345,6.123786,0.813299,1311542613.333333,1362305024,
dachs-final,,Q10,csv,1,1,649,10.815,60.009072,0.943438,59.052318,0.984057,0.09099,1166860288.0,1168658432,
dachs-final,,Q10,csv,1,2,649,10.808,60.047778,0.942913,59.250074,0.986716,0.091294,1168980309.333333,1170194432,
dachs-final,,Q10,csv,1,3,649,10.791,60.141056,0.941688,59.160089,0.983689,0.091156,1168091136.0,1169637376,
dachs-final,,Q10,csv,32,1,640,10.314,63.311883,0.893564,115.005583,1.816493,0.179696,1184505514.666667,1190338560,
dachs-final,,Q10,csv,32,2,640,10.266,64.22602,0.882708,116.535443,1.814458,0.182087,1184556032.0,1188487168,
dachs-final,,Q10,csv,32,3,637,10.156,63.709601,0.890073,115.129135,1.807092,0.180736,1183308117.333333,1188175872,
dachs-final,,Q10,csv,4,1,668,11.093,60.218614,0.853517,95.053145,1.578468,0.142295,1172497873.454545,1174601728,
dachs-final,,Q10,csv,4,2,668,11.105,60.383262,0.936725,95.212398,1.576801,0.142534,1173637461.333333,1175777280,
dachs-final,,Q10,csv,4,3,675,11.224,60.336957,0.935331,95.478342,1.582419,0.141449,1173804373.333333,1175154688,
dachs-final,,Q10,csv,8,1,641,10.614,60.851153,0.927829,108.334716,1.780323,0.169009,1178896384.0,1183449088,
dachs-final,,Q10,csv,8,2,646,10.687,60.987802,0.925549,108.51465,1.779284,0.167979,1180149760.0,1185202176,
dachs-final,,Q10,csv,8,3,638,10.542,60.625179,0.84564,106.546243,1.757459,0.167,1180521937.454545,1182453760,
dachs-final,,Q11,csv,1,1,211,3.511,60.095034,0.941865,58.733767,0.977348,0.278359,1192062976.0,1202958336,
dachs-final,,Q11,csv,1,2,215,3.581,60.044196,0.857035,60.182314,1.0023,0.279918,1193493224.727273,1202995200,
dachs-final,,Q11,csv,1,3,215,3.574,60.151275,0.855562,60.270482,1.001982,0.280328,1194920122.181818,1204314112,
dachs-final,,Q11,csv,32,1,274,4.251,67.311595,0.917427,107.333127,1.594571,0.391727,1289134080.0,1315545088,
dachs-final,,Q11,csv,32,2,284,4.243,71.821747,0.933137,114.738257,1.597542,0.404008,1290900333.714286,1320439808,
dachs-final,,Q11,csv,32,3,265,4.194,63.206011,0.898559,99.360166,1.572005,0.374944,1290519893.333333,1326518272,
dachs-final,,Q11,csv,4,1,248,4.075,60.86205,0.844166,84.511127,1.388569,0.340771,1213987374.545455,1232613376,
dachs-final,,Q11,csv,4,2,243,4.005,60.670825,0.931331,83.90635,1.382977,0.345294,1221603669.333333,1234501632,
dachs-final,,Q11,csv,4,3,239,3.97,60.480447,0.932515,83.134658,1.374571,0.347844,1219292501.333333,1232965632,
dachs-final,,Q11,csv,8,1,245,4.011,61.086131,0.923744,90.686633,1.48457,0.37015,1240863744.0,1283670016,
dachs-final,,Q11,csv,8,2,237,3.914,60.560969,0.846987,85.840699,1.417426,0.362197,1244267985.454545,1270935552,
dachs-final,,Q11,csv,8,3,241,4.006,60.170887,0.85181,89.140562,1.481457,0.369878,1240487749.818182,1258827776,
dachs-final,,Q12,csv,1,1,112,1.861,60.173909,0.941624,62.894103,1.045206,0.561554,1233847296.0,1241526272,
dachs-final,,Q12,csv,1,2,112,1.86,60.223905,0.855296,62.999961,1.046096,0.5625,1234807342.545455,1241100288,
dachs-final,,Q12,csv,1,3,112,1.863,60.104643,0.942697,62.872025,1.046043,0.561357,1232624298.666667,1237848064,
dachs-final,,Q12,csv,32,1,514,8.082,63.761248,0.888835,416.981699,6.539736,0.811248,1341085013.333333,1419177984,
dachs-final,,Q12,csv,32,2,512,8.132,65.156648,0.950252,421.157891,6.463775,0.822574,1331903566.769231,1390653440,
dachs-final,,Q12,csv,32,3,511,8.103,64.095182,0.966869,411.408053,6.418705,0.805104,1329506146.461539,1392447488,
dachs-final,,Q12,csv,4,1,362,5.981,60.871478,0.92977,236.868262,3.891285,0.654332,1307108352.0,1324716032,
dachs-final,,Q12,csv,4,2,370,6.117,60.647203,0.933142,240.053618,3.958198,0.648794,1284593664.0,1320259584,
dachs-final,,Q12,csv,4,3,366,6.054,60.518391,0.933372,237.118262,3.918119,0.647864,1289490773.333333,1318457344,
dachs-final,,Q12,csv,8,1,486,8.004,61.227167,0.924125,372.567693,6.085006,0.7666,1324393813.333333,1372692480,
dachs-final,,Q12,csv,8,2,487,8.024,61.09471,0.926149,372.85117,6.102839,0.765608,1327955626.666667,1411096576,
dachs-final,,Q12,csv,8,3,489,8.072,61.281026,0.922274,377.078064,6.15326,0.771121,1322554026.666667,1389527040,
dachs-final,,Q13,csv,1,1,171,2.835,60.322488,0.938565,69.517706,1.152434,0.406536,1195672917.333333,1196412928,
dachs-final,,Q13,csv,1,2,172,2.853,60.279779,0.93919,70.91546,1.176439,0.412299,1195953834.666667,1201352704,
dachs-final,,Q13,csv,1,3,181,3.015,60.035288,0.943271,72.627508,1.209747,0.401257,1195134976.0,1196748800,
dachs-final,,Q13,csv,32,1,607,9.621,63.582927,0.891824,342.57559,5.387855,0.564375,1212044288.0,1222627328,
dachs-final,,Q13,csv,32,2,606,9.614,64.308764,0.88303,345.283415,5.36915,0.569775,1210274816.0,1227505664,
dachs-final,,Q13,csv,32,3,603,9.544,63.949859,0.889117,339.663003,5.311396,0.563289,1207676586.666667,1240035328,
dachs-final,,Q13,csv,4,1,528,8.73,60.972316,0.927999,249.618432,4.093963,0.472762,1205579093.333333,1218490368,
dachs-final,,Q13,csv,4,2,524,8.666,60.502954,0.934864,247.12248,4.08447,0.471608,1203879594.666667,1209520128,
dachs-final,,Q13,csv,4,3,536,8.878,60.682537,0.930505,248.616417,4.097001,0.463837,1202923178.666667,1210007552,
dachs-final,,Q13,csv,8,1,601,9.927,61.3448,0.92195,328.126715,5.348892,0.545968,1213076821.333333,1226805248,
dachs-final,,Q13,csv,8,2,604,9.997,60.826175,0.845001,326.49676,5.367702,0.540558,1211838836.363636,1224658944,
dachs-final,,Q13,csv,8,3,616,10.178,60.933226,0.927301,330.341945,5.421376,0.536269,1211970901.333333,1225871360,
dachs-final,,mix,csv,1,1,188,3.132,60.016601,0.946357,68.583207,1.142737,0.364804,1160809472.0,1169674240,
dachs-final,,mix,csv,1,2,191,3.175,60.162692,0.944043,70.541927,1.172519,0.369329,1156843178.666667,1170206720,
dachs-final,,mix,csv,1,3,199,3.296,60.372791,0.938765,68.258685,1.13062,0.343008,1157124096.0,1169137664,
dachs-final,,mix,csv,32,1,576,9.169,64.544392,0.877813,305.594323,4.734638,0.530546,1231088981.333333,1286057984,
dachs-final,,mix,csv,32,2,572,9.078,64.824913,0.954982,317.51572,4.898051,0.555097,1213529166.769231,1263894528,
dachs-final,,mix,csv,32,3,581,9.163,63.652264,0.893052,302.692733,4.755412,0.520986,1226651989.333333,1297215488,
dachs-final,,mix,csv,4,1,549,9.099,60.712021,0.934206,231.792175,3.817896,0.422208,1206011562.666667,1255297024,
dachs-final,,mix,csv,4,2,526,8.73,60.597971,0.850548,236.730485,3.906574,0.450058,1223892247.272727,1252986880,
dachs-final,,mix,csv,4,3,549,9.077,60.708954,0.847943,230.118455,3.790519,0.419159,1204076544.0,1238646784,
dachs-final,,mix,csv,8,1,577,9.557,60.958368,0.929948,293.719288,4.818359,0.509046,1222410581.333333,1309208576,
dachs-final,,mix,csv,8,2,574,9.424,61.414134,0.921456,303.926764,4.948808,0.529489,1248929792.0,1340407808,
dachs-final,,mix,csv,8,3,594,9.748,61.198317,0.924219,288.034098,4.706569,0.484906,1225769642.666667,1300135936,
dachs-final,,Q01,votable,1,1,1382,23.021,60.031987,0.943888,56.984385,0.949234,0.041233,850366464.0,851886080,
dachs-final,,Q01,votable,1,2,1377,22.947,60.006495,0.943742,57.412686,0.956775,0.041694,850907818.666667,851935232,
dachs-final,,Q01,votable,1,3,1367,22.782,60.003235,0.943395,57.330796,0.955462,0.041939,854147413.333333,856104960,
dachs-final,,Q01,votable,32,1,961,15.654,62.165363,0.911628,118.909902,1.9128,0.123736,896913066.666667,900317184,
dachs-final,,Q01,votable,32,2,960,15.676,62.012874,0.916223,118.341137,1.908332,0.123272,901493760.0,907579392,
dachs-final,,Q01,votable,32,3,959,15.589,62.217932,0.913686,118.575624,1.905811,0.123645,904430250.666667,909492224,
dachs-final,,Q01,votable,4,1,1108,18.404,60.252619,0.854642,106.823175,1.772922,0.096411,862733405.090909,865677312,
dachs-final,,Q01,votable,4,2,1088,18.1,60.190844,0.939047,105.854988,1.758656,0.097293,867075754.666667,870625280,
dachs-final,,Q01,votable,4,3,1083,18.01,60.134019,0.854625,106.196846,1.766003,0.098058,871748701.090909,876736512,
dachs-final,,Q01,votable,8,1,1043,17.316,60.308828,0.93593,118.31559,1.961829,0.113438,882976426.666667,887607296,
dachs-final,,Q01,votable,8,2,1040,17.276,60.582022,0.932137,118.875522,1.962224,0.114303,886255957.333333,889819136,
dachs-final,,Q01,votable,8,3,1041,17.278,60.496718,0.933198,118.656785,1.961376,0.113983,890541056.0,894246912,
dachs-final,,Q02,votable,1,1,306,5.09,60.1215,0.944007,132.978543,2.21183,0.43457,902853632.0,906559488,
dachs-final,,Q02,votable,1,2,322,5.358,60.101351,0.85724,132.158025,2.198919,0.410429,902361088.0,905826304,
dachs-final,,Q02,votable,1,3,323,5.38,60.036647,0.943798,131.799685,2.195321,0.408049,902949546.666667,906883072,
dachs-final,,Q02,votable,32,1,569,9.001,64.975951,0.873094,327.060777,5.033567,0.574799,926212437.333333,938721280,
dachs-final,,Q02,votable,32,2,569,9.002,64.825853,0.956388,326.323443,5.033847,0.573503,921017737.846154,936443904,
dachs-final,,Q02,votable,32,3,565,8.918,64.865589,0.956889,326.324224,5.030776,0.577565,930595446.153846,944885760,
dachs-final,,Q02,votable,4,1,617,10.23,60.511643,0.937749,311.662944,5.150462,0.505126,914968576.0,925630464,
dachs-final,,Q02,votable,4,2,612,10.139,60.489982,0.851038,309.739644,5.120511,0.506111,915192366.545455,922136576,
dachs-final,,Q02,votable,4,3,611,10.126,60.384828,0.937989,309.521711,5.125819,0.506582,916025685.333333,921112576,
dachs-final,,Q02,votable,8,1,573,9.455,60.781377,0.930192,313.716768,5.161396,0.547499,920776362.666667,934162432,
dachs-final,,Q02,votable,8,2,573,9.452,60.959694,0.928201,315.817904,5.180766,0.551166,923215530.666667,931586048,
dachs-final,,Q02,votable,8,3,570,9.399,60.688369,0.931931,313.300724,5.162451,0.54965,921673386.666667,926928896,
dachs-final,,Q03,votable,1,1,693,11.542,60.039594,0.859482,71.337958,1.188182,0.102941,909894376.727273,914157568,
dachs-final,,Q03,votable,1,2,692,11.529,60.021662,0.858684,73.218371,1.219866,0.105807,909575261.090909,910487552,
dachs-final,,Q03,votable,1,3,684,11.388,60.06465,0.943249,74.297896,1.236965,0.108623,910210048.0,916197376,
dachs-final,,Q03,votable,32,1,703,11.171,63.916545,0.967548,131.503357,2.057423,0.18706,924706028.307692,931028992,
dachs-final,,Q03,votable,32,2,704,11.325,63.44865,0.975277,134.140156,2.114153,0.19054,927841988.923077,936697856,
dachs-final,,Q03,votable,32,3,694,11.099,63.561155,0.893773,138.179919,2.173968,0.199107,928514048.0,937832448,
dachs-final,,Q03,votable,4,1,729,12.122,60.19758,0.942055,115.931066,1.925843,0.159028,914778453.333333,922398720,
dachs-final,,Q03,votable,4,2,721,11.956,60.418962,0.937086,113.438131,1.877525,0.157334,916469760.0,922869760,
dachs-final,,Q03,votable,4,3,734,12.18,60.368954,0.852175,117.394969,1.944625,0.159939,917239994.181818,921055232,
dachs-final,,Q03,votable,8,1,715,11.833,60.422947,0.850851,127.472532,2.109671,0.178283,924945314.909091,929480704,
dachs-final,,Q03,votable,8,2,714,11.786,60.580656,0.848791,128.749188,2.125252,0.180321,923836416.0,929353728,
dachs-final,,Q03,votable,8,3,707,11.712,60.797015,0.845999,131.610002,2.164744,0.186153,920717870.545455,924303360,
dachs-final,,Q04,votable,1,1,731,12.173,60.048516,0.94453,59.027782,0.983002,0.080749,916609024.0,917958656,
dachs-final,,Q04,votable,1,2,689,11.472,60.059164,0.943685,55.317974,0.921058,0.080287,915706880.0,917635072,
dachs-final,,Q04,votable,1,3,731,12.169,60.068727,0.856456,58.874902,0.980126,0.08054,915891293.090909,916934656,
dachs-final,,Q04,votable,32,1,667,10.615,64.063629,0.963602,112.254792,1.752239,0.168298,932356411.076923,936300544,
dachs-final,,Q04,votable,32,2,670,10.699,64.172265,0.96321,113.164221,1.763444,0.168902,933112910.769231,936591360,
dachs-final,,Q04,votable,32,3,687,11.004,63.370589,0.976382,113.021923,1.783508,0.164515,932300642.461538,937680896,
dachs-final,,Q04,votable,4,1,755,12.51,60.355143,0.938155,97.980977,1.623407,0.129776,917795498.666667,920031232,
dachs-final,,Q04,votable,4,2,734,12.192,60.203192,0.852436,94.746266,1.573775,0.129082,920044637.090909,923099136,
dachs-final,,Q04,votable,4,3,733,12.17,60.253035,0.93718,95.256468,1.580941,0.129954,920130901.333333,923054080,
dachs-final,,Q04,votable,8,1,675,11.193,60.47355,0.932775,105.5773,1.745843,0.156411,926769493.333333,931192832,
dachs-final,,Q04,votable,8,2,672,11.117,60.487896,0.932806,104.584412,1.729014,0.155632,926836394.666667,931254272,
dachs-final,,Q04,votable,8,3,675,11.197,60.5218,0.932514,105.673671,1.746043,0.156554,930863104.0,934924288,
dachs-final,,Q05,votable,1,1,110,1.827,60.220021,0.940368,62.97405,1.045733,0.572491,940454229.333333,948457472,
dachs-final,,Q05,votable,1,2,111,1.843,60.218033,0.940618,62.931696,1.045064,0.566952,938174122.666667,948645888,
dachs-final,,Q05,votable,1,3,111,1.842,60.255365,0.853378,62.991074,1.045402,0.567487,944269498.181818,949055488,
dachs-final,,Q05,votable,32,1,508,7.999,65.884492,0.937878,421.361821,6.395463,0.829452,1067283377.230769,1157087232,
dachs-final,,Q05,votable,32,2,502,7.885,65.281921,0.868688,417.909327,6.401609,0.832489,1088448512.0,1179230208,
dachs-final,,Q05,votable,32,3,513,8.121,65.166908,0.870296,420.651037,6.454979,0.819983,1063835306.666667,1157091328,
dachs-final,,Q05,votable,4,1,367,6.053,61.049932,0.843023,240.408019,3.937892,0.655063,995602059.636364,1032626176,
dachs-final,,Q05,votable,4,2,351,5.806,60.971669,0.926648,235.370318,3.860323,0.670571,990078976.0,1030680576,
dachs-final,,Q05,votable,4,3,365,6.032,60.53856,0.933499,239.945072,3.963508,0.657384,1003293354.666667,1034661888,
dachs-final,,Q05,votable,8,1,472,7.771,61.314925,0.922457,364.510094,5.944884,0.772267,1037849258.666667,1114406912,
dachs-final,,Q05,votable,8,2,477,7.867,61.589741,0.916643,370.223163,6.011117,0.776149,1061872640.0,1142116352,
dachs-final,,Q05,votable,8,3,482,7.95,61.33117,0.920547,374.26171,6.102308,0.776477,1056581973.333333,1119506432,
dachs-final,,Q06,votable,1,1,110,1.833,60.026529,0.857079,62.780209,1.045874,0.570729,946406493.090909,950407168,
dachs-final,,Q06,votable,1,2,111,1.849,60.02393,0.942732,62.7183,1.044888,0.56503,948158464.0,951255040,
dachs-final,,Q06,votable,1,3,111,1.839,60.342829,0.935824,63.080313,1.045366,0.568291,948174506.666667,950390784,
dachs-final,,Q06,votable,32,1,500,7.862,65.279952,0.947055,405.177491,6.206768,0.810355,1067301021.538462,1123987456,
dachs-final,,Q06,votable,32,2,510,8.089,65.320455,0.947941,414.729329,6.349149,0.813195,1073433678.769231,1158275072,
dachs-final,,Q06,votable,32,3,503,7.879,65.291421,0.870074,412.23654,6.313793,0.819556,1095387818.666667,1181888512,
dachs-final,,Q06,votable,4,1,356,5.866,60.919161,0.843228,234.8008,3.854301,0.659553,1007153152.0,1038573568,
dachs-final,,Q06,votable,4,2,364,5.982,61.126262,0.922844,239.367954,3.915959,0.657604,1009011712.0,1037266944,
dachs-final,,Q06,votable,4,3,358,5.914,61.222341,0.921425,236.643757,3.865317,0.661016,1004429653.333333,1036865536,
dachs-final,,Q06,votable,8,1,471,7.716,61.155227,0.923692,361.634965,5.913394,0.767802,1060491264.0,1143291904,
dachs-final,,Q06,votable,8,2,476,7.838,61.319369,0.920044,365.771703,5.965027,0.768428,1050195285.333333,1102626816,
dachs-final,,Q06,votable,8,3,467,7.71,61.370819,0.835575,364.640054,5.941587,0.780814,1059577856.0,1142083584,
dachs-final,,Q07,votable,1,1,103,1.7,60.575399,0.935183,63.134692,1.04225,0.612958,948973568.0,957624320,
dachs-final,,Q07,votable,1,2,103,1.705,60.411698,0.937938,62.936228,1.041789,0.611031,946306048.0,958144512,
dachs-final,,Q07,votable,1,3,103,1.707,60.357049,0.851741,62.920568,1.042473,0.610879,954011275.636364,958607360,
dachs-final,,Q07,votable,32,1,480,7.576,65.419757,0.944545,415.33035,6.348699,0.865272,1091296649.846154,1176207360,
dachs-final,,Q07,votable,32,2,480,7.591,65.083213,0.950726,415.608707,6.385805,0.865851,1056848344.615385,1109204992,
dachs-final,,Q07,votable,32,3,478,7.509,66.185122,0.936707,417.827947,6.313019,0.874117,1080686119.384615,1127456768,
dachs-final,,Q07,votable,4,1,335,5.513,61.404047,0.837936,237.671732,3.87062,0.709468,1022582411.636364,1043308544,
dachs-final,,Q07,votable,4,2,332,5.509,60.602871,0.932124,235.688145,3.889059,0.709904,1021399040.0,1045811200,
dachs-final,,Q07,votable,4,3,338,5.564,60.96668,0.926835,238.75141,3.916097,0.706365,1009499818.666667,1040699392,
dachs-final,,Q07,votable,8,1,456,7.502,61.31421,0.922366,373.135632,6.085631,0.81828,1076407978.666667,1150152704,
dachs-final,,Q07,votable,8,2,458,7.551,61.644892,0.916202,374.631656,6.077254,0.817973,1075462144.0,1119584256,
dachs-final,,Q07,votable,8,3,460,7.553,61.184999,0.923448,372.523457,6.088477,0.809834,1050800128.0,1121837056,
dachs-final,,Q10,votable,1,1,638,10.632,60.010108,0.85845,59.042022,0.983868,0.092542,938511266.909091,940556288,
dachs-final,,Q10,votable,1,2,639,10.649,60.004984,0.944481,59.087627,0.984712,0.092469,938647893.333333,939294720,
dachs-final,,Q10,votable,1,3,643,10.703,60.074868,0.941563,59.133978,0.984338,0.091966,938728789.333333,940040192,
dachs-final,,Q10,votable,32,1,657,10.483,63.611727,0.889577,117.741292,1.850937,0.17921,955052032.0,959758336,
dachs-final,,Q10,votable,32,2,647,10.283,62.96859,0.900016,115.557376,1.835159,0.178605,965374634.666667,969445376,
dachs-final,,Q10,votable,32,3,643,10.369,63.014974,0.900646,116.15269,1.843255,0.180642,964673194.666667,972570624,
dachs-final,,Q10,votable,4,1,670,11.114,60.318121,0.853295,95.276382,1.579565,0.142204,942504494.545455,945082368,
dachs-final,,Q10,votable,4,2,669,11.119,60.176075,0.939161,95.328614,1.584161,0.142494,944114688.0,947363840,
dachs-final,,Q10,votable,4,3,671,11.159,60.209683,0.938596,95.327571,1.58326,0.142068,947617792.0,950026240,
dachs-final,,Q10,votable,8,1,652,10.813,60.325259,0.937424,108.726567,1.802339,0.166759,952940544.0,956424192,
dachs-final,,Q10,votable,8,2,649,10.761,60.355953,0.935207,107.018391,1.773121,0.164897,951490560.0,953835520,
dachs-final,,Q10,votable,8,3,648,10.716,60.658644,0.931723,108.661621,1.791363,0.167688,952294058.666667,955629568,
dachs-final,,Q11,votable,1,1,236,3.917,60.248665,0.940427,60.439613,1.003169,0.2561,1005214037.333333,1015042048,
dachs-final,,Q11,votable,1,2,237,3.935,60.235329,0.940505,60.653604,1.006944,0.255922,1001248768.0,1015279616,
dachs-final,,Q11,votable,1,3,233,3.879,60.068936,0.85555,60.083897,1.000249,0.257871,1000007866.181818,1011974144,
dachs-final,,Q11,votable,32,1,304,4.594,66.192846,0.932175,107.173987,1.619117,0.352546,1223024009.846154,1273802752,
dachs-final,,Q11,votable,32,2,289,4.666,61.940917,0.915499,100.855643,1.628256,0.348981,1250493440.0,1291079680,
dachs-final,,Q11,votable,32,3,294,4.672,62.939245,0.901688,103.246499,1.640415,0.351179,1244309845.333333,1283043328,
dachs-final,,Q11,votable,4,1,261,4.301,60.697574,0.847178,81.840542,1.348333,0.313565,1064157928.727273,1084125184,
dachs-final,,Q11,votable,4,2,272,4.494,60.520798,0.848044,85.660175,1.415384,0.314927,1072677981.090909,1095983104,
dachs-final,,Q11,votable,4,3,270,4.487,60.1693,0.938716,85.430995,1.419844,0.316411,1077040810.666667,1093259264,
dachs-final,,Q11,votable,8,1,272,4.438,61.285525,0.921911,91.791325,1.497765,0.337468,1116859392.0,1131917312,
dachs-final,,Q11,votable,8,2,270,4.481,60.261303,0.851388,91.492336,1.51826,0.338861,1128907124.363636,1151422464,
dachs-final,,Q11,votable,8,3,274,4.476,61.406611,0.918959,93.320338,1.519712,0.340585,1131666090.666667,1159061504,
dachs-final,,Q12,votable,1,1,111,1.845,60.178408,0.941654,62.9306,1.045734,0.566942,1203524608.0,1211781120,
dachs-final,,Q12,votable,1,2,111,1.849,60.035406,0.943784,62.846865,1.04683,0.566188,1200401066.666667,1207705600,
dachs-final,,Q12,votable,1,3,111,1.847,60.094625,0.855501,62.818121,1.04532,0.565929,1202219194.181818,1205301248,
dachs-final,,Q12,votable,32,1,512,8.142,65.238199,0.868175,422.001282,6.468622,0.824221,1284186112.0,1355509760,
dachs-final,,Q12,votable,32,2,512,8.113,65.466741,0.867482,425.083115,6.493116,0.83024,1283968341.333333,1350000640,
dachs-final,,Q12,votable,32,3,512,8.107,65.374338,0.947644,420.613682,6.433926,0.821511,1300279926.153846,1397977088,
dachs-final,,Q12,votable,4,1,357,5.912,60.725489,0.847482,235.625344,3.880172,0.660015,1246604194.909091,1280536576,
dachs-final,,Q12,votable,4,2,360,5.946,61.152127,0.839987,237.76937,3.888162,0.66047,1240312366.545455,1274261504,
dachs-final,,Q12,votable,4,3,366,6.053,60.613941,0.847562,238.911986,3.941535,0.652765,1240130280.727273,1267396608,
dachs-final,,Q12,votable,8,1,479,7.894,61.004768,0.842707,367.327885,6.021298,0.766864,1278558580.363636,1371471872,
dachs-final,,Q12,votable,8,2,481,7.922,61.05532,0.840676,371.206012,6.079831,0.771738,1274287941.818182,1338118144,
dachs-final,,Q12,votable,8,3,475,7.857,61.243495,0.922454,368.98586,6.024899,0.776812,1284768768.0,1380212736,
dachs-final,,Q13,votable,1,1,169,2.814,60.060989,0.943234,69.205818,1.152259,0.409502,1154464085.333333,1156513792,
dachs-final,,Q13,votable,1,2,171,2.844,60.119675,0.942087,70.504817,1.172741,0.412309,1155243349.333333,1160077312,
dachs-final,,Q13,votable,1,3,180,2.984,60.328478,0.93692,73.21754,1.213648,0.406764,1155797674.666667,1156730880,
dachs-final,,Q13,votable,32,1,596,9.447,63.923026,0.886816,340.163007,5.321447,0.570743,1166005248.0,1176748032,
dachs-final,,Q13,votable,32,2,601,9.542,64.032912,0.888065,342.14344,5.343244,0.56929,1166120960.0,1176567808,
dachs-final,,Q13,votable,32,3,598,9.536,63.475293,0.978844,339.63001,5.350586,0.567943,1164691613.538461,1176014848,
dachs-final,,Q13,votable,4,1,520,8.617,60.580935,0.9341,245.458893,4.051752,0.472036,1163600213.333333,1171542016,
dachs-final,,Q13,votable,4,2,518,8.608,60.560057,0.933341,244.592849,4.038848,0.472187,1149166933.333333,1158377472,
dachs-final,,Q13,votable,4,3,522,8.643,60.396031,0.93518,245.514697,4.06508,0.470335,1149956778.666667,1156055040,
dachs-final,,Q13,votable,8,1,597,9.875,60.739653,0.930824,327.984306,5.399838,0.549387,1159444138.666667,1170001920,
dachs-final,,Q13,votable,8,2,598,9.888,60.798491,0.928874,327.283821,5.383091,0.547297,1158306816.0,1169092608,
dachs-final,,Q13,votable,8,3,600,9.914,61.011555,0.925944,325.211094,5.33032,0.542018,1157428906.666667,1166626816,
dachs-final,,mix,votable,1,1,187,3.101,60.304131,0.933897,69.707774,1.155937,0.372769,851053568.0,859140096,
dachs-final,,mix,votable,1,2,190,3.142,60.467754,0.845503,72.104133,1.192439,0.379495,843965160.727273,858791936,
dachs-final,,mix,votable,1,3,197,3.272,60.209921,0.849048,68.521848,1.138049,0.347827,848283089.454545,860438528,
dachs-final,,mix,votable,32,1,597,9.495,64.246767,0.882173,318.402388,4.955929,0.533337,955298474.666667,1024622592,
dachs-final,,mix,votable,32,2,582,9.227,63.175109,0.898941,319.098421,5.051015,0.548279,931638613.333333,965099520,
dachs-final,,mix,votable,32,3,605,9.572,63.746769,0.972099,312.220438,4.897824,0.516067,924082176.0,1017249792,
dachs-final,,mix,votable,4,1,554,9.164,60.750424,0.842577,233.151995,3.837866,0.420852,894181376.0,942923776,
dachs-final,,mix,votable,4,2,539,8.922,60.913167,0.924222,241.802305,3.969623,0.448613,921393493.333333,949903360,
dachs-final,,mix,votable,4,3,548,9.069,60.622235,0.928323,230.829194,3.807666,0.421221,898022741.333333,948330496,
dachs-final,,mix,votable,8,1,591,9.683,61.293777,0.919404,302.147185,4.929492,0.511247,928594261.333333,1006624768,
dachs-final,,mix,votable,8,2,585,9.63,61.023412,0.923679,307.96235,5.046626,0.526431,933594794.666667,1008349184,
dachs-final,,mix,votable,8,3,609,10.042,61.118459,0.923014,294.391079,4.816729,0.483401,919614464.0,981553152,
egernia-final-w8,,Q01,csv,1,1,11283,188.046,60.001212,0.947314,52.952991,0.882532,0.004693,2611894272.0,2622754816,8
egernia-final-w8,,Q01,csv,1,2,11163,186.037,60.004159,0.94522,53.18774,0.886401,0.004765,2601922560.0,2613452800,8
egernia-final-w8,,Q01,csv,1,3,11237,187.281,60.000617,0.858755,52.396374,0.873264,0.004663,2537709568.0,2581524480,8
egernia-final-w8,,Q01,csv,32,1,48123,801.646,60.03702,0.953872,389.94393,6.495058,0.008103,2370983936.0,2371858432,8
egernia-final-w8,,Q01,csv,32,2,47678,794.169,60.037383,0.869584,392.05878,6.530244,0.008223,2388797998.545455,2393477120,8
egernia-final-w8,,Q01,csv,32,3,48300,804.608,60.035807,0.868227,395.670334,6.590572,0.008192,2335143377.454545,2338791424,8
egernia-final-w8,,Q01,csv,4,1,30541,508.97,60.012121,0.946107,170.964053,2.848825,0.005598,2492374698.666667,2493235200,8
egernia-final-w8,,Q01,csv,4,2,22756,379.234,60.021645,0.945896,131.681422,2.193899,0.005787,2493032448.0,2493734912,8
egernia-final-w8,,Q01,csv,4,3,30016,500.224,60.052043,0.943253,169.587688,2.824012,0.00565,2398578005.333333,2399166464,8
egernia-final-w8,,Q01,csv,8,1,32335,538.794,60.023109,0.860287,216.409374,3.605434,0.006693,2404161722.181818,2404675584,8
egernia-final-w8,,Q01,csv,8,2,30938,515.529,60.021837,0.945509,200.230164,3.335955,0.006472,2361626965.333333,2361860096,8
egernia-final-w8,,Q01,csv,8,3,43031,717.033,60.030692,0.949812,279.117906,4.649587,0.006486,2359944192.0,2362449920,8
egernia-final-w8,,Q02,csv,1,1,7463,124.377,60.003018,0.948943,58.155846,0.969215,0.007793,2338910549.333333,2349694976,8
egernia-final-w8,,Q02,csv,1,2,7451,124.171,60.00594,0.858981,58.56153,0.975929,0.00786,2327202722.909091,2335367168,8
egernia-final-w8,,Q02,csv,1,3,7383,123.039,60.005475,0.945667,58.460168,0.974247,0.007918,2326830080.0,2336002048,8
egernia-final-w8,,Q02,csv,32,1,32059,533.914,60.045126,0.86429,395.627856,6.588842,0.012341,2335655749.818182,2338734080,8
egernia-final-w8,,Q02,csv,32,2,32442,540.287,60.069121,0.86447,400.505891,6.667417,0.012345,2337896634.181818,2339205120,8
egernia-final-w8,,Q02,csv,32,3,33037,550.165,60.054137,0.94995,410.234053,6.831071,0.012417,2363025066.666667,2375499776,8
egernia-final-w8,,Q02,csv,4,1,15984,266.326,60.022468,0.859027,149.169413,2.485226,0.009332,2313258449.454545,2314825728,8
egernia-final-w8,,Q02,csv,4,2,16080,267.945,60.015476,0.945566,149.262733,2.487071,0.009283,2315032234.666667,2315804672,8
egernia-final-w8,,Q02,csv,4,3,20755,345.878,60.01096,0.943985,192.012142,3.199618,0.009251,2296318293.333333,2297364480,8
egernia-final-w8,,Q02,csv,8,1,23133,385.462,60.017823,0.945648,240.142705,4.00119,0.010381,2282995370.666667,2284208128,8
egernia-final-w8,,Q02,csv,8,2,24190,403.043,60.028195,0.859465,248.714048,4.143287,0.010282,2265963426.909091,2288988160,8
egernia-final-w8,,Q02,csv,8,3,23496,391.441,60.028583,0.858513,236.658413,3.942429,0.010072,2268298519.272727,2269978624,8
egernia-final-w8,,Q03,csv,1,1,8195,136.577,60.002767,0.946659,57.498406,0.958263,0.007016,2354234709.333333,2354659328,8
egernia-final-w8,,Q03,csv,1,2,8292,138.19,60.004234,0.858841,57.474545,0.957841,0.006931,2357619991.272727,2359984128,8
egernia-final-w8,,Q03,csv,1,3,8246,137.429,60.001631,0.859196,57.618961,0.96029,0.006988,2352835118.545455,2365460480,8
egernia-final-w8,,Q03,csv,32,1,35895,597.89,60.051151,0.952502,392.684085,6.53916,0.01094,2336014336.0,2346643456,8
egernia-final-w8,,Q03,csv,32,2,34377,572.505,60.055156,0.866159,379.076409,6.312138,0.011027,2356803770.181818,2358616064,8
egernia-final-w8,,Q03,csv,32,3,36656,610.562,60.0483,0.869146,401.701514,6.68964,0.010959,2376030394.181818,2384474112,8
egernia-final-w8,,Q03,csv,4,1,21016,350.224,60.015069,0.944872,173.181833,2.885639,0.00824,2328480768.0,2328915968,8
egernia-final-w8,,Q03,csv,4,2,21345,355.7,60.01057,0.946295,175.620153,2.926487,0.008228,2330824704.0,2331348992,8
egernia-final-w8,,Q03,csv,4,3,21275,354.519,60.010869,0.944913,175.729251,2.92829,0.00826,2304715434.666667,2304991232,8
egernia-final-w8,,Q03,csv,8,1,27329,455.388,60.026953,0.944574,251.372696,4.187664,0.009198,2313551189.333333,2323779584,8
egernia-final-w8,,Q03,csv,8,2,25194,419.802,60.035171,0.946598,232.293202,3.869285,0.00922,2309251072.0,2320662528,8
egernia-final-w8,,Q03,csv,8,3,30211,503.396,60.018958,0.947236,279.151657,4.651058,0.00924,2299622058.666667,2300272640,8
egernia-final-w8,,Q04,csv,1,1,5375,89.577,60.004366,0.860866,61.450542,1.024101,0.011433,2367303307.636364,2368131072,8
egernia-final-w8,,Q04,csv,1,2,5503,91.707,60.005987,0.85872,61.131945,1.018764,0.011109,2366146001.454545,2366521344,8
egernia-final-w8,,Q04,csv,1,3,5437,90.604,60.008069,0.94484,61.237414,1.020486,0.011263,2366605653.333333,2367410176,8
egernia-final-w8,,Q04,csv,32,1,27589,459.391,60.080739,0.863061,434.161862,7.226307,0.015737,2321914414.545455,2323443712,8
egernia-final-w8,,Q04,csv,32,2,27400,456.272,60.052934,0.865903,432.335334,7.199238,0.015779,2350456459.636364,2354712576,8
egernia-final-w8,,Q04,csv,32,3,27608,459.716,60.094755,0.95275,436.290679,7.260046,0.015803,2365908309.333333,2367430656,8
egernia-final-w8,,Q04,csv,4,1,14654,244.191,60.021272,0.858248,190.531585,3.174401,0.013002,2333321774.545455,2334158848,8
egernia-final-w8,,Q04,csv,4,2,13053,217.495,60.025063,0.945112,168.151543,2.801356,0.012882,2333720917.333333,2335023104,8
egernia-final-w8,,Q04,csv,4,3,14903,248.323,60.015399,0.944584,192.308895,3.204326,0.012904,2308457813.333333,2310160384,8
egernia-final-w8,,Q04,csv,8,1,21886,364.704,60.031635,0.944654,309.48888,5.15543,0.014141,2304002389.333333,2304942080,8
egernia-final-w8,,Q04,csv,8,2,18348,305.712,60.034022,0.946841,255.64241,4.258292,0.013933,2309675349.333333,2312425472,8
egernia-final-w8,,Q04,csv,8,3,17774,296.144,60.031503,0.859307,246.782256,4.110879,0.013884,2287990597.818182,2299101184,8
egernia-final-w8,,Q05,csv,1,1,9828,163.796,60.001425,0.947224,53.876428,0.897919,0.005482,2367886677.333333,2368557056,8
egernia-final-w8,,Q05,csv,1,2,9762,162.688,60.004371,0.944542,54.019546,0.90026,0.005534,2362149888.0,2363691008,8
egernia-final-w8,,Q05,csv,1,3,9748,162.456,60.003894,0.944681,53.677543,0.894568,0.005507,2362555733.333333,2362884096,8
egernia-final-w8,,Q05,csv,32,1,41221,686.634,60.036489,0.86389,384.043316,6.396832,0.009317,2354510382.545455,2362843136,8
egernia-final-w8,,Q05,csv,32,2,42053,700.56,60.035511,0.866885,395.035654,6.580033,0.009394,2362706106.181818,2374418432,8
egernia-final-w8,,Q05,csv,32,3,41447,690.135,60.056825,0.952073,385.243056,6.414642,0.009295,2381216768.0,2392887296,8
egernia-final-w8,,Q05,csv,4,1,25882,431.303,60.010697,0.859481,170.860105,2.847161,0.006602,2340394077.090909,2340913152,8
egernia-final-w8,,Q05,csv,4,2,20253,337.487,60.012378,0.860671,136.401263,2.272885,0.006735,2343642577.454545,2353836032,8
egernia-final-w8,,Q05,csv,4,3,26136,435.519,60.018691,0.944545,171.313025,2.854328,0.006555,2310091093.333333,2310598656,8
egernia-final-w8,,Q05,csv,8,1,29145,485.656,60.025073,0.943657,225.566546,3.757872,0.007739,2310987434.666667,2312331264,8
egernia-final-w8,,Q05,csv,8,2,29120,485.262,60.034451,0.859846,225.216197,3.751449,0.007734,2310553600.0,2310832128,8
egernia-final-w8,,Q05,csv,8,3,32416,540.182,60.014943,0.859525,241.312955,4.020881,0.007444,2298690466.909091,2300919808,8
egernia-final-w8,,Q06,csv,1,1,8247,137.448,60.000788,0.861209,60.762192,1.01269,0.007368,2372967330.909091,2381754368,8
egernia-final-w8,,Q06,csv,1,2,8375,139.579,60.001759,0.944863,60.835901,1.013902,0.007264,2371793920.0,2380726272,8
egernia-final-w8,,Q06,csv,1,3,8256,137.586,60.005934,0.944426,60.478739,1.007879,0.007325,2370884608.0,2382020608,8
egernia-final-w8,,Q06,csv,32,1,33894,564.578,60.055314,0.865974,396.147583,6.596379,0.011688,2348050990.545455,2349150208,8
egernia-final-w8,,Q06,csv,32,2,32043,533.615,60.058937,0.865266,371.153332,6.179818,0.011583,2376729320.727273,2377863168,8
egernia-final-w8,,Q06,csv,32,3,33644,560.284,60.048514,0.864628,391.759113,6.524043,0.011644,2383102696.727273,2384973824,8
egernia-final-w8,,Q06,csv,4,1,20308,338.385,60.021522,0.85952,177.330684,2.954452,0.008732,2342619322.181818,2343280640,8
egernia-final-w8,,Q06,csv,4,2,20297,338.222,60.021314,0.946149,176.09551,2.933883,0.008676,2343124992.0,2343669760,8
egernia-final-w8,,Q06,csv,4,3,17996,299.881,60.016273,0.942926,157.369867,2.62212,0.008745,2313051477.333333,2313900032,8
egernia-final-w8,,Q06,csv,8,1,25383,422.964,60.018975,0.945985,247.399816,4.122027,0.009747,2315388245.333333,2323427328,8
egernia-final-w8,,Q06,csv,8,2,22137,368.804,60.033027,0.9441,213.032352,3.548586,0.009623,2315995818.666667,2328727552,8
egernia-final-w8,,Q06,csv,8,3,26375,439.493,60.032199,0.945119,258.03378,4.298256,0.009783,2310066517.333333,2312101888,8
egernia-final-w8,,Q07,csv,1,1,9112,151.855,60.004666,0.946378,55.786361,0.9297,0.006122,2383197866.666667,2387193856,8
egernia-final-w8,,Q07,csv,1,2,9052,150.854,60.0049,0.943938,56.018851,0.933571,0.006189,2380792832.0,2381107200,8
egernia-final-w8,,Q07,csv,1,3,8846,147.43,60.001229,0.858593,56.46234,0.94102,0.006383,2382369512.727273,2391289856,8
egernia-final-w8,,Q07,csv,32,1,38122,634.964,60.042881,0.950578,387.505077,6.453805,0.010165,2374586026.666667,2376892416,8
egernia-final-w8,,Q07,csv,32,2,39168,652.139,60.061183,0.866185,398.800144,6.639898,0.010182,2393315886.545455,2404655104,8
egernia-final-w8,,Q07,csv,32,3,37055,617.198,60.04556,0.95541,378.643501,6.305937,0.010218,2413169664.0,2422231040,8
egernia-final-w8,,Q07,csv,4,1,23248,387.433,60.011696,0.943019,171.854724,2.863687,0.007392,2349351936.0,2353795072,8
egernia-final-w8,,Q07,csv,4,2,19162,319.324,60.01473,0.945157,142.093001,2.367635,0.007415,2355560448.0,2370949120,8
egernia-final-w8,,Q07,csv,4,3,26158,435.868,60.022088,0.942071,190.9797,3.181824,0.007301,2327791616.0,2333941760,8
egernia-final-w8,,Q07,csv,8,1,29481,491.269,60.033918,0.945217,248.331129,4.136514,0.008423,2328586922.666667,2334404608,8
egernia-final-w8,,Q07,csv,8,2,25500,424.907,60.039826,0.945918,216.747822,3.610067,0.0085,2329684309.333333,2341126144,8
egernia-final-w8,,Q07,csv,8,3,29605,493.322,60.028395,0.946274,248.760931,4.144054,0.008403,2319305728.0,2324422656,8
egernia-final-w8,,Q10,csv,1,1,4493,74.868,60.011889,0.946728,72.731866,1.211958,0.016188,2409991509.333333,2414751744,8
egernia-final-w8,,Q10,csv,1,2,4535,75.574,60.007293,0.943956,72.366711,1.205965,0.015957,2402442581.333333,2402738176,8
egernia-final-w8,,Q10,csv,1,3,4556,75.921,60.009355,0.944507,72.23877,1.203792,0.015856,2409720490.666667,2421743616,8
egernia-final-w8,,Q10,csv,32,1,19099,317.987,60.066601,0.864703,422.375701,7.03179,0.022115,2376342434.909091,2388840448,8
egernia-final-w8,,Q10,csv,32,2,19109,318.138,60.084308,0.951269,422.998511,7.040083,0.022136,2408742229.333333,2409484288,8
egernia-final-w8,,Q10,csv,32,3,19141,318.717,60.076699,0.953125,424.258606,7.061949,0.022165,2413023232.0,2415009792,8
egernia-final-w8,,Q10,csv,4,1,6889,114.781,60.022449,0.857802,124.5172,2.07451,0.018075,2373176226.909091,2374995968,8
egernia-final-w8,,Q10,csv,4,2,11380,189.63,60.045837,0.858998,206.665332,3.441793,0.01816,2379399912.727273,2380492800,8
egernia-final-w8,,Q10,csv,4,3,11378,189.614,60.009413,0.944709,206.509194,3.44128,0.01815,2354151424.0,2374565888,8
egernia-final-w8,,Q10,csv,8,1,14381,239.568,60.050243,0.94346,281.682698,4.690784,0.019587,2347879082.666667,2348478464,8
egernia-final-w8,,Q10,csv,8,2,16230,270.38,60.055517,0.945132,322.80032,5.375032,0.019889,2350613845.333333,2351861760,8
egernia-final-w8,,Q10,csv,8,3,14807,246.695,60.023164,0.857539,293.069366,4.882604,0.019793,2330148864.0,2343505920,8
egernia-final-w8,,Q11,csv,1,1,283,4.71,60.087096,0.945657,28.077735,0.467284,0.099215,2412673024.0,2415194112,8
egernia-final-w8,,Q11,csv,1,2,281,4.624,60.767208,0.931725,28.265367,0.465142,0.100588,2402921472.0,2403819520,8
egernia-final-w8,,Q11,csv,1,3,290,4.825,60.10737,0.856455,28.559042,0.475134,0.098479,2399974865.454545,2401239040,8
egernia-final-w8,,Q11,csv,32,1,2467,40.867,60.4439,0.940743,298.977723,4.946367,0.121191,2487508309.333333,2500698112,8
egernia-final-w8,,Q11,csv,32,2,2311,38.214,60.63657,0.941451,276.741806,4.563942,0.11975,2538486442.666667,2545475584,8
egernia-final-w8,,Q11,csv,32,3,2280,37.426,60.996192,0.935087,278.562459,4.566883,0.122177,2558746282.666667,2575843328,8
egernia-final-w8,,Q11,csv,4,1,1162,19.354,60.061169,0.855965,120.420908,2.004971,0.103632,2377339997.090909,2382745600,8
egernia-final-w8,,Q11,csv,4,2,973,16.164,60.199294,0.941138,102.527311,1.703131,0.105372,2382286848.0,2393415680,8
egernia-final-w8,,Q11,csv,4,3,1166,19.401,60.277941,0.938979,121.620776,2.017666,0.104306,2370883584.0,2387144704,8
egernia-final-w8,,Q11,csv,8,1,2024,33.634,60.209284,0.938736,220.926942,3.669317,0.109154,2366863018.666667,2374979584,8
egernia-final-w8,,Q11,csv,8,2,2068,34.2,60.560726,0.850172,231.164436,3.817068,0.111782,2366253614.545455,2373193728,8
egernia-final-w8,,Q11,csv,8,3,2174,36.131,60.187797,0.939789,240.894434,4.00238,0.110807,2352711680.0,2356498432,8
egernia-final-w8,,Q12,csv,1,1,9993,166.534,60.005594,0.948717,53.821428,0.89694,0.005386,2474419541.333333,2475020288,8
egernia-final-w8,,Q12,csv,1,2,10019,166.968,60.005571,0.859394,53.615522,0.893509,0.005351,2466599284.363636,2477121536,8
egernia-final-w8,,Q12,csv,1,3,9993,166.537,60.004758,0.944833,53.721645,0.89529,0.005376,2473223850.666667,2483515392,8
egernia-final-w8,,Q12,csv,32,1,36596,609.543,60.039824,0.864122,335.134578,5.581871,0.009158,2441461015.272727,2444894208,8
egernia-final-w8,,Q12,csv,32,2,42740,711.932,60.040687,0.958025,387.368434,6.451766,0.009063,2461083989.333333,2469928960,8
egernia-final-w8,,Q12,csv,32,3,40533,675.011,60.048362,0.955563,365.643621,6.089152,0.009021,2464461824.0,2475204608,8
egernia-final-w8,,Q12,csv,4,1,26467,441.068,60.010571,0.946168,169.67594,2.827434,0.006411,2438269610.666667,2439557120,8
egernia-final-w8,,Q12,csv,4,2,26414,440.176,60.01229,0.94717,169.833668,2.829981,0.00643,2438515029.333333,2438963200,8
egernia-final-w8,,Q12,csv,4,3,26570,442.775,60.01467,0.859714,170.911138,2.847823,0.006432,2442966481.454545,2445185024,8
egernia-final-w8,,Q12,csv,8,1,28303,471.598,60.029755,0.860394,210.87041,3.512765,0.00745,2421549614.545455,2423099392,8
egernia-final-w8,,Q12,csv,8,2,33007,550.064,60.024807,0.863191,243.573312,4.057877,0.007379,2424028066.909091,2424561664,8
egernia-final-w8,,Q12,csv,8,3,32644,543.962,60.033144,0.860735,239.159634,3.983793,0.007326,2409082880.0,2420088832,8
egernia-final-w8,,Q13,csv,1,1,458,7.626,60.060733,0.945671,168.937084,2.812771,0.368858,2480110250.666667,2491080704,8
egernia-final-w8,,Q13,csv,1,2,451,7.505,60.093385,0.942496,169.102985,2.814003,0.374951,2477680981.333333,2480431104,8
egernia-final-w8,,Q13,csv,1,3,458,7.625,60.06859,0.942983,168.589482,2.806616,0.368099,2488733013.333333,2489987072,8
egernia-final-w8,,Q13,csv,32,1,1071,17.54,61.412321,0.937245,490.522229,7.987359,0.458004,2620807850.666667,2638127104,8
egernia-final-w8,,Q13,csv,32,2,1075,17.527,61.385876,0.854101,490.464098,7.989853,0.456246,2646507892.363636,2661265408,8
egernia-final-w8,,Q13,csv,32,3,1082,17.702,61.133313,0.859402,488.805303,7.995727,0.451761,2667717352.727273,2677047296,8
egernia-final-w8,,Q13,csv,4,1,1025,17.022,60.220502,0.941118,464.921868,7.720325,0.453582,2475573930.666667,2479939584,8
egernia-final-w8,,Q13,csv,4,2,1026,17.063,60.282962,0.941097,465.812833,7.727106,0.454009,2476005034.666667,2482126848,8
egernia-final-w8,,Q13,csv,4,3,1035,17.225,60.295069,0.855291,465.497713,7.720328,0.449756,2474113954.909091,2478604288,8
egernia-final-w8,,Q13,csv,8,1,1065,17.683,60.493051,0.853316,482.314296,7.973053,0.452877,2469427758.545455,2474446848,8
egernia-final-w8,,Q13,csv,8,2,1058,17.563,60.439704,0.854656,482.049605,7.975711,0.455623,2475276846.545455,2480615424,8
egernia-final-w8,,Q13,csv,8,3,1068,17.676,60.530682,0.937488,482.108465,7.964696,0.451412,2460440234.666667,2467770368,8
egernia-final-w8,,mix,csv,1,1,7825,130.409,60.003231,0.863084,58.611805,0.976811,0.00749,2422372538.181818,2428780544,8
egernia-final-w8,,mix,csv,1,2,7826,130.427,60.002967,0.947475,58.786952,0.979734,0.007512,2433064618.666667,2434453504,8
egernia-final-w8,,mix,csv,1,3,7830,130.494,60.002601,0.860144,58.739336,0.978946,0.007502,2404925812.363636,2434580480,8
egernia-final-w8,,mix,csv,32,1,33734,561.872,60.043034,0.953009,394.302843,6.567004,0.011689,2538021546.666667,2566967296,8
egernia-final-w8,,mix,csv,32,2,32541,542.002,60.042427,0.86891,382.165896,6.364931,0.011744,2598485643.636364,2612629504,8
egernia-final-w8,,mix,csv,32,3,34073,567.549,60.040564,0.868301,401.362101,6.684849,0.011779,2627911307.636364,2640019456,8
egernia-final-w8,,mix,csv,4,1,20047,334.075,60.026999,0.948166,177.556377,2.957942,0.008857,2441276757.333333,2453639168,8
egernia-final-w8,,mix,csv,4,2,20118,335.268,60.011205,0.862136,177.835795,2.963376,0.00884,2455087290.181818,2455863296,8
egernia-final-w8,,mix,csv,4,3,21790,363.09,60.024733,0.862024,193.305756,3.220435,0.008871,2431356928.0,2439045120,8
egernia-final-w8,,mix,csv,8,1,29020,483.59,60.026039,0.947611,285.838374,4.761906,0.00985,2466905429.333333,2478718976,8
egernia-final-w8,,mix,csv,8,2,26519,441.84,60.021788,0.948591,264.104774,4.400148,0.009959,2429114709.333333,2429689856,8
egernia-final-w8,,mix,csv,8,3,26430,440.394,60.029073,0.946956,263.738412,4.393511,0.009979,2423944192.0,2424836096,8
egernia-final-w8,,Q01,votable,1,1,11127,185.447,60.000861,0.948704,52.577447,0.876278,0.004725,2319286613.333333,2329636864,8
egernia-final-w8,,Q01,votable,1,2,11119,185.309,60.00238,0.945716,52.759862,0.879296,0.004745,2303031637.333333,2308788224,8
egernia-final-w8,,Q01,votable,1,3,11175,186.248,60.000513,0.944582,52.820244,0.88033,0.004727,2220618752.0,2221088768,8
egernia-final-w8,,Q01,votable,32,1,44776,745.817,60.039798,0.955123,365.199407,6.082622,0.008156,2084456106.666667,2092199936,8
egernia-final-w8,,Q01,votable,32,2,47626,793.278,60.04439,0.958899,382.598747,6.371932,0.008033,2095762773.333333,2097102848,8
egernia-final-w8,,Q01,votable,32,3,47508,791.415,60.029073,0.959393,393.605693,6.556918,0.008285,2064221525.333333,2067341312,8
egernia-final-w8,,Q01,votable,4,1,29947,499.05,60.008844,0.861933,170.64691,2.843696,0.005698,2200315717.818182,2200817664,8
egernia-final-w8,,Q01,votable,4,2,29981,499.623,60.010613,0.860481,170.010193,2.833002,0.005671,2152256232.727273,2152796160,8
egernia-final-w8,,Q01,votable,4,3,30406,506.713,60.014098,0.861342,170.987981,2.84913,0.005623,2142588183.272727,2143051776,8
egernia-final-w8,,Q01,votable,8,1,41707,695.01,60.032712,0.86348,271.455584,4.521794,0.006509,2114224872.727273,2134327296,8
egernia-final-w8,,Q01,votable,8,2,42559,709.126,60.019483,0.862476,272.541894,4.54089,0.006404,2088014196.363636,2089230336,8
egernia-final-w8,,Q01,votable,8,3,42202,703.258,60.019579,0.863315,272.876601,4.54646,0.006466,2089945274.181818,2102124544,8
egernia-final-w8,,Q02,votable,1,1,7150,119.164,60.001442,0.862181,59.354573,0.989219,0.008301,2069434740.363636,2079518720,8
egernia-final-w8,,Q02,votable,1,2,7117,118.608,60.004304,0.946142,59.25895,0.987578,0.008326,2082358954.666667,2089762816,8
egernia-final-w8,,Q02,votable,1,3,7181,119.675,60.004123,0.859822,59.229833,0.987096,0.008248,2048503808.0,2058788864,8
egernia-final-w8,,Q02,votable,32,1,31070,517.365,60.05889,0.95051,400.571647,6.669648,0.012893,2081839104.0,2093723648,8
egernia-final-w8,,Q02,votable,32,2,32338,538.608,60.039791,0.954983,419.746558,6.99114,0.01298,2112496981.333333,2115276800,8
egernia-final-w8,,Q02,votable,32,3,31150,518.855,60.03899,0.866547,402.839492,6.709631,0.012932,2128716148.363636,2130399232,8
egernia-final-w8,,Q02,votable,4,1,19409,323.438,60.013541,0.948675,188.964037,3.14869,0.009736,2073025536.0,2074324992,8
egernia-final-w8,,Q02,votable,4,2,18260,304.271,60.02032,0.858655,177.68078,2.960344,0.009731,2057426385.454545,2057973760,8
egernia-final-w8,,Q02,votable,4,3,19797,329.904,60.016308,0.860986,192.32662,3.204573,0.009715,2057687412.363636,2058440704,8
egernia-final-w8,,Q02,votable,8,1,24370,406.053,60.034609,0.946735,264.665394,4.408547,0.01086,2055672832.0,2059202560,8
egernia-final-w8,,Q02,votable,8,2,21103,351.619,60.024506,0.94562,225.433696,3.755694,0.010683,2038606848.0,2039586816,8
egernia-final-w8,,Q02,votable,8,3,23528,392.048,60.023107,0.946022,254.244306,4.235774,0.010806,2039947946.666667,2041135104,8
egernia-final-w8,,Q03,votable,1,1,8003,133.376,60.003135,0.948465,57.681851,0.961314,0.007208,2130012160.0,2130419712,8
egernia-final-w8,,Q03,votable,1,2,7880,131.319,60.006453,0.946175,57.699112,0.961548,0.007322,2132615850.666667,2143645696,8
egernia-final-w8,,Q03,votable,1,3,7869,131.137,60.006017,0.85943,57.477348,0.95786,0.007304,2117484916.363636,2117951488,8
egernia-final-w8,,Q03,votable,32,1,32787,546.068,60.050994,0.86807,376.18562,6.264436,0.011474,2112281879.272727,2124095488,8
egernia-final-w8,,Q03,votable,32,2,34230,570.137,60.076713,0.866924,386.451439,6.432633,0.01129,2123304215.272727,2123763712,8
egernia-final-w8,,Q03,votable,32,3,34959,582.13,60.055113,0.867466,400.016614,6.660825,0.011442,2133795560.727273,2137530368,8
egernia-final-w8,,Q03,votable,4,1,16862,280.98,60.018421,0.947578,145.446199,2.423359,0.008626,2117259946.666667,2117795840,8
egernia-final-w8,,Q03,votable,4,2,16731,278.78,60.0254,0.94591,146.030046,2.432804,0.008728,2088967850.666667,2089525248,8
egernia-final-w8,,Q03,votable,4,3,21732,362.168,60.010113,0.861518,188.683054,3.144188,0.008682,2098985146.181818,2099699712,8
egernia-final-w8,,Q03,votable,8,1,28340,472.234,60.027592,0.862292,274.70608,4.57633,0.009693,2101517963.636364,2102673408,8
egernia-final-w8,,Q03,votable,8,2,27064,450.989,60.02232,0.863082,260.547924,4.340851,0.009627,2083237888.0,2083790848,8
egernia-final-w8,,Q03,votable,8,3,23201,386.601,60.034165,0.861781,224.195522,3.734466,0.009663,2087829131.636364,2088468480,8
egernia-final-w8,,Q04,votable,1,1,5101,85.002,60.010543,0.862501,61.164399,1.019228,0.011991,2130998737.454545,2131382272,8
egernia-final-w8,,Q04,votable,1,2,5146,85.753,60.009729,0.859528,61.267676,1.020962,0.011906,2131535313.454545,2132000768,8
egernia-final-w8,,Q04,votable,1,3,5141,85.673,60.007329,0.944444,61.389175,1.023028,0.011941,2101678080.0,2103169024,8
egernia-final-w8,,Q04,votable,32,1,25987,432.678,60.063848,0.862715,438.094228,7.293809,0.016858,2087082914.909091,2087870464,8
egernia-final-w8,,Q04,votable,32,2,25748,428.818,60.048549,0.950225,435.879007,7.258777,0.016929,2108733440.0,2119204864,8
egernia-final-w8,,Q04,votable,32,3,25900,431.369,60.044621,0.953507,438.944953,7.310313,0.016948,2132208640.0,2143752192,8
egernia-final-w8,,Q04,votable,4,1,13933,232.17,60.017293,0.946191,192.873952,3.21364,0.013843,2096552618.666667,2097184768,8
egernia-final-w8,,Q04,votable,4,2,12700,211.625,60.022434,0.943776,174.803371,2.912301,0.013764,2066572629.333333,2067398656,8
egernia-final-w8,,Q04,votable,4,3,13702,228.304,60.029741,0.942993,186.242956,3.102511,0.013592,2069739520.0,2072678400,8
egernia-final-w8,,Q04,votable,8,1,16789,279.71,60.036235,0.944603,255.592748,4.257308,0.015224,2072643242.666667,2082652160,8
egernia-final-w8,,Q04,votable,8,2,19473,324.431,60.026651,0.944674,292.399232,4.871157,0.015016,2049705642.666667,2050748416,8
egernia-final-w8,,Q04,votable,8,3,17838,297.193,60.032259,0.943658,266.235327,4.434871,0.014925,2054026240.0,2055032832,8
egernia-final-w8,,Q05,votable,1,1,9572,159.526,60.002669,0.8617,53.68968,0.894788,0.005609,2133356544.0,2134085632,8
egernia-final-w8,,Q05,votable,1,2,9841,164.005,60.004053,0.944933,53.232854,0.887154,0.005409,2132699818.666667,2133594112,8
egernia-final-w8,,Q05,votable,1,3,9583,159.715,60.000728,0.943802,54.258731,0.904301,0.005662,2116033877.333333,2124455936,8
egernia-final-w8,,Q05,votable,32,1,40725,678.341,60.036062,0.864036,388.938504,6.478415,0.00955,2109633629.090909,2110636032,8
egernia-final-w8,,Q05,votable,32,2,40743,678.693,60.033705,0.86764,390.256199,6.500618,0.009578,2137183697.454545,2137821184,8
egernia-final-w8,,Q05,votable,32,3,41202,686.166,60.063834,0.86631,393.941653,6.558716,0.009561,2139094295.272727,2140712960,8
egernia-final-w8,,Q05,votable,4,1,28728,478.757,60.012947,0.859729,191.662672,3.193689,0.006672,2130595840.0,2131587072,8
egernia-final-w8,,Q05,votable,4,2,21548,359.082,60.013574,0.946017,147.281628,2.454139,0.006835,2106160469.333333,2130022400,8
egernia-final-w8,,Q05,votable,4,3,23341,388.956,60.012756,0.944314,161.486327,2.690867,0.006919,2093602816.0,2094088192,8
egernia-final-w8,,Q05,votable,8,1,35213,586.785,60.021766,0.946626,273.528939,4.557162,0.007768,2100640426.666667,2111995904,8
egernia-final-w8,,Q05,votable,8,2,34834,580.419,60.030656,0.946468,267.690868,4.459236,0.007685,2074257066.666667,2075602944,8
egernia-final-w8,,Q05,votable,8,3,28745,478.978,60.019343,0.859802,227.063567,3.783173,0.007899,2074833640.727273,2075500544,8
egernia-final-w8,,Q06,votable,1,1,7681,128.012,60.001942,0.859751,61.611485,1.026825,0.008021,2134236066.909091,2134507520,8
egernia-final-w8,,Q06,votable,1,2,7727,128.769,60.006577,0.943828,61.630699,1.027066,0.007976,2134017706.666667,2134892544,8
egernia-final-w8,,Q06,votable,1,3,7690,128.156,60.004824,0.941974,61.739979,1.028917,0.008029,2100772181.333333,2109022208,8
egernia-final-w8,,Q06,votable,32,1,31762,528.908,60.054047,0.861939,401.028439,6.677792,0.012626,2133372928.0,2137493504,8
egernia-final-w8,,Q06,votable,32,2,32005,533.08,60.102664,0.958235,407.032664,6.77229,0.012718,2160545450.666667,2162012160,8
egernia-final-w8,,Q06,votable,32,3,31646,527.003,60.065341,0.953756,400.123268,6.661467,0.012644,2175303338.666667,2176442368,8
egernia-final-w8,,Q06,votable,4,1,15671,261.115,60.015739,0.857206,149.190703,2.48586,0.00952,2103081146.181818,2103750656,8
egernia-final-w8,,Q06,votable,4,2,15775,262.883,60.009312,0.858076,150.127477,2.501736,0.009517,2084456634.181818,2101411840,8
egernia-final-w8,,Q06,votable,4,3,19468,324.424,60.017703,0.94338,183.472534,3.056974,0.009424,2077175125.333333,2086985728,8
egernia-final-w8,,Q06,votable,8,1,26586,443.026,60.027934,0.945821,284.324742,4.73654,0.010695,2083395242.666667,2094514176,8
egernia-final-w8,,Q06,votable,8,2,26205,436.701,60.025243,0.944074,279.365431,4.654132,0.010661,2063617024.0,2064510976,8
egernia-final-w8,,Q06,votable,8,3,26093,434.801,60.034378,0.942969,278.491253,4.638863,0.010673,2064704170.666667,2065424384,8
egernia-final-w8,,Q07,votable,1,1,8688,144.786,60.005779,0.860453,56.737323,0.945531,0.006531,2175620189.090909,2177052672,8
egernia-final-w8,,Q07,votable,1,2,8650,144.166,60.000017,0.944986,56.614728,0.943579,0.006545,2173892266.666667,2174418944,8
egernia-final-w8,,Q07,votable,1,3,8600,143.323,60.004158,0.942872,56.352247,0.939139,0.006553,2143347370.666667,2144722944,8
egernia-final-w8,,Q07,votable,32,1,36670,610.729,60.045677,0.947798,389.417709,6.485358,0.01062,2143498922.666667,2156236800,8
egernia-final-w8,,Q07,votable,32,2,36136,601.856,60.040811,0.951598,382.120206,6.364341,0.010575,2174006272.0,2184327168,8
egernia-final-w8,,Q07,votable,32,3,33910,564.687,60.054325,0.865943,364.16861,6.063986,0.010739,2199124526.545455,2211106816,8
egernia-final-w8,,Q07,votable,4,1,24561,409.296,60.012144,0.86018,190.186825,3.169139,0.007743,2151196858.181818,2152341504,8
egernia-final-w8,,Q07,votable,4,2,19482,324.648,60.01993,0.944752,155.599751,2.592468,0.007987,2139112789.333333,2151993344,8
egernia-final-w8,,Q07,votable,4,3,12160,202.625,60.013928,0.943849,99.705471,1.661372,0.008199,2127616000.0,2138886144,8
egernia-final-w8,,Q07,votable,8,1,25745,428.989,60.019709,0.945576,228.183403,3.801808,0.008863,2127115946.666667,2129534976,8
egernia-final-w8,,Q07,votable,8,2,24174,402.779,60.045486,0.944427,210.705365,3.509096,0.008716,2105084245.333333,2105729024,8
egernia-final-w8,,Q07,votable,8,3,27912,465.055,60.033379,0.945188,244.233712,4.068299,0.00875,2105580544.0,2106433536,8
egernia-final-w8,,Q10,votable,1,1,3884,64.718,60.014006,0.861052,71.471994,1.190922,0.018402,2199756800.0,2200391680,8
egernia-final-w8,,Q10,votable,1,2,3889,64.806,60.010046,0.944661,71.610976,1.193316,0.018414,2207343274.666667,2218254336,8
egernia-final-w8,,Q10,votable,1,3,3867,64.449,60.000862,0.857794,71.717685,1.195278,0.018546,2175294370.909091,2175787008,8
egernia-final-w8,,Q10,votable,32,1,16861,280.666,60.078451,0.950412,436.712114,7.269031,0.025901,2190318592.0,2195087360,8
egernia-final-w8,,Q10,votable,32,2,16485,274.377,60.087258,0.949834,426.157406,7.092309,0.025851,2226312533.333333,2235858944,8
egernia-final-w8,,Q10,votable,32,3,16451,273.732,60.203918,0.863365,425.220565,7.063005,0.025848,2248445207.272727,2257698816,8
egernia-final-w8,,Q10,votable,4,1,8510,141.767,60.030315,0.944685,179.695052,2.993405,0.021116,2177378645.333333,2178101248,8
egernia-final-w8,,Q10,votable,4,2,10440,173.971,60.029603,0.860592,224.714045,3.743387,0.021524,2178753629.090909,2185269248,8
egernia-final-w8,,Q10,votable,4,3,9881,164.638,60.024626,0.945629,210.946509,3.514333,0.021349,2156767914.666667,2157785088,8
egernia-final-w8,,Q10,votable,8,1,11773,196.152,60.064101,0.945871,271.114667,4.513756,0.023029,2157551957.333333,2159976448,8
egernia-final-w8,,Q10,votable,8,2,13010,216.756,60.034147,0.945248,303.115635,5.049054,0.023299,2139435690.666667,2140991488,8
egernia-final-w8,,Q10,votable,8,3,13178,219.531,60.034885,0.947568,307.224896,5.11744,0.023313,2150857386.666667,2151968768,8
egernia-final-w8,,Q11,votable,1,1,154,2.533,60.792495,0.934741,19.039308,0.313185,0.123632,2246925994.666667,2249039872,8
egernia-final-w8,,Q11,votable,1,2,148,2.464,60.066724,0.943411,18.791937,0.312851,0.126973,2247689898.666667,2252046336,8
egernia-final-w8,,Q11,votable,1,3,155,2.576,60.170399,0.939764,19.44861,0.323226,0.125475,2206524757.333333,2208600064,8
egernia-final-w8,,Q11,votable,32,1,1888,30.987,60.974308,0.931382,295.088409,4.839553,0.156297,2344087552.0,2361561088,8
egernia-final-w8,,Q11,votable,32,2,1996,32.744,60.973261,0.933644,306.099126,5.020219,0.153356,2393119402.666667,2406645760,8
egernia-final-w8,,Q11,votable,32,3,1939,31.991,60.74829,0.939047,296.589207,4.882264,0.15296,2424201557.333333,2432679936,8
egernia-final-w8,,Q11,votable,4,1,871,14.463,60.252583,0.853595,112.951252,1.874629,0.12968,2222360017.454545,2228051968,8
egernia-final-w8,,Q11,votable,4,2,898,14.865,60.419264,0.937827,118.011551,1.953211,0.131416,2225748992.0,2229698560,8
egernia-final-w8,,Q11,votable,4,3,917,15.218,60.307406,0.93749,119.896676,1.988092,0.130749,2198039552.0,2205925376,8
egernia-final-w8,,Q11,votable,8,1,1620,26.846,60.622234,0.933314,228.759744,3.773529,0.14121,2216033962.666667,2222092288,8
egernia-final-w8,,Q11,votable,8,2,1693,28.096,60.351068,0.937661,234.166102,3.880066,0.138314,2198356650.666667,2205536256,8
egernia-final-w8,,Q11,votable,8,3,1603,26.494,60.742211,0.932494,223.624694,3.681537,0.139504,2205192874.666667,2212286464,8
egernia-final-w8,,Q12,votable,1,1,9755,162.575,60.002898,0.947629,54.24696,0.904072,0.005561,2319389696.0,2319683584,8
egernia-final-w8,,Q12,votable,1,2,9828,163.783,60.006061,0.859549,54.279463,0.904566,0.005523,2318994338.909091,2323333120,8
egernia-final-w8,,Q12,votable,1,3,9921,165.336,60.00501,0.943654,53.747712,0.89572,0.005418,2288525312.0,2288779264,8
egernia-final-w8,,Q12,votable,32,1,41936,698.403,60.052691,0.865351,385.531264,6.419883,0.009193,2286448640.0,2287251456,8
egernia-final-w8,,Q12,votable,32,2,41848,697.121,60.060127,0.866802,383.299428,6.381928,0.009159,2320179944.727273,2320674816,8
egernia-final-w8,,Q12,votable,32,3,40567,675.624,60.064183,0.867538,375.335187,6.248902,0.009252,2317637445.818182,2318667776,8
egernia-final-w8,,Q12,votable,4,1,29590,493.108,60.01365,0.860173,191.515137,3.191193,0.006472,2300030976.0,2300715008,8
egernia-final-w8,,Q12,votable,4,2,29281,487.967,60.011658,0.861565,189.591973,3.159252,0.006475,2304512000.0,2307145728,8
egernia-final-w8,,Q12,votable,4,3,21888,364.741,60.013487,0.859445,149.975641,2.499032,0.006852,2272346484.363636,2282102784,8
egernia-final-w8,,Q12,votable,8,1,28922,481.948,60.032588,0.946481,221.740046,3.693661,0.007667,2271074986.666667,2271666176,8
egernia-final-w8,,Q12,votable,8,2,31732,528.7,60.018861,0.94569,237.265042,3.953175,0.007477,2245844992.0,2246545408,8
egernia-final-w8,,Q12,votable,8,3,38152,635.792,60.019115,0.860564,287.082686,4.783188,0.007525,2251526888.727273,2253045760,8
egernia-final-w8,,Q13,votable,1,1,448,7.464,60.02461,0.859927,169.219229,2.819164,0.377721,2327495400.727273,2329165824,8
egernia-final-w8,,Q13,votable,1,2,452,7.531,60.018465,0.944129,168.669678,2.810296,0.373163,2332063744.0,2337193984,8
egernia-final-w8,,Q13,votable,1,3,464,7.721,60.094673,0.940992,168.221793,2.79928,0.362547,2298685781.333333,2301415424,8
egernia-final-w8,,Q13,votable,32,1,1068,17.492,61.100985,0.856881,488.125526,7.988832,0.457046,2474751069.090909,2489765888,8
egernia-final-w8,,Q13,votable,32,2,1075,17.6,61.182026,0.858744,489.012735,7.992752,0.454896,2521464459.636364,2534375424,8
egernia-final-w8,,Q13,votable,32,3,1079,17.725,60.889122,0.950383,486.536183,7.990527,0.450914,2541572437.333333,2554052608,8
egernia-final-w8,,Q13,votable,4,1,1024,17.022,60.277005,0.940175,465.455302,7.721938,0.454546,2339986432.0,2343366656,8
egernia-final-w8,,Q13,votable,4,2,1025,17.02,60.270272,0.941181,462.863507,7.679798,0.451574,2336436906.666667,2347122688,8
egernia-final-w8,,Q13,votable,4,3,1021,16.986,60.286713,0.939144,463.941136,7.695579,0.454399,2307309226.666667,2311028736,8
egernia-final-w8,,Q13,votable,8,1,1058,17.535,60.405043,0.939561,481.363331,7.968926,0.454975,2329974784.0,2338656256,8
egernia-final-w8,,Q13,votable,8,2,1059,17.602,60.418793,0.853878,481.614385,7.971268,0.454782,2301772893.090909,2312126464,8
egernia-final-w8,,Q13,votable,8,3,1081,17.932,60.463389,0.853276,482.323455,7.977116,0.446183,2305607121.454545,2309144576,8
egernia-final-w8,,mix,votable,1,1,7545,125.748,60.000684,0.940727,59.027402,0.983779,0.007823,2015210154.666667,2016251904,8
egernia-final-w8,,mix,votable,1,2,7577,126.274,60.004141,0.9389,59.266151,0.987701,0.007822,2007449258.666667,2017275904,8
egernia-final-w8,,mix,votable,1,3,7387,123.112,60.002317,0.852289,59.239906,0.987294,0.008019,1962997946.181818,1963347968,8
egernia-final-w8,,mix,votable,32,1,32695,544.491,60.068766,0.951257,405.842446,6.756297,0.012413,2188489386.666667,2205622272,8
egernia-final-w8,,mix,votable,32,2,32145,535.395,60.044755,0.866345,402.011922,6.695205,0.012506,2275317201.454545,2278817792,8
egernia-final-w8,,mix,votable,32,3,32568,542.289,60.069508,0.955029,406.632178,6.769361,0.012486,2311300437.333333,2318577664,8
egernia-final-w8,,mix,votable,4,1,16723,278.68,60.01165,0.854755,157.436557,2.623433,0.009414,1979248267.636364,1983594496,8
egernia-final-w8,,mix,votable,4,2,19522,325.313,60.018364,0.854945,184.973414,3.081947,0.009475,1973277416.727273,1975255040,8
egernia-final-w8,,mix,votable,4,3,19678,327.909,60.015904,0.854774,186.514625,3.107753,0.009478,1975176843.636364,1975779328,8
egernia-final-w8,,mix,votable,8,1,26512,441.762,60.02047,0.856234,280.373191,4.671293,0.010575,1993980462.545455,2001465344,8
egernia-final-w8,,mix,votable,8,2,23322,388.619,60.031423,0.94287,248.097489,4.132794,0.010638,1999700992.0,2000674816,8
egernia-final-w8,,mix,votable,8,3,21248,354.012,60.051817,0.944403,222.772234,3.709667,0.010484,2047375018.666667,2048421888,8
