target,tier,query_class,response_format,concurrency,repetition,requests,rps,window_seconds,coverage,cpu_seconds,cpu_cores,cpu_seconds_per_request,mem_mean_bytes,mem_peak_bytes,api_workers
dachs-local,16,Q01,csv,32,1,976,15.865,62.407503,0.88693,122.645822,1.965242,0.125662,1127385770.666667,1130459136,
dachs-local,16,Q01,csv,32,2,968,15.849,62.017178,0.892669,121.374987,1.957119,0.125387,1128546986.666667,1136693248,
dachs-local,16,Q01,csv,32,3,968,15.741,62.149633,0.971691,121.735989,1.958756,0.12576,1128226816.0,1135403008,
dachs-local,16,Q01,csv,64,1,968,15.307,63.645238,0.948976,124.778338,1.960529,0.128903,1130001959.384615,1135521792,
dachs-local,16,Q01,csv,64,2,984,15.427,64.540976,0.93569,126.231472,1.955835,0.128284,1129711458.461539,1135951872,
dachs-local,16,Q01,csv,64,3,979,15.463,64.347384,0.938664,126.353761,1.963619,0.129064,1131439340.307692,1136611328,
dachs-local,16,Q01,csv,8,1,1043,17.337,60.364697,0.916974,121.466221,2.012206,0.116459,1140786517.333333,1144414208,
dachs-local,16,Q01,csv,8,2,1057,17.563,60.369184,0.916677,121.575912,2.013874,0.11502,1141120682.666667,1144123392,
dachs-local,16,Q01,csv,8,3,1053,17.442,60.40168,0.91638,121.906374,2.018261,0.115771,1140615509.333333,1145999360,
dachs-local,16,Q02,csv,32,1,657,10.45,63.513734,0.872389,363.669198,5.725836,0.55353,1140524032.0,1149960192,
dachs-local,16,Q02,csv,32,2,663,10.584,63.833325,0.868482,366.5252,5.74191,0.552828,1143422293.333333,1159020544,
dachs-local,16,Q02,csv,32,3,663,10.554,63.78319,0.947751,368.309364,5.774395,0.555519,1139580297.846154,1144463360,
dachs-local,16,Q02,csv,64,1,695,10.628,68.689206,0.95373,395.565176,5.758768,0.569159,1142171355.428571,1153114112,
dachs-local,16,Q02,csv,64,2,672,10.209,68.098333,0.961882,389.021154,5.712638,0.578901,1142785462.857143,1155063808,
dachs-local,16,Q02,csv,64,3,696,10.585,69.104329,0.947999,397.78998,5.756368,0.571537,1145891108.571429,1158381568,
dachs-local,16,Q02,csv,8,1,673,11.158,60.617656,0.91458,361.328421,5.960778,0.536892,1141783552.0,1161519104,
dachs-local,16,Q02,csv,8,2,661,10.899,60.703591,0.912154,356.614402,5.874684,0.539507,1133207210.666667,1144606720,
dachs-local,16,Q02,csv,8,3,669,11.049,60.679191,0.912946,357.948196,5.899027,0.53505,1136353962.666667,1148747776,
dachs-local,16,Q03,csv,32,1,704,11.279,63.265805,0.874989,135.590776,2.143192,0.192601,1137593344.0,1140645888,
dachs-local,16,Q03,csv,32,2,704,11.325,63.193904,0.876523,139.385752,2.205683,0.197991,1140623701.333333,1149153280,
dachs-local,16,Q03,csv,32,3,703,11.335,63.130593,0.956748,143.622124,2.275,0.204299,1139768713.846154,1152929792,
dachs-local,16,Q03,csv,64,1,704,10.851,68.497294,0.955211,139.285137,2.03344,0.197848,1141783990.857143,1151967232,
dachs-local,16,Q03,csv,64,2,704,11.2,66.528988,0.98367,146.570163,2.203102,0.208196,1147169060.571429,1165500416,
dachs-local,16,Q03,csv,64,3,704,11.276,65.980232,0.915483,149.341097,2.263422,0.212132,1143225422.769231,1153069056,
dachs-local,16,Q03,csv,8,1,718,11.891,60.736333,0.911242,132.802912,2.186548,0.184962,1132419413.333333,1137303552,
dachs-local,16,Q03,csv,8,2,721,11.945,60.55721,0.914076,132.713007,2.191531,0.184068,1134767104.0,1145806848,
dachs-local,16,Q03,csv,8,3,716,11.889,60.388545,0.916436,136.852917,2.266207,0.191135,1132303018.666667,1141432320,
dachs-local,16,Q04,csv,32,1,703,11.259,63.755731,0.947168,121.510481,1.905875,0.172846,1143578624.0,1146957824,
dachs-local,16,Q04,csv,32,2,703,11.242,64.104963,0.863506,122.180761,1.905949,0.173799,1146521258.666667,1151950848,
dachs-local,16,Q04,csv,32,3,705,11.367,63.76862,0.868424,121.635783,1.907455,0.172533,1146791936.0,1149411328,
dachs-local,16,Q04,csv,64,1,704,11.382,65.776094,0.918055,125.636271,1.91006,0.178461,1146283244.307692,1152704512,
dachs-local,16,Q04,csv,64,2,721,11.107,66.59222,0.906991,127.607868,1.916258,0.176987,1146625102.769231,1150644224,
dachs-local,16,Q04,csv,64,3,704,11.268,66.319115,0.986635,126.888546,1.913303,0.180239,1147364498.285714,1154437120,
dachs-local,16,Q04,csv,8,1,723,11.967,60.709665,0.911638,115.565021,1.903569,0.159841,1142488405.333333,1146056704,
dachs-local,16,Q04,csv,8,2,723,11.951,60.502481,0.914862,115.309628,1.905866,0.159488,1142472362.666667,1146126336,
dachs-local,16,Q04,csv,8,3,718,11.864,60.615649,0.913101,114.716607,1.892525,0.159772,1142452565.333333,1146757120,
dachs-local,16,Q05,csv,32,1,638,10.154,64.786544,0.933202,483.782326,7.467327,0.75828,1272976935.384615,1335676928,
dachs-local,16,Q05,csv,32,2,628,10.023,63.632948,0.950199,467.122913,7.340897,0.743826,1314783232.0,1387646976,
dachs-local,16,Q05,csv,32,3,640,10.257,64.087095,0.943422,482.688162,7.531753,0.7542,1322792802.461539,1369161728,
dachs-local,16,Q05,csv,64,1,641,9.803,66.842746,0.904638,494.032509,7.390967,0.770722,1283324376.615385,1340948480,
dachs-local,16,Q05,csv,64,2,640,10.228,66.519475,0.908938,499.911062,7.515259,0.781111,1313919921.230769,1393709056,
dachs-local,16,Q05,csv,64,3,640,10.148,67.62486,0.968582,504.540838,7.460878,0.788345,1280457581.714286,1321779200,
dachs-local,16,Q05,csv,8,1,557,9.163,61.057136,0.907343,398.657658,6.529256,0.715723,1296052906.666667,1365032960,
dachs-local,16,Q05,csv,8,2,548,9.038,61.055622,0.907147,388.776596,6.367581,0.709446,1260578816.0,1337843712,
dachs-local,16,Q05,csv,8,3,562,9.257,61.267002,0.98614,402.334459,6.566903,0.715898,1259929600.0,1357656064,
dachs-local,16,Q06,csv,32,1,608,9.767,63.844926,0.947076,460.448397,7.211981,0.757316,1298246104.615385,1371246592,
dachs-local,16,Q06,csv,32,2,607,9.646,64.169978,0.942381,450.788567,7.024914,0.74265,1297584443.076923,1366728704,
dachs-local,16,Q06,csv,32,3,611,9.704,63.828254,0.947413,461.825413,7.235439,0.755852,1298136457.846154,1369419776,
dachs-local,16,Q06,csv,64,1,640,9.877,68.279527,0.959351,491.779745,7.202448,0.768406,1288908214.857143,1377300480,
dachs-local,16,Q06,csv,64,2,640,9.729,70.655774,0.9272,497.150538,7.036234,0.776798,1302566326.857143,1391689728,
dachs-local,16,Q06,csv,64,3,640,9.92,68.181114,0.886814,486.511895,7.135581,0.760175,1321943985.230769,1402732544,
dachs-local,16,Q06,csv,8,1,539,8.854,60.950747,0.909174,385.136704,6.318818,0.714539,1289088000.0,1357479936,
dachs-local,16,Q06,csv,8,2,545,8.942,61.025973,0.907957,385.28308,6.313428,0.706941,1308331349.333333,1344880640,
dachs-local,16,Q06,csv,8,3,544,8.954,61.149775,0.905874,386.425854,6.319334,0.710342,1293560149.333333,1357881344,
dachs-local,16,Q07,csv,32,1,593,9.435,64.572282,0.936314,472.911827,7.323759,0.79749,1294025019.076923,1374085120,
dachs-local,16,Q07,csv,32,2,593,9.376,64.341074,0.939722,469.910608,7.303431,0.792429,1317862163.692308,1395068928,
dachs-local,16,Q07,csv,32,3,607,9.613,65.44835,0.923738,481.138697,7.351426,0.79265,1315929166.769231,1381912576,
dachs-local,16,Q07,csv,64,1,605,9.069,68.539822,0.955643,489.894382,7.147588,0.809743,1295827236.571429,1395564544,
dachs-local,16,Q07,csv,64,2,633,9.507,70.917323,0.923655,514.323648,7.25244,0.812518,1309868617.142857,1398796288,
dachs-local,16,Q07,csv,64,3,611,9.181,69.184259,0.946519,501.775212,7.252737,0.821236,1283690788.571429,1339457536,
dachs-local,16,Q07,csv,8,1,521,8.56,61.347179,0.90305,391.329999,6.37894,0.751113,1313196714.666667,1353441280,
dachs-local,16,Q07,csv,8,2,515,8.495,61.00873,0.908032,387.583962,6.352926,0.75259,1287382698.666667,1367015424,
dachs-local,16,Q07,csv,8,3,530,8.74,61.13168,0.988334,395.425362,6.46842,0.746086,1250160640.0,1341485056,
dachs-local,16,Q10,csv,32,1,626,9.923,63.841451,0.946442,118.840365,1.861492,0.189841,1162517267.692308,1169235968,
dachs-local,16,Q10,csv,32,2,623,9.941,63.232544,0.954932,118.116675,1.867973,0.189593,1161799837.538461,1168646144,
dachs-local,16,Q10,csv,32,3,632,10.103,63.52993,0.871445,119.152467,1.875533,0.188532,1162564608.0,1167761408,
dachs-local,16,Q10,csv,64,1,640,10.04,67.981659,0.888272,126.815105,1.865431,0.198149,1162810604.307692,1170444288,
dachs-local,16,Q10,csv,64,2,640,10.153,67.306358,0.8974,126.696389,1.882384,0.197963,1163739136.0,1171009536,
dachs-local,16,Q10,csv,64,3,640,10.184,67.080988,0.900478,125.871014,1.876404,0.196673,1163136393.846154,1167405056,
dachs-local,16,Q10,csv,8,1,635,10.483,60.77026,0.910638,110.928549,1.825376,0.174691,1155779242.666667,1161371648,
dachs-local,16,Q10,csv,8,2,626,10.322,60.823506,0.909827,110.628552,1.818845,0.176723,1155337557.333333,1159176192,
dachs-local,16,Q10,csv,8,3,638,10.528,60.623456,0.912733,111.586157,1.840643,0.1749,1155711317.333333,1158651904,
dachs-local,16,Q11,csv,32,1,261,4.097,63.714441,0.948195,101.970267,1.600426,0.390691,1285842786.461539,1312419840,
dachs-local,16,Q11,csv,32,2,265,4.112,64.455455,0.937164,103.598805,1.607293,0.390939,1289051529.846154,1327525888,
dachs-local,16,Q11,csv,32,3,265,4.076,65.018005,0.851515,103.359292,1.589703,0.390035,1261194581.333333,1303011328,
dachs-local,16,Q11,csv,64,1,282,4.115,68.552817,0.954679,110.358974,1.609839,0.391344,1311405202.285714,1385558016,
dachs-local,16,Q11,csv,64,2,284,4.12,68.926803,0.949481,110.730375,1.606492,0.389896,1316595126.857143,1454645248,
dachs-local,16,Q11,csv,64,3,282,4.104,68.719405,0.952538,109.884706,1.599035,0.389662,1314923373.714286,1444556800,
dachs-local,16,Q11,csv,8,1,242,3.981,60.782066,0.910399,91.438747,1.50437,0.377846,1226247168.0,1251205120,
dachs-local,16,Q11,csv,8,2,247,3.987,61.955253,0.893478,93.162923,1.503713,0.377178,1253918720.0,1282998272,
dachs-local,16,Q11,csv,8,3,244,3.921,62.228147,0.970398,93.204699,1.49779,0.381986,1255216679.384615,1275240448,
dachs-local,16,Q12,csv,32,1,635,10.048,64.828912,0.932633,484.684614,7.476365,0.763283,1370877952.0,1479499776,
dachs-local,16,Q12,csv,32,2,634,10.058,64.446024,0.938219,476.02289,7.386381,0.750825,1373392896.0,1458233344,
dachs-local,16,Q12,csv,32,3,642,10.268,63.207586,0.876767,478.751101,7.574267,0.745718,1380842837.333333,1470885888,
dachs-local,16,Q12,csv,64,1,640,10.038,67.805748,0.891965,500.951579,7.38804,0.782737,1392827785.846154,1477197824,
dachs-local,16,Q12,csv,64,2,640,10.165,67.35771,0.89779,505.89213,7.51053,0.790456,1386621715.692308,1436278784,
dachs-local,16,Q12,csv,64,3,640,10.113,67.375627,0.897285,492.299832,7.306794,0.769218,1365613016.615385,1460215808,
dachs-local,16,Q12,csv,8,1,561,9.229,61.141733,0.905971,396.584023,6.486307,0.706923,1384525824.0,1451274240,
dachs-local,16,Q12,csv,8,2,571,9.422,61.127506,0.988639,402.313173,6.581541,0.704576,1352904388.923077,1442074624,
dachs-local,16,Q12,csv,8,3,559,9.167,61.062927,0.907417,394.576914,6.461808,0.705862,1344507221.333333,1422958592,
dachs-local,16,Q13,csv,32,1,709,11.338,63.132564,0.957262,384.128929,6.084482,0.54179,1222525243.076923,1233014784,
dachs-local,16,Q13,csv,32,2,707,11.41,63.084226,0.878556,385.971958,6.118359,0.545929,1225681578.666667,1239949312,
dachs-local,16,Q13,csv,32,3,706,11.314,63.574764,0.871676,387.780677,6.099601,0.549264,1221315242.666667,1229058048,
dachs-local,16,Q13,csv,64,1,702,10.758,68.765704,0.879284,393.303836,5.719477,0.560262,1223916307.692308,1232187392,
dachs-local,16,Q13,csv,64,2,710,10.913,65.495598,0.923008,396.394558,6.052232,0.558302,1225689245.538461,1244008448,
dachs-local,16,Q13,csv,64,3,717,10.994,66.252146,0.988544,400.438254,6.044155,0.558491,1222987190.857143,1233891328,
dachs-local,16,Q13,csv,8,1,700,11.568,60.99507,0.908154,366.538813,6.009319,0.523627,1225911978.666667,1236725760,
dachs-local,16,Q13,csv,8,2,706,11.699,60.735684,0.91183,366.037671,6.026732,0.518467,1218995882.666667,1226981376,
dachs-local,16,Q13,csv,8,3,700,11.545,61.028815,0.907514,363.971681,5.963932,0.51996,1220798805.333333,1233035264,
dachs-local,16,mix,csv,32,1,648,10.266,64.43064,0.938244,328.752482,5.102425,0.507334,1212280516.923077,1252143104,
dachs-local,16,mix,csv,32,2,644,10.282,63.78625,0.868841,340.417929,5.336854,0.528599,1228777472.0,1303662592,
dachs-local,16,mix,csv,32,3,651,10.418,63.685407,0.870022,323.802257,5.084403,0.497392,1216631125.333333,1277595648,
dachs-local,16,mix,csv,64,1,661,10.032,67.073166,0.976192,334.762002,4.990997,0.506448,1218552100.571429,1285349376,
dachs-local,16,mix,csv,64,2,668,10.105,67.425462,0.896629,359.662108,5.334218,0.538416,1243953939.692308,1308704768,
dachs-local,16,mix,csv,64,3,676,10.29,67.085087,0.901113,343.174641,5.115513,0.507655,1208513457.230769,1265881088,
dachs-local,16,mix,csv,8,1,654,10.779,60.785913,0.911391,318.567571,5.240812,0.487106,1210148522.666667,1290153984,
dachs-local,16,mix,csv,8,2,651,10.734,61.589902,0.89908,325.558588,5.285908,0.50009,1193915050.666667,1268633600,
dachs-local,16,mix,csv,8,3,661,10.944,60.907717,0.909378,303.789379,4.987699,0.459591,1211313834.666667,1313816576,
dachs-local,16,Q01,votable,32,1,960,15.618,62.451854,0.886513,125.3349,2.006904,0.130557,923508736.0,926846976,
dachs-local,16,Q01,votable,32,2,959,15.513,62.566357,0.965472,125.277942,2.002321,0.130634,924145506.461538,928878592,
dachs-local,16,Q01,votable,32,3,960,15.566,62.413118,0.967509,124.384486,1.992922,0.129567,926202643.692308,933818368,
dachs-local,16,Q01,votable,64,1,960,15.593,64.070677,0.942456,127.954316,1.997081,0.133286,929697476.923077,934256640,
dachs-local,16,Q01,votable,64,2,960,15.34,65.081333,0.928001,129.222406,1.985553,0.134607,937920669.538462,942882816,
dachs-local,16,Q01,votable,64,3,960,15.447,64.832255,0.931566,128.800773,1.986677,0.134167,941867638.153846,946089984,
dachs-local,16,Q01,votable,8,1,1050,17.427,60.390037,0.916745,124.997214,2.069832,0.119045,919661226.666667,928940032,
dachs-local,16,Q01,votable,8,2,1061,17.599,60.29296,0.917794,124.818771,2.070205,0.117643,920819029.333333,925003776,
dachs-local,16,Q01,votable,8,3,1041,17.269,60.363455,0.916939,124.418374,2.061154,0.119518,920811861.333333,924581888,
dachs-local,16,Q02,votable,32,1,641,10.253,63.026163,0.960062,358.739738,5.691918,0.559656,958344900.923077,966938624,
dachs-local,16,Q02,votable,32,2,640,10.369,63.324846,0.954507,359.903114,5.683442,0.562349,953021991.384615,960303104,
dachs-local,16,Q02,votable,32,3,641,10.308,63.537373,0.952073,360.868597,5.679627,0.562978,956598114.461538,974163968,
dachs-local,16,Q02,votable,64,1,670,10.198,67.413316,0.897457,386.345545,5.730998,0.576635,967630217.846154,985001984,
dachs-local,16,Q02,votable,64,2,657,9.982,66.647707,0.906975,381.50638,5.724224,0.580679,963129344.0,975560704,
dachs-local,16,Q02,votable,64,3,648,9.869,65.662554,0.921153,373.234387,5.684128,0.575979,968104723.692308,986972160,
dachs-local,16,Q02,votable,8,1,667,11.033,60.885242,0.910017,359.930409,5.91162,0.539626,956817408.0,964349952,
dachs-local,16,Q02,votable,8,2,660,10.915,60.638566,0.913651,357.109101,5.889142,0.541074,950166528.0,960081920,
dachs-local,16,Q02,votable,8,3,663,10.95,60.64364,0.913781,357.99607,5.903275,0.539964,953606144.0,963395584,
dachs-local,16,Q03,votable,32,1,694,11.141,63.351277,0.953635,136.006069,2.146856,0.195974,959838995.692308,966270976,
dachs-local,16,Q03,votable,32,2,697,11.096,64.096678,0.863589,140.171707,2.186879,0.201107,960564906.666667,964349952,
dachs-local,16,Q03,votable,32,3,701,11.183,64.118332,0.863277,147.259927,2.29669,0.210071,963194197.333333,969883648,
dachs-local,16,Q03,votable,64,1,704,11.337,65.363204,0.924187,141.10195,2.158737,0.200429,962542355.692308,969216000,
dachs-local,16,Q03,votable,64,2,704,11.247,66.411434,0.985147,146.873777,2.211574,0.208628,962958774.857143,966332416,
dachs-local,16,Q03,votable,64,3,707,10.91,65.462031,0.922954,146.888617,2.243875,0.207763,967085764.923077,971767808,
dachs-local,16,Q03,votable,8,1,706,11.695,60.452676,0.915507,131.862083,2.181245,0.186773,954484053.333333,959864832,
dachs-local,16,Q03,votable,8,2,715,11.82,60.586103,0.913514,132.745329,2.191019,0.185658,958175232.0,964329472,
dachs-local,16,Q03,votable,8,3,704,11.654,60.622426,0.913283,135.557217,2.23609,0.192553,958258858.666667,966791168,
dachs-local,16,Q04,votable,32,1,695,11.065,63.823227,0.946267,123.021942,1.927542,0.17701,964010929.230769,969117696,
dachs-local,16,Q04,votable,32,2,701,11.205,63.967319,0.944017,123.055054,1.923718,0.175542,965940460.307692,971436032,
dachs-local,16,Q04,votable,32,3,673,10.774,63.082058,0.95739,118.728295,1.882125,0.176416,964418638.769231,970457088,
dachs-local,16,Q04,votable,64,1,704,11.227,66.401084,0.909543,128.020171,1.927983,0.181847,964638247.384615,969691136,
dachs-local,16,Q04,votable,64,2,711,10.932,65.216884,0.926221,124.584473,1.91031,0.175224,968113860.923077,973357056,
dachs-local,16,Q04,votable,64,3,704,11.249,66.216196,0.912319,126.813949,1.91515,0.180133,968118272.0,973430784,
dachs-local,16,Q04,votable,8,1,712,11.799,60.721662,0.911466,114.307609,1.882485,0.160544,967987882.666667,970244096,
dachs-local,16,Q04,votable,8,2,711,11.785,60.706414,0.91182,115.252439,1.898522,0.162099,963828736.0,966406144,
dachs-local,16,Q04,votable,8,3,706,11.707,60.634047,0.912744,114.346551,1.885847,0.161964,961157461.333333,965791744,
dachs-local,16,Q05,votable,32,1,609,9.746,63.649441,0.949594,457.087002,7.18132,0.750553,1099879975.384615,1186877440,
dachs-local,16,Q05,votable,32,2,627,9.961,63.670376,0.870538,472.147932,7.415504,0.753027,1116357632.0,1160110080,
dachs-local,16,Q05,votable,32,3,610,9.703,63.464286,0.873403,460.46257,7.25546,0.754857,1113702400.0,1151508480,
dachs-local,16,Q05,votable,64,1,640,9.919,68.948211,0.950287,502.118141,7.282541,0.78456,1137942235.428571,1225113600,
dachs-local,16,Q05,votable,64,2,640,9.995,67.360494,0.897455,496.29442,7.367737,0.77546,1113645371.076923,1196204032,
dachs-local,16,Q05,votable,64,3,640,10.13,67.72297,0.892928,501.923799,7.411426,0.784256,1124643131.076923,1210380288,
dachs-local,16,Q05,votable,8,1,559,9.205,61.221772,0.904757,400.313877,6.53875,0.716125,1097654272.0,1152671744,
dachs-local,16,Q05,votable,8,2,546,8.99,61.17719,0.905356,391.631295,6.40159,0.717273,1094297258.666667,1184681984,
dachs-local,16,Q05,votable,8,3,557,9.169,61.522429,0.900469,403.435956,6.557543,0.724302,1109348010.666667,1152319488,
dachs-local,16,Q06,votable,32,1,594,9.411,64.51808,0.937061,449.93483,6.973779,0.757466,1116768413.538461,1179840512,
dachs-local,16,Q06,votable,32,2,596,9.478,64.150875,0.863993,445.483093,6.944303,0.747455,1118766080.0,1194209280,
dachs-local,16,Q06,votable,32,3,606,9.618,64.063547,0.865183,452.519619,7.063605,0.746732,1119912277.333333,1164099584,
dachs-local,16,Q06,votable,64,1,635,9.574,70.043253,0.935062,491.248064,7.013496,0.773619,1131869915.428571,1190293504,
dachs-local,16,Q06,votable,64,2,631,9.484,70.656588,0.927134,497.847155,7.046012,0.788981,1113935872.0,1214107648,
dachs-local,16,Q06,votable,64,3,624,9.396,70.392266,0.93055,493.580033,7.01185,0.790994,1111661714.285714,1216057344,
dachs-local,16,Q06,votable,8,1,541,8.916,61.559504,0.899606,389.097774,6.320678,0.71922,1083967488.0,1157779456,
dachs-local,16,Q06,votable,8,2,537,8.844,61.189712,0.905172,383.622431,6.269394,0.714381,1103188650.666667,1179836416,
dachs-local,16,Q06,votable,8,3,537,8.879,61.137319,0.906059,381.570198,6.241199,0.710559,1096561664.0,1168625664,
dachs-local,16,Q07,votable,32,1,576,9.308,63.904978,0.946135,458.720242,7.178161,0.796389,1118253371.076923,1190957056,
dachs-local,16,Q07,votable,32,2,580,9.262,64.131171,0.94288,464.494956,7.242889,0.800853,1112043520.0,1192898560,
dachs-local,16,Q07,votable,32,3,577,9.2,64.444072,0.938512,458.119321,7.108789,0.793968,1124774518.153846,1190699008,
dachs-local,16,Q07,votable,64,1,631,9.518,70.979109,0.922818,521.038308,7.340728,0.825734,1126980754.285714,1215115264,
dachs-local,16,Q07,votable,64,2,590,8.856,68.10341,0.96166,490.848483,7.207399,0.831947,1107021238.857143,1186238464,
dachs-local,16,Q07,votable,64,3,580,8.77,67.54871,0.969599,483.011305,7.150563,0.832778,1114552320.0,1166127104,
dachs-local,16,Q07,votable,8,1,523,8.622,61.700728,0.897583,399.830339,6.480156,0.764494,1080639146.666667,1112788992,
dachs-local,16,Q07,votable,8,2,517,8.523,61.02357,0.907604,393.773046,6.452803,0.76165,1094194517.333333,1177194496,
dachs-local,16,Q07,votable,8,3,523,8.618,61.101748,0.906216,395.760915,6.47708,0.756713,1086723072.0,1157464064,
dachs-local,16,Q10,votable,32,1,640,10.43,62.709407,0.9633,119.93609,1.912569,0.1874,986005188.923077,992215040,
dachs-local,16,Q10,votable,32,2,640,10.238,63.938018,0.944873,120.268387,1.881015,0.187919,984602466.461538,988766208,
dachs-local,16,Q10,votable,32,3,640,10.246,63.834963,0.946187,121.352923,1.901042,0.189614,983779485.538462,989175808,
dachs-local,16,Q10,votable,64,1,641,10.348,65.819714,0.917786,125.61889,1.90853,0.195973,984797814.153846,988045312,
dachs-local,16,Q10,votable,64,2,640,10.197,67.11969,0.974813,126.517088,1.884947,0.197683,984807424.0,989061120,
dachs-local,16,Q10,votable,64,3,641,9.937,66.536088,0.907789,127.609529,1.917899,0.199079,985186934.153846,989470720,
dachs-local,16,Q10,votable,8,1,640,10.575,60.790416,0.910439,111.830991,1.839616,0.174736,976704853.333333,981524480,
dachs-local,16,Q10,votable,8,2,640,10.591,60.434673,0.915866,111.131325,1.838867,0.173643,978495488.0,981807104,
dachs-local,16,Q10,votable,8,3,639,10.595,60.62869,0.913243,110.971817,1.830352,0.173665,980159488.0,984494080,
dachs-local,16,Q11,votable,32,1,290,4.467,67.428424,0.970708,107.719745,1.597542,0.371447,1218548297.142857,1246580736,
dachs-local,16,Q11,votable,32,2,278,4.462,62.319099,0.888539,102.874254,1.650766,0.370051,1238074026.666667,1288175616,
dachs-local,16,Q11,votable,32,3,304,4.54,66.971133,0.977383,110.463427,1.649419,0.363367,1236349805.714286,1287303168,
dachs-local,16,Q11,votable,64,1,291,4.543,64.060649,0.942942,106.449135,1.661693,0.365805,1283512792.615385,1416065024,
dachs-local,16,Q11,votable,64,2,289,4.586,63.012558,0.879076,105.41921,1.672987,0.364772,1315031381.333333,1461927936,
dachs-local,16,Q11,votable,64,3,317,4.546,69.772166,0.938079,117.488903,1.683894,0.370627,1291973778.285714,1411571712,
dachs-local,16,Q11,votable,8,1,266,4.355,61.087173,0.905768,94.313147,1.543911,0.354561,1136851285.333333,1164107776,
dachs-local,16,Q11,votable,8,2,270,4.375,61.724502,0.978071,95.42092,1.545916,0.353411,1166547731.692308,1198206976,
dachs-local,16,Q11,votable,8,3,231,3.736,62.405026,0.887242,82.458893,1.32135,0.356965,1171616085.333333,1200807936,
dachs-local,16,Q12,votable,32,1,630,10.002,64.324134,0.940038,476.633029,7.409863,0.75656,1296105156.923077,1383264256,
dachs-local,16,Q12,votable,32,2,630,10.008,63.908172,0.946074,468.316879,7.327965,0.74336,1293064664.615385,1385627648,
dachs-local,16,Q12,votable,32,3,630,10.036,64.055618,0.865287,473.527939,7.39245,0.751632,1273850880.0,1336578048,
dachs-local,16,Q12,votable,64,1,640,9.959,68.372993,0.884208,495.374446,7.245177,0.774023,1299352969.846154,1353641984,
dachs-local,16,Q12,votable,64,2,640,9.799,69.261007,0.945566,498.911197,7.203349,0.779549,1266828434.285714,1371906048,
dachs-local,16,Q12,votable,64,3,640,10.015,68.459565,0.956827,499.659914,7.298614,0.780719,1290123264.0,1373827072,
dachs-local,16,Q12,votable,8,1,551,9.101,60.986821,0.90845,393.174808,6.446881,0.713566,1326296405.333333,1379618816,
dachs-local,16,Q12,votable,8,2,546,8.988,61.471618,0.982977,393.359723,6.399046,0.720439,1278646744.615385,1342660608,
dachs-local,16,Q12,votable,8,3,545,8.975,60.968027,0.908406,387.783009,6.360432,0.711528,1284477952.0,1340731392,
dachs-local,16,Q13,votable,32,1,698,11.137,63.797143,0.868853,382.765629,5.99973,0.548375,1150527146.666667,1180811264,
dachs-local,16,Q13,votable,32,2,697,11.17,63.515847,0.872521,381.819778,6.01141,0.547805,1146494293.333333,1154342912,
dachs-local,16,Q13,votable,32,3,698,11.153,63.850651,0.946844,382.921255,5.997139,0.548598,1147527168.0,1154904064,
dachs-local,16,Q13,votable,64,1,705,10.772,66.754412,0.905504,402.976897,6.036708,0.571598,1146477016.615385,1158995968,
dachs-local,16,Q13,votable,64,2,704,11.096,66.554604,0.90857,402.790412,6.052029,0.572145,1153893297.230769,1163558912,
dachs-local,16,Q13,votable,64,3,704,11.128,66.899709,0.90394,400.818384,5.991332,0.569344,1151926272.0,1161994240,
dachs-local,16,Q13,votable,8,1,697,11.491,60.988437,0.991125,364.802556,5.981504,0.52339,1145944221.538461,1165238272,
dachs-local,16,Q13,votable,8,2,689,11.385,60.820651,0.910668,358.885664,5.900721,0.520879,1147392682.666667,1160638464,
dachs-local,16,Q13,votable,8,3,703,11.599,60.860558,0.910056,363.768207,5.977076,0.517451,1143609344.0,1153261568,
dachs-local,16,mix,votable,32,1,661,10.548,63.22136,0.876287,330.166685,5.222391,0.499496,962779136.0,1091756032,
dachs-local,16,mix,votable,32,2,651,10.369,63.125726,0.877828,337.732417,5.350155,0.51879,989369344.0,1030418432,
dachs-local,16,mix,votable,32,3,672,10.686,63.502641,0.872598,330.17078,5.199324,0.491326,985624917.333333,1041035264,
dachs-local,16,mix,votable,64,1,684,10.45,69.357734,0.944188,354.631515,5.113078,0.518467,993858413.714286,1034539008,
dachs-local,16,mix,votable,64,2,679,10.315,68.239918,0.959623,366.018184,5.363696,0.539055,999862564.571429,1080844288,
dachs-local,16,mix,votable,64,3,688,10.439,67.392183,0.897364,346.833632,5.146497,0.504119,1002183443.692308,1058803712,
dachs-local,16,mix,votable,8,1,660,10.896,61.373765,0.902302,320.125623,5.216001,0.485039,945999872.0,1041387520,
dachs-local,16,mix,votable,8,2,662,10.878,61.190373,0.987652,330.280415,5.397588,0.498913,981849639.384615,1044127744,
dachs-local,16,mix,votable,8,3,670,11.038,61.305676,0.903503,312.262022,5.093526,0.466063,974063616.0,1023365120,
egernia-local,16,Q01,csv,32,1,20782,345.978,60.080355,0.929426,167.869485,2.794083,0.008078,2200289280.0,2209955840,2
egernia-local,16,Q01,csv,32,2,20667,344.037,60.091246,0.929056,167.548526,2.788235,0.008107,2200625834.666667,2211913728,2
egernia-local,16,Q01,csv,32,3,20771,345.696,60.10852,0.928637,168.11716,2.796894,0.008094,2198065834.666667,2199543808,2
egernia-local,16,Q01,csv,64,1,19684,327.17,60.18987,0.927744,166.587576,2.767701,0.008463,2185739605.333333,2193149952,2
egernia-local,16,Q01,csv,64,2,19706,327.761,60.150212,0.927999,166.312788,2.764958,0.00844,2180784469.333333,2181537792,2
egernia-local,16,Q01,csv,64,3,19536,324.698,60.209862,0.842752,165.863903,2.754763,0.00849,2151622097.454545,2169081856,2
egernia-local,16,Q01,csv,8,1,22969,382.687,60.025156,0.929953,162.842139,2.712898,0.00709,2196125013.333333,2196725760,2
egernia-local,16,Q01,csv,8,2,23075,384.507,60.073996,0.929461,162.3171,2.701953,0.007034,2197033642.666667,2200555520,2
egernia-local,16,Q01,csv,8,3,23140,385.581,60.050251,0.929845,163.831092,2.728233,0.00708,2197183829.333333,2204893184,2
egernia-local,16,Q02,csv,32,1,16749,278.783,60.11316,0.844626,342.283209,5.693981,0.020436,2131132788.363636,2138255360,2
egernia-local,16,Q02,csv,32,2,16825,280.063,60.103707,0.929185,344.13474,5.725682,0.020454,2121739605.333333,2130251776,2
egernia-local,16,Q02,csv,32,3,16753,278.732,60.156752,0.844074,343.50772,5.710211,0.020504,2110202973.090909,2116919296,2
egernia-local,16,Q02,csv,64,1,15919,264.565,60.17586,0.927973,332.179402,5.520144,0.020867,2114385237.333333,2121093120,2
egernia-local,16,Q02,csv,64,2,15944,264.792,60.229938,0.843129,331.724483,5.507634,0.020806,2113931450.181818,2119352320,2
egernia-local,16,Q02,csv,64,3,15935,264.781,60.242391,0.927006,332.839957,5.525012,0.020887,2113397418.666667,2118209536,2
egernia-local,16,Q02,csv,8,1,16101,268.259,60.064507,0.929524,301.344091,5.017008,0.018716,2139936085.333333,2149064704,2
egernia-local,16,Q02,csv,8,2,15739,262.237,60.068722,0.844456,291.395802,4.851041,0.018514,2138769966.545455,2146312192,2
egernia-local,16,Q02,csv,8,3,16060,267.565,60.052536,0.929919,300.483247,5.003673,0.01871,2134303061.333333,2141806592,2
egernia-local,16,Q03,csv,32,1,15655,260.072,60.306455,0.926531,563.710137,9.347426,0.036008,2126752085.333333,2127425536,2
egernia-local,16,Q03,csv,32,2,15643,260.025,60.258839,0.927348,573.922724,9.524291,0.036689,2126756181.333333,2127265792,2
egernia-local,16,Q03,csv,32,3,15544,258.165,60.268942,0.926877,570.295065,9.462503,0.036689,2127291050.666667,2128154624,2
egernia-local,16,Q03,csv,64,1,15021,249.229,60.351428,0.925271,548.073636,9.08137,0.036487,2129088853.333333,2129637376,2
egernia-local,16,Q03,csv,64,2,14882,246.887,60.44409,0.924035,553.617396,9.159165,0.0372,2129230848.0,2130198528,2
egernia-local,16,Q03,csv,64,3,14693,243.343,60.429267,0.924503,544.199658,9.005564,0.037038,2129023317.333333,2129412096,2
egernia-local,16,Q03,csv,8,1,11919,198.256,60.235336,0.842085,381.28059,6.329849,0.031989,2124249274.181818,2124595200,2
egernia-local,16,Q03,csv,8,2,11669,194.115,60.236745,0.926327,376.844983,6.256065,0.032295,2124509866.666667,2125234176,2
egernia-local,16,Q03,csv,8,3,11657,193.942,60.172908,0.927454,379.675737,6.309746,0.032571,2124597589.333333,2125135872,2
egernia-local,16,Q04,csv,32,1,15401,256.208,60.137701,0.928983,395.574746,6.577816,0.025685,2142543872.0,2143834112,2
egernia-local,16,Q04,csv,32,2,15349,255.406,60.127941,0.928845,393.730368,6.54821,0.025652,2142640469.333333,2144018432,2
egernia-local,16,Q04,csv,32,3,15303,254.714,60.095772,0.929411,394.235869,6.560127,0.025762,2142874965.333333,2143596544,2
egernia-local,16,Q04,csv,64,1,14766,244.752,60.36337,0.924939,385.543326,6.387041,0.02611,2145034240.0,2145996800,2
egernia-local,16,Q04,csv,64,2,14658,243.347,60.241557,0.926732,382.20248,6.344499,0.026075,2145292288.0,2146693120,2
egernia-local,16,Q04,csv,64,3,14780,245.454,60.267493,0.926275,384.17205,6.374449,0.025993,2147654314.666667,2159579136,2
egernia-local,16,Q04,csv,8,1,13205,219.943,60.078262,0.929236,309.830639,5.157117,0.023463,2140289706.666667,2141192192,2
egernia-local,16,Q04,csv,8,2,13290,221.366,60.073247,0.929451,311.434164,5.184241,0.023434,2140857002.666667,2143027200,2
egernia-local,16,Q04,csv,8,3,13651,227.419,60.063553,0.844768,320.636286,5.338284,0.023488,2140629178.181818,2141429760,2
egernia-local,16,Q05,csv,32,1,18971,315.776,60.09132,0.929604,233.742966,3.889796,0.012321,2154483370.666667,2162794496,2
egernia-local,16,Q05,csv,32,2,18914,314.921,60.072836,0.929476,234.402725,3.901975,0.012393,2155475626.666667,2164998144,2
egernia-local,16,Q05,csv,32,3,18957,315.487,60.126699,0.928926,234.347451,3.897561,0.012362,2156079786.666667,2167717888,2
egernia-local,16,Q05,csv,64,1,17972,298.834,60.172965,0.927636,229.670484,3.816838,0.012779,2158319957.333333,2170769408,2
egernia-local,16,Q05,csv,64,2,17901,297.716,60.150918,0.928027,228.981971,3.806791,0.012792,2158119936.0,2169409536,2
egernia-local,16,Q05,csv,64,3,17955,298.384,60.218636,0.927482,229.448227,3.810253,0.012779,2157273088.0,2160795648,2
egernia-local,16,Q05,csv,8,1,20027,333.682,60.066344,0.929699,217.911184,3.627842,0.010881,2152802986.666667,2165878784,2
egernia-local,16,Q05,csv,8,2,20356,339.092,60.066323,0.929454,222.61631,3.706175,0.010936,2151572138.666667,2152140800,2
egernia-local,16,Q05,csv,8,3,20347,339.017,60.041096,0.845271,222.391537,3.703989,0.01093,2151736413.090909,2152386560,2
egernia-local,16,Q06,csv,32,1,15471,257.454,60.100137,0.929402,342.467703,5.698285,0.022136,2152952490.666667,2163539968,2
egernia-local,16,Q06,csv,32,2,15454,257.081,60.115629,0.92889,342.717988,5.70098,0.022177,2146664789.333333,2154811392,2
egernia-local,16,Q06,csv,32,3,15468,257.39,60.124327,0.929028,342.887404,5.702973,0.022168,2140239530.666667,2150608896,2
egernia-local,16,Q06,csv,64,1,14699,244.24,60.216343,0.927333,331.624189,5.507212,0.022561,2130404010.666667,2140581888,2
egernia-local,16,Q06,csv,64,2,14802,245.577,60.305185,0.925814,333.899592,5.536831,0.022558,2127698261.333333,2130079744,2
egernia-local,16,Q06,csv,64,3,14717,244.194,60.304965,0.925952,333.402501,5.528608,0.022654,2121123157.333333,2122178560,2
egernia-local,16,Q06,csv,8,1,14464,240.966,60.036741,0.929843,294.862462,4.911367,0.020386,2153011541.333333,2153783296,2
egernia-local,16,Q06,csv,8,2,13530,225.399,60.036775,0.929728,273.36022,4.553213,0.020204,2153982293.333333,2157916160,2
egernia-local,16,Q06,csv,8,3,13511,225.021,60.059687,0.929355,273.717587,4.557426,0.020259,2154770432.0,2162434048,2
egernia-local,16,Q07,csv,32,1,17883,297.672,60.083254,0.929516,285.542958,4.752455,0.015967,2116788224.0,2117517312,2
egernia-local,16,Q07,csv,32,2,17881,297.673,60.070588,0.929312,285.040541,4.745093,0.015941,2117623808.0,2121039872,2
egernia-local,16,Q07,csv,32,3,17843,296.964,60.110623,0.928657,285.282277,4.745954,0.015988,2118206122.666667,2123464704,2
egernia-local,16,Q07,csv,64,1,16987,282.406,60.1584,0.928047,277.849185,4.618627,0.016357,2119160832.0,2119704576,2
egernia-local,16,Q07,csv,64,2,16850,279.995,60.232286,0.926808,276.476327,4.590168,0.016408,2119341397.333333,2120372224,2
egernia-local,16,Q07,csv,64,3,16933,281.315,60.203962,0.927337,276.919104,4.599682,0.016354,2120797866.666667,2126708736,2
egernia-local,16,Q07,csv,8,1,16684,277.94,60.057099,0.929207,237.460432,3.953911,0.014233,2132857173.333333,2134290432,2
egernia-local,16,Q07,csv,8,2,17827,297.044,60.047642,0.929733,255.798355,4.259923,0.014349,2117159594.666667,2117713920,2
egernia-local,16,Q07,csv,8,3,17788,296.317,60.060158,0.929298,255.869643,4.260223,0.014384,2115150506.666667,2116911104,2
egernia-local,16,Q10,csv,32,1,10082,167.623,60.232746,0.842612,443.62392,7.365162,0.044002,2120668253.090909,2122104832,2
egernia-local,16,Q10,csv,32,2,10083,167.662,60.144787,0.928422,442.48814,7.357049,0.043885,2121490432.0,2122547200,2
egernia-local,16,Q10,csv,32,3,10120,168.221,60.17076,0.927923,444.537385,7.38793,0.043927,2121608874.666667,2122326016,2
egernia-local,16,Q10,csv,64,1,9739,161.476,60.360749,0.924963,430.773992,7.136657,0.044232,2123833344.0,2124591104,2
egernia-local,16,Q10,csv,64,2,9722,161.219,60.321876,0.925716,430.15932,7.131067,0.044246,2124728320.0,2125869056,2
egernia-local,16,Q10,csv,64,3,9796,162.396,60.445149,0.923387,433.9415,7.179096,0.044298,2125200384.0,2126684160,2
egernia-local,16,Q10,csv,8,1,8647,144.019,60.110597,0.928329,364.635254,6.066073,0.042169,2118026581.333333,2119454720,2
egernia-local,16,Q10,csv,8,2,8170,136.05,60.102449,0.928242,341.277493,5.678263,0.041772,2117854890.666667,2118987776,2
egernia-local,16,Q10,csv,8,3,7346,122.296,60.097487,0.928284,303.047144,5.042593,0.041253,2118449152.0,2119421952,2
egernia-local,16,Q11,csv,32,1,1943,31.942,60.889353,0.916843,674.979579,11.085347,0.34739,2217255253.333333,2230362112,2
egernia-local,16,Q11,csv,32,2,1850,30.365,61.470167,0.907655,649.498973,10.566084,0.351081,2213477376.0,2223304704,2
egernia-local,16,Q11,csv,32,3,1908,31.57,60.659792,0.92024,663.416873,10.936682,0.347703,2229913941.333333,2243604480,2
egernia-local,16,Q11,csv,64,1,1874,30.623,61.849092,0.984573,654.019557,10.574441,0.348997,2259683170.461538,2299883520,2
egernia-local,16,Q11,csv,64,2,1921,31.325,61.388502,0.910016,663.234487,10.803888,0.345255,2283762346.666667,2297757696,2
egernia-local,16,Q11,csv,64,3,1926,31.52,61.186941,0.912917,669.352209,10.939462,0.347535,2290245973.333333,2304729088,2
egernia-local,16,Q11,csv,8,1,1401,23.236,60.51831,0.92144,459.561172,7.593754,0.328024,2139901269.333333,2150318080,2
egernia-local,16,Q11,csv,8,2,1225,20.253,60.492633,0.922044,388.967404,6.429996,0.317524,2140371285.333333,2155106304,2
egernia-local,16,Q11,csv,8,3,1424,23.617,60.341112,0.924399,467.269012,7.743792,0.328138,2143834794.666667,2154500096,2
egernia-local,16,Q12,csv,32,1,19269,320.827,60.082288,0.929342,227.892469,3.793006,0.011827,2178399232.0,2179342336,2
egernia-local,16,Q12,csv,32,2,19308,321.317,60.104531,0.844463,227.501805,3.785102,0.011783,2180532037.818182,2188771328,2
egernia-local,16,Q12,csv,32,3,19239,320.324,60.081293,0.929331,227.219299,3.781864,0.01181,2180521642.666667,2190860288,2
egernia-local,16,Q12,csv,64,1,18308,304.484,60.130569,0.92826,222.864735,3.706347,0.012173,2180827136.0,2181898240,2
egernia-local,16,Q12,csv,64,2,18358,305.293,60.136272,0.928362,222.936715,3.707192,0.012144,2180745898.666667,2181648384,2
egernia-local,16,Q12,csv,64,3,18153,301.734,60.195736,0.92747,222.402644,3.694658,0.012252,2179183957.333333,2180685824,2
egernia-local,16,Q12,csv,8,1,20909,348.412,60.069529,0.929469,216.861246,3.610171,0.010372,2176303104.0,2177110016,2
egernia-local,16,Q12,csv,8,2,21026,350.344,60.049886,0.929762,217.432372,3.620862,0.010341,2176343381.333333,2177101824,2
egernia-local,16,Q12,csv,8,3,20432,340.417,60.092229,0.928989,212.132437,3.530114,0.010382,2176571733.333333,2177204224,2
egernia-local,16,Q13,csv,32,1,1300,21.163,61.692473,0.913533,985.808564,15.979398,0.758314,2329343317.333333,2347290624,2
egernia-local,16,Q13,csv,32,2,1296,21.215,61.367106,0.918094,980.605072,15.979327,0.75664,2334086144.0,2346180608,2
egernia-local,16,Q13,csv,32,3,1299,21.237,61.356297,0.918064,980.53436,15.98099,0.754838,2326023168.0,2336403456,2
egernia-local,16,Q13,csv,64,1,1325,21.25,64.070183,0.958958,1023.636062,15.976793,0.772556,2327004711.384615,2345160704,2
egernia-local,16,Q13,csv,64,2,1334,21.248,64.175915,0.957792,1025.332433,15.976904,0.768615,2317681900.307693,2339766272,2
egernia-local,16,Q13,csv,64,3,1330,21.197,62.884149,0.977646,1004.74898,15.977778,0.75545,2326454902.153846,2343313408,2
egernia-local,16,Q13,csv,8,1,1253,20.775,60.512403,0.926087,942.102765,15.568755,0.751878,2272122880.0,2286444544,2
egernia-local,16,Q13,csv,8,2,1243,20.624,60.504823,0.92659,941.609844,15.562558,0.75753,2270228480.0,2278809600,2
egernia-local,16,Q13,csv,8,3,1258,20.853,60.535098,0.925885,942.474572,15.56906,0.749185,2259620522.666667,2281893888,2
egernia-local,16,mix,csv,32,1,16592,275.873,60.241912,0.927049,355.808895,5.906335,0.021445,2197855573.333333,2199764992,2
egernia-local,16,mix,csv,32,2,16521,274.57,60.217078,0.843046,357.858755,5.942812,0.021661,2199646208.0,2204364800,2
egernia-local,16,mix,csv,32,3,16423,273.082,60.149801,0.928483,356.913288,5.93374,0.021733,2200546304.0,2206425088,2
egernia-local,16,mix,csv,64,1,15581,258.808,60.266163,0.84244,341.500792,5.666543,0.021918,2201061189.818182,2203426816,2
egernia-local,16,mix,csv,64,2,15603,259.199,60.305568,0.926132,346.336732,5.743031,0.022197,2200856917.333333,2203021312,2
egernia-local,16,mix,csv,64,3,15585,259.036,60.229414,0.842484,345.168535,5.730896,0.022147,2200767394.909091,2202976256,2
egernia-local,16,mix,csv,8,1,15563,259.23,60.132555,0.928338,305.368162,5.07825,0.019621,2183342762.666667,2196602880,2
egernia-local,16,mix,csv,8,2,15989,266.173,60.077526,0.929271,315.734773,5.255456,0.019747,2196464640.0,2201747456,2
egernia-local,16,mix,csv,8,3,15985,266.316,60.099904,0.92884,315.896643,5.256192,0.019762,2196386133.333333,2198257664,2
egernia-local,16,Q01,votable,32,1,20721,345.03,60.075151,0.929055,168.487249,2.804608,0.008131,2037857962.666667,2038603776,2
egernia-local,16,Q01,votable,32,2,20707,344.666,60.128195,0.928845,168.585149,2.803762,0.008141,2038068224.0,2039136256,2
egernia-local,16,Q01,votable,32,3,20778,345.879,60.110824,0.928489,168.373303,2.801048,0.008103,2038184277.333333,2038673408,2
egernia-local,16,Q01,votable,64,1,19590,325.877,60.165561,0.927903,167.27747,2.780286,0.008539,2040256853.333333,2040881152,2
egernia-local,16,Q01,votable,64,2,19605,326.034,60.136007,0.928639,167.478228,2.784991,0.008543,2040641877.333333,2042077184,2
egernia-local,16,Q01,votable,64,3,19610,326.005,60.1823,0.843381,167.032694,2.775446,0.008518,2040715077.818182,2041610240,2
egernia-local,16,Q01,votable,8,1,23172,386.109,60.066926,0.844759,163.175153,2.716556,0.007042,2035873978.181818,2036318208,2
egernia-local,16,Q01,votable,8,2,23061,384.13,60.041131,0.929602,164.419958,2.738455,0.00713,2035838293.333333,2036473856,2
egernia-local,16,Q01,votable,8,3,22631,377.037,60.069139,0.928935,156.402322,2.603705,0.006911,2036158464.0,2036559872,2
egernia-local,16,Q02,votable,32,1,16476,274.161,60.108981,0.929075,350.069394,5.823912,0.021247,2042677930.666667,2047508480,2
egernia-local,16,Q02,votable,32,2,16518,274.893,60.135193,0.928972,350.199411,5.823535,0.021201,2043561642.666667,2052984832,2
egernia-local,16,Q02,votable,32,3,16521,274.898,60.13235,0.928805,350.737501,5.832759,0.02123,2047178752.0,2054053888,2
egernia-local,16,Q02,votable,64,1,15724,261.272,60.200477,0.927489,339.444472,5.638568,0.021588,2044864170.666667,2050265088,2
egernia-local,16,Q02,votable,64,2,15694,260.734,60.207096,0.927,338.289325,5.618762,0.021555,2046277632.0,2051833856,2
egernia-local,16,Q02,votable,64,3,15673,260.51,60.170808,0.928095,338.154037,5.619902,0.021576,2046016170.666667,2051178496,2
egernia-local,16,Q02,votable,8,1,15867,264.372,60.082967,0.928865,307.204564,5.113006,0.019361,2039310336.0,2042269696,2
egernia-local,16,Q02,votable,8,2,15490,258.09,60.08668,0.844436,296.847596,4.940323,0.019164,2039457978.181818,2040401920,2
egernia-local,16,Q02,votable,8,3,15398,256.539,60.036211,0.930104,297.050843,4.947861,0.019292,2039280640.0,2040324096,2
egernia-local,16,Q03,votable,32,1,15478,257.076,60.285539,0.926477,564.881347,9.370097,0.036496,2044850176.0,2048024576,2
egernia-local,16,Q03,votable,32,2,15466,256.992,60.25198,0.927141,574.642306,9.537318,0.037155,2044668245.333333,2045599744,2
egernia-local,16,Q03,votable,32,3,15451,256.592,60.266582,0.926485,571.391617,9.481069,0.036981,2044664149.333333,2045632512,2
egernia-local,16,Q03,votable,64,1,14788,245.385,60.323718,0.925842,546.915479,9.066342,0.036984,2047227221.333333,2048229376,2
egernia-local,16,Q03,votable,64,2,14752,244.543,60.336,0.926167,554.221497,9.185586,0.037569,2047446357.333333,2047967232,2
egernia-local,16,Q03,votable,64,3,14759,244.793,60.297902,0.926568,545.111265,9.040302,0.036934,2048626688.0,2057138176,2
egernia-local,16,Q03,votable,8,1,11629,193.447,60.170979,0.927607,376.23818,6.252818,0.032353,2041883989.333333,2042630144,2
egernia-local,16,Q03,votable,8,2,11567,192.459,60.256907,0.842316,379.738273,6.301987,0.032829,2042111813.818182,2042982400,2
egernia-local,16,Q03,votable,8,3,11576,192.512,60.215498,0.926928,379.463732,6.301762,0.03278,2042251605.333333,2042695680,2
egernia-local,16,Q04,votable,32,1,14831,246.804,60.120104,0.844438,395.038723,6.570826,0.026636,2047903930.181818,2049204224,2
egernia-local,16,Q04,votable,32,2,14764,245.726,60.124848,0.929058,393.995275,6.552953,0.026686,2043852117.333333,2047684608,2
egernia-local,16,Q04,votable,32,3,14745,245.304,60.113556,0.928901,393.678585,6.548915,0.026699,2025025194.666667,2041618432,2
egernia-local,16,Q04,votable,64,1,14105,234.301,60.21622,0.927241,381.100092,6.328861,0.027019,2002301269.333333,2014777344,2
egernia-local,16,Q04,votable,64,2,14014,232.781,60.232001,0.927035,379.940064,6.307944,0.027111,1993463466.666667,1994805248,2
egernia-local,16,Q04,votable,64,3,14056,233.413,60.269138,0.926426,381.100666,6.323314,0.027113,1993802752.0,1995997184,2
egernia-local,16,Q04,votable,8,1,13100,218.214,60.084804,0.929181,321.186117,5.345547,0.024518,2046986922.666667,2056888320,2
egernia-local,16,Q04,votable,8,2,12778,212.868,60.083961,0.844277,311.956124,5.192003,0.024414,2047782167.272727,2060406784,2
egernia-local,16,Q04,votable,8,3,12780,212.911,60.051877,0.929725,311.931762,5.194372,0.024408,2045504512.0,2046423040,2
egernia-local,16,Q05,votable,32,1,18915,314.846,60.082296,0.929281,236.444383,3.935342,0.0125,1952188757.333333,1953509376,2
egernia-local,16,Q05,votable,32,2,18859,313.864,60.086623,0.929222,236.425885,3.934751,0.012537,1952767317.333333,1953832960,2
egernia-local,16,Q05,votable,32,3,18772,312.497,60.105238,0.928644,235.69459,3.921365,0.012556,1952784042.666667,1953181696,2
egernia-local,16,Q05,votable,64,1,17882,297.399,60.148701,0.928306,230.984605,3.840226,0.012917,1954667178.666667,1955090432,2
egernia-local,16,Q05,votable,64,2,17682,293.994,60.161182,0.927896,230.018465,3.82337,0.013009,1954812245.333333,1955815424,2
egernia-local,16,Q05,votable,64,3,17611,292.841,60.142667,0.928607,229.994181,3.824143,0.01306,1956039680.0,1968492544,2
egernia-local,16,Q05,votable,8,1,18731,312.057,60.063483,0.929347,204.93091,3.411905,0.010941,1967007402.666667,1989722112,2
egernia-local,16,Q05,votable,8,2,19895,331.502,60.03844,0.930161,218.815463,3.644589,0.010999,1950292992.0,1951440896,2
egernia-local,16,Q05,votable,8,3,19863,330.992,60.074845,0.92893,219.703403,3.657161,0.011061,1950285482.666667,1951047680,2
egernia-local,16,Q06,votable,32,1,15064,250.631,60.133357,0.928971,347.420594,5.777502,0.023063,1966039040.0,1969143808,2
egernia-local,16,Q06,votable,32,2,15036,250.153,60.125135,0.92874,346.439468,5.761974,0.023041,1965305514.666667,1966256128,2
egernia-local,16,Q06,votable,32,3,14969,249.033,60.126786,0.928469,345.872611,5.752388,0.023106,1965758122.666667,1966366720,2
egernia-local,16,Q06,votable,64,1,14361,238.262,60.27948,0.926089,337.26872,5.595083,0.023485,1968903168.0,1970069504,2
egernia-local,16,Q06,votable,64,2,14394,239.113,60.240426,0.926754,337.263582,5.598625,0.023431,1971715754.666667,1984090112,2
egernia-local,16,Q06,votable,64,3,14330,238.046,60.25877,0.926477,336.420291,5.582927,0.023477,1972308309.333333,1980588032,2
egernia-local,16,Q06,votable,8,1,14382,239.583,60.037449,0.930065,308.225891,5.133894,0.021431,1960539136.0,1961689088,2
egernia-local,16,Q06,votable,8,2,13116,218.454,60.067585,0.929001,277.387031,4.617915,0.021149,1960564394.666667,1961267200,2
egernia-local,16,Q06,votable,8,3,14002,233.265,60.079696,0.9291,298.760778,4.972741,0.021337,1961499989.333333,1962995712,2
egernia-local,16,Q07,votable,32,1,17584,292.678,60.096146,0.92911,287.632138,4.786199,0.016358,1965699754.666667,1966649344,2
egernia-local,16,Q07,votable,32,2,17536,291.935,60.07855,0.844922,286.700343,4.772092,0.016349,1966613969.454545,1973305344,2
egernia-local,16,Q07,votable,32,3,17598,292.98,60.101503,0.928898,287.564297,4.784644,0.016341,1965804202.666667,1966399488,2
egernia-local,16,Q07,votable,64,1,16711,277.843,60.149442,0.843956,279.532979,4.647308,0.016727,1968522333.090909,1972469760,2
egernia-local,16,Q07,votable,64,2,16680,277.143,60.203974,0.927726,279.70542,4.645963,0.016769,1969311061.333333,1977040896,2
egernia-local,16,Q07,votable,64,3,16643,276.424,60.231056,0.842908,279.028312,4.632632,0.016766,1971394001.454545,1979867136,2
egernia-local,16,Q07,votable,8,1,17545,292.348,60.022356,0.845825,257.716147,4.293669,0.014689,1963452602.181818,1965215744,2
egernia-local,16,Q07,votable,8,2,18021,300.235,60.030456,0.930109,265.707508,4.426212,0.014744,1963514538.666667,1964498944,2
egernia-local,16,Q07,votable,8,3,17506,291.649,60.060706,0.929516,257.429788,4.28616,0.014705,1963839146.666667,1964691456,2
egernia-local,16,Q10,votable,32,1,9444,157.076,60.17454,0.928296,444.602834,7.388554,0.047078,1982337706.666667,1986084864,2
egernia-local,16,Q10,votable,32,2,9447,157.025,60.187555,0.843465,445.179433,7.396536,0.047124,1990741643.636364,1992331264,2
egernia-local,16,Q10,votable,32,3,9387,156.038,60.18342,0.927488,442.752551,7.35672,0.047167,1995233280.0,1997393920,2
egernia-local,16,Q10,votable,64,1,9116,151.041,60.466736,0.923381,433.029345,7.161447,0.047502,2007522304.0,2009522176,2
egernia-local,16,Q10,votable,64,2,9106,150.829,60.383898,0.924566,431.828291,7.151382,0.047422,2015071232.0,2016542720,2
egernia-local,16,Q10,votable,64,3,9108,150.95,60.349245,0.925367,432.224801,7.162058,0.047456,2021558954.666667,2023567360,2
egernia-local,16,Q10,votable,8,1,8056,134.181,60.079783,0.929163,367.07931,6.109864,0.045566,1968971093.333333,1980481536,2
egernia-local,16,Q10,votable,8,2,7996,133.179,60.1081,0.928478,364.960492,6.071736,0.045643,1967189333.333333,1968353280,2
egernia-local,16,Q10,votable,8,3,8016,133.478,60.095335,0.928646,366.815704,6.103897,0.04576,1968230058.666667,1969299456,2
egernia-local,16,Q11,votable,32,1,1545,25.424,60.775791,0.919588,580.125447,9.545338,0.375486,2106087082.666667,2138071040,2
egernia-local,16,Q11,votable,32,2,1693,27.908,61.25413,0.912366,638.654136,10.426303,0.377232,2121145002.666667,2147516416,2
egernia-local,16,Q11,votable,32,3,1534,25.259,60.788123,0.918207,566.54409,9.31998,0.369325,2106795008.0,2129362944,2
egernia-local,16,Q11,votable,64,1,1659,26.721,62.449507,0.894802,634.642471,10.16249,0.382545,2191112874.666667,2218766336,2
egernia-local,16,Q11,votable,64,2,1590,25.612,62.926683,0.887339,610.395932,9.700113,0.383897,2168744277.333333,2215124992,2
egernia-local,16,Q11,votable,64,3,1575,25.453,62.013508,0.900436,597.289877,9.631609,0.379232,2204901717.333333,2249531392,2
egernia-local,16,Q11,votable,8,1,1229,20.396,60.423407,0.923216,440.244656,7.285995,0.358214,2043712853.333333,2060734464,2
egernia-local,16,Q11,votable,8,2,1259,20.857,60.408806,0.839544,451.362621,7.471802,0.358509,2045420264.727273,2055774208,2
egernia-local,16,Q11,votable,8,3,1239,20.57,60.30563,0.925528,442.665982,7.340376,0.357277,2037243562.666667,2044084224,2
egernia-local,16,Q12,votable,32,1,18958,315.611,60.09169,0.929022,227.846646,3.79165,0.012018,2089366528.0,2090274816,2
egernia-local,16,Q12,votable,32,2,18910,314.875,60.082514,0.9296,227.83408,3.79202,0.012048,2090262869.333333,2092904448,2
egernia-local,16,Q12,votable,32,3,18920,314.816,60.108113,0.928936,227.767132,3.789291,0.012038,2089504426.666667,2090889216,2
egernia-local,16,Q12,votable,64,1,17802,295.773,60.230889,0.927172,222.066785,3.686925,0.012474,2091600554.666667,2092630016,2
egernia-local,16,Q12,votable,64,2,17941,298.358,60.134577,0.928726,223.239167,3.712326,0.012443,2091771904.0,2092888064,2
egernia-local,16,Q12,votable,64,3,17920,298.007,60.14885,0.928451,223.097197,3.709085,0.01245,2091767808.0,2093830144,2
egernia-local,16,Q12,votable,8,1,20156,335.852,60.041581,0.929803,213.272632,3.552082,0.010581,2087091882.666667,2087661568,2
egernia-local,16,Q12,votable,8,2,20157,335.845,60.023125,0.845558,213.17576,3.55156,0.010576,2087423627.636364,2088341504,2
egernia-local,16,Q12,votable,8,3,20179,336.166,60.061857,0.929261,212.5072,3.538139,0.010531,2087323989.333333,2088026112,2
egernia-local,16,Q13,votable,32,1,1279,20.795,61.57373,0.915274,983.710381,15.976138,0.769125,2280757589.333333,2299928576,2
egernia-local,16,Q13,votable,32,2,1273,20.808,61.337661,0.918071,980.054147,15.978016,0.769878,2278756010.666667,2299473920,2
egernia-local,16,Q13,votable,32,3,1279,20.88,61.53341,0.916239,983.03433,15.975619,0.768596,2281467562.666667,2300346368,2
egernia-local,16,Q13,votable,64,1,1316,20.852,63.555078,0.886367,1015.363366,15.976117,0.771553,2283053738.666667,2305777664,2
egernia-local,16,Q13,votable,64,2,1303,20.78,62.962389,0.895079,1005.677968,15.972678,0.771817,2274976768.0,2285719552,2
egernia-local,16,Q13,votable,64,3,1305,20.739,63.585537,0.966996,1015.7607,15.974713,0.778361,2285483244.307693,2300772352,2
egernia-local,16,Q13,votable,8,1,1251,20.747,60.540602,0.926141,941.807589,15.556627,0.752844,2189848234.666667,2206703616,2
egernia-local,16,Q13,votable,8,2,1238,20.54,60.312261,0.92939,938.926767,15.567759,0.758422,2189460480.0,2206023680,2
egernia-local,16,Q13,votable,8,3,1247,20.711,60.411515,0.92768,940.972939,15.576053,0.754589,2194883925.333333,2204897280,2
egernia-local,16,mix,votable,32,1,16117,268.226,60.212461,0.927768,355.860589,5.910082,0.02208,1975979690.666667,1996038144,2
egernia-local,16,mix,votable,32,2,16105,267.603,60.205033,0.927986,358.549336,5.955471,0.022263,1988660906.666667,2001166336,2
egernia-local,16,mix,votable,32,3,16094,267.388,60.291719,0.926791,360.794372,5.984145,0.022418,1993115306.666667,2007740416,2
egernia-local,16,mix,votable,64,1,15359,254.823,60.284481,0.926669,345.630624,5.733327,0.022503,2025330688.0,2036916224,2
egernia-local,16,mix,votable,64,2,15288,253.295,60.356299,0.925201,348.456906,5.773331,0.022793,2033537365.333333,2045726720,2
egernia-local,16,mix,votable,64,3,15248,253.357,60.26692,0.926692,348.650209,5.785101,0.022865,2036942165.333333,2042159104,2
egernia-local,16,mix,votable,8,1,15496,258.181,60.075164,0.927749,315.196996,5.246711,0.020341,1874650453.333333,1899823104,2
egernia-local,16,mix,votable,8,2,15515,258.466,60.072226,0.92806,314.814255,5.240596,0.020291,1875866965.333333,1897795584,2
egernia-local,16,mix,votable,8,3,15496,257.755,60.186933,0.926345,315.532162,5.242536,0.020362,1879631872.0,1901211648,2
dachs-local,24,Q01,csv,32,1,985,15.921,62.454351,0.886958,124.224503,1.989045,0.126116,1126834858.666667,1133068288,
dachs-local,24,Q01,csv,32,2,993,16.086,62.594124,0.965062,125.004057,1.997057,0.125885,1127170678.153846,1130803200,
dachs-local,24,Q01,csv,32,3,975,15.76,62.317593,0.969322,123.959127,1.989151,0.127138,1125839163.076923,1129496576,
dachs-local,24,Q01,csv,64,1,1016,15.968,65.767519,0.91866,130.484277,1.984023,0.128429,1127036140.307692,1131159552,
dachs-local,24,Q01,csv,64,2,1012,15.821,65.824649,0.917816,131.410951,1.996379,0.129853,1128117169.230769,1133637632,
dachs-local,24,Q01,csv,64,3,1022,16.043,66.241492,0.912382,131.351506,1.982919,0.128524,1129535015.384615,1133965312,
dachs-local,24,Q01,csv,8,1,1059,17.543,60.368509,0.916919,123.492924,2.045651,0.116613,1121260885.333333,1125400576,
dachs-local,24,Q01,csv,8,2,1066,17.679,60.469459,0.915828,123.900393,2.048975,0.116229,1124376917.333333,1128722432,
dachs-local,24,Q01,csv,8,3,1064,17.616,60.499574,0.915181,124.122629,2.051628,0.116657,1124552704.0,1130405888,
dachs-local,24,Q02,csv,32,1,679,10.849,63.249506,0.87674,372.530114,5.88985,0.548645,1139228330.666667,1148706816,
dachs-local,24,Q02,csv,32,2,672,10.844,63.136259,0.878995,368.035608,5.829227,0.547672,1144689664.0,1165127680,
dachs-local,24,Q02,csv,32,3,687,10.965,63.587005,0.951485,373.76547,5.878017,0.544055,1146346574.769231,1173008384,
dachs-local,24,Q02,csv,64,1,705,10.869,66.550181,0.90869,391.671274,5.885352,0.555562,1140292371.692308,1156571136,
dachs-local,24,Q02,csv,64,2,704,11.032,67.996837,0.889535,398.12923,5.855114,0.565524,1143989799.384615,1155719168,
dachs-local,24,Q02,csv,64,3,704,11.013,67.424443,0.972096,397.598897,5.896955,0.564771,1143518354.285714,1157287936,
dachs-local,24,Q02,csv,8,1,701,11.64,60.570413,0.915323,365.703783,6.037664,0.521689,1136712021.333333,1150799872,
dachs-local,24,Q02,csv,8,2,702,11.605,60.605651,0.914519,367.841749,6.06943,0.523991,1135243946.666667,1144201216,
dachs-local,24,Q02,csv,8,3,682,11.287,60.65359,0.913985,371.149904,6.119175,0.544208,1139422208.0,1150107648,
dachs-local,24,Q03,csv,32,1,711,11.391,62.648529,0.96472,137.109021,2.188543,0.19284,1136519010.461539,1144246272,
dachs-local,24,Q03,csv,32,2,710,11.351,62.682031,0.963874,139.323893,2.222709,0.196231,1138460829.538461,1147817984,
dachs-local,24,Q03,csv,32,3,715,11.451,62.622327,0.965323,143.843249,2.296996,0.201179,1143442510.769231,1151598592,
dachs-local,24,Q03,csv,64,1,729,11.189,66.595324,0.983043,144.477883,2.16949,0.198186,1140831963.428571,1159495680,
dachs-local,24,Q03,csv,64,2,723,11.084,66.253078,0.911862,147.798727,2.230821,0.204424,1140622887.384615,1147314176,
dachs-local,24,Q03,csv,64,3,729,11.142,66.581101,0.907578,152.638039,2.292513,0.20938,1141035953.230769,1146740736,
dachs-local,24,Q03,csv,8,1,730,12.105,60.713285,0.911968,134.506151,2.215432,0.184255,1132767914.666667,1142259712,
dachs-local,24,Q03,csv,8,2,731,12.086,60.608472,0.913634,136.108082,2.245694,0.186194,1132947456.0,1138573312,
dachs-local,24,Q03,csv,8,3,728,12.037,60.692123,0.912395,137.715399,2.269082,0.18917,1133138261.333333,1142120448,
dachs-local,24,Q04,csv,32,1,706,11.454,63.188556,0.876479,122.429098,1.93752,0.173412,1141841237.333333,1146888192,
dachs-local,24,Q04,csv,32,2,704,11.438,62.889081,0.960513,121.757642,1.93607,0.172951,1140941745.230769,1145294848,
dachs-local,24,Q04,csv,32,3,710,11.366,62.473494,0.967177,120.976581,1.936447,0.17039,1142114776.615385,1147187200,
dachs-local,24,Q04,csv,64,1,709,10.878,65.240144,0.926247,125.932674,1.930294,0.17762,1143236450.461539,1147953152,
dachs-local,24,Q04,csv,64,2,735,11.246,66.6971,0.905904,128.493554,1.926524,0.174821,1143485676.307692,1149587456,
dachs-local,24,Q04,csv,64,3,707,11.11,65.655534,0.920284,126.182351,1.921884,0.178476,1145958715.076923,1150152704,
dachs-local,24,Q04,csv,8,1,725,11.987,60.738841,0.994381,115.708754,1.905021,0.159598,1139942321.230769,1143111680,
dachs-local,24,Q04,csv,8,2,726,11.998,60.545501,0.914535,115.545868,1.908414,0.159154,1138139136.0,1144131584,
dachs-local,24,Q04,csv,8,3,733,12.107,60.73572,0.911556,116.218551,1.913512,0.158552,1139608576.0,1144090624,
dachs-local,24,Q05,csv,32,1,674,10.82,63.640174,0.950547,485.082012,7.622261,0.719706,1310054872.615385,1383149568,
dachs-local,24,Q05,csv,32,2,666,10.687,64.153524,0.943074,484.909303,7.558576,0.728092,1287063079.384615,1400090624,
dachs-local,24,Q05,csv,32,3,673,10.9,63.357478,0.87548,494.124823,7.798998,0.734212,1309141674.666667,1386213376,
dachs-local,24,Q05,csv,64,1,703,10.755,69.337082,0.945318,529.285219,7.633509,0.752895,1302422674.285714,1387958272,
dachs-local,24,Q05,csv,64,2,704,10.896,67.473293,0.971127,516.891482,7.660683,0.734221,1287309312.0,1355685888,
dachs-local,24,Q05,csv,64,3,704,10.843,68.650244,0.954558,527.681223,7.686516,0.749547,1310910756.571429,1390780416,
dachs-local,24,Q05,csv,8,1,580,9.544,61.028003,0.908095,397.373179,6.511325,0.685126,1270086656.0,1361076224,
dachs-local,24,Q05,csv,8,2,586,9.683,61.003045,0.90846,403.223554,6.609892,0.688095,1279770624.0,1339965440,
dachs-local,24,Q05,csv,8,3,577,9.506,61.280246,0.904458,400.038467,6.528017,0.693308,1283291818.666667,1355190272,
dachs-local,24,Q06,csv,32,1,651,10.387,63.816268,0.948152,474.561829,7.436377,0.728974,1304171126.153846,1369600000,
dachs-local,24,Q06,csv,32,2,642,10.258,63.553883,0.951878,464.170921,7.303581,0.723008,1297052278.153846,1385140224,
dachs-local,24,Q06,csv,32,3,639,10.235,63.735862,0.869863,458.116305,7.187732,0.716927,1308624896.0,1406234624,
dachs-local,24,Q06,csv,64,1,641,9.848,66.738925,0.906178,483.118942,7.238938,0.753696,1265447227.076923,1365934080,
dachs-local,24,Q06,csv,64,2,680,10.294,68.351423,0.885081,499.861061,7.313104,0.73509,1308071148.307692,1360977920,
dachs-local,24,Q06,csv,64,3,641,9.767,66.585485,0.908399,482.185479,7.2416,0.752239,1290243150.769231,1365155840,
dachs-local,24,Q06,csv,8,1,566,9.354,60.989838,0.908776,391.145625,6.413292,0.69107,1297476949.333333,1362427904,
dachs-local,24,Q06,csv,8,2,566,9.36,60.882362,0.91035,388.084158,6.374328,0.685661,1279292416.0,1346400256,
dachs-local,24,Q06,csv,8,3,568,9.374,61.146288,0.906447,394.305477,6.448559,0.6942,1296560469.333333,1359527936,
dachs-local,24,Q07,csv,32,1,612,9.813,63.51003,0.873151,471.014649,7.416382,0.769632,1316041728.0,1345220608,
dachs-local,24,Q07,csv,32,2,624,9.892,63.625546,0.950627,477.063,7.497979,0.764524,1318177870.769231,1398689792,
dachs-local,24,Q07,csv,32,3,611,9.723,63.635698,0.951026,470.484773,7.393409,0.770024,1325917105.230769,1399971840,
dachs-local,24,Q07,csv,64,1,640,10.109,67.753185,0.967151,511.700781,7.552424,0.799532,1317293202.285714,1419714560,
dachs-local,24,Q07,csv,64,2,640,9.984,68.365191,0.958504,507.68065,7.426011,0.793251,1320558299.428571,1367490560,
dachs-local,24,Q07,csv,64,3,640,9.908,69.426993,0.943805,512.720275,7.385028,0.801125,1302025947.428571,1410269184,
dachs-local,24,Q07,csv,8,1,550,9.069,61.234971,0.905131,402.659286,6.575643,0.732108,1298044586.666667,1363316736,
dachs-local,24,Q07,csv,8,2,542,8.938,61.542177,0.90067,400.752323,6.511832,0.739395,1315858773.333333,1368641536,
dachs-local,24,Q07,csv,8,3,556,9.138,61.311315,0.904149,407.516638,6.646679,0.732944,1305867946.666667,1362952192,
dachs-local,24,Q10,csv,32,1,640,10.228,64.396612,0.859801,122.005951,1.894602,0.190634,1166270122.666667,1171062784,
dachs-local,24,Q10,csv,32,2,636,10.144,64.211718,0.941153,122.45904,1.907114,0.192546,1166612952.615385,1174253568,
dachs-local,24,Q10,csv,32,3,639,10.274,63.061468,0.958099,120.36783,1.908738,0.188369,1167773065.846154,1172574208,
dachs-local,24,Q10,csv,64,1,641,9.76,66.090642,0.990425,125.307921,1.896001,0.195488,1166514468.571429,1174564864,
dachs-local,24,Q10,csv,64,2,640,10.183,66.962698,0.977263,127.202055,1.899596,0.198753,1168755565.714286,1172504576,
dachs-local,24,Q10,csv,64,3,640,10.082,67.885516,0.89017,127.581819,1.879367,0.199347,1170989686.153846,1177137152,
dachs-local,24,Q10,csv,8,1,646,10.656,60.740674,0.994292,113.123306,1.862398,0.175113,1156624068.923077,1160769536,
dachs-local,24,Q10,csv,8,2,642,10.631,60.647513,0.912857,112.000908,1.846752,0.174456,1157074602.666667,1161023488,
dachs-local,24,Q10,csv,8,3,643,10.592,60.838832,0.910388,112.749001,1.853241,0.175348,1159203840.0,1162682368,
dachs-local,24,Q11,csv,32,1,264,4.116,64.145076,0.863425,103.239132,1.609463,0.391057,1303919616.0,1334980608,
dachs-local,24,Q11,csv,32,2,262,3.852,68.046266,0.961676,107.44219,1.578958,0.410085,1293201700.571429,1331970048,
dachs-local,24,Q11,csv,32,3,265,4.13,64.174426,0.941342,102.870668,1.602985,0.388191,1302115879.384615,1322754048,
dachs-local,24,Q11,csv,64,1,316,4.057,81.74671,0.924136,132.787664,1.624379,0.420214,1336724224.0,1415237632,
dachs-local,24,Q11,csv,64,2,303,4.217,80.965368,0.933217,130.767183,1.6151,0.431575,1327405568.0,1406459904,
dachs-local,24,Q11,csv,64,3,255,4.144,61.549872,0.981986,100.737365,1.636679,0.395048,1317889260.307692,1405222912,
dachs-local,24,Q11,csv,8,1,232,3.83,61.84679,0.895439,89.660377,1.449718,0.386467,1249184768.0,1280663552,
dachs-local,24,Q11,csv,8,2,246,3.978,63.236128,0.954878,94.878582,1.500386,0.385685,1265238016.0,1278828544,
dachs-local,24,Q11,csv,8,3,245,3.998,61.276834,0.90348,92.546147,1.510296,0.377739,1268738048.0,1291046912,
dachs-local,24,Q12,csv,32,1,671,10.719,64.490856,0.937977,492.390702,7.635047,0.733816,1396501267.692308,1478471680,
dachs-local,24,Q12,csv,32,2,674,10.75,63.048913,0.959352,485.54394,7.701068,0.720392,1373662916.923077,1433657344,
dachs-local,24,Q12,csv,32,3,672,10.855,63.3643,0.954824,484.620774,7.648167,0.721162,1389590055.384615,1438863360,
dachs-local,24,Q12,csv,64,1,700,10.686,69.428185,0.94393,522.730252,7.529078,0.746758,1377368941.714286,1457221632,
dachs-local,24,Q12,csv,64,2,704,10.905,68.98249,0.876912,531.4141,7.703609,0.75485,1394334168.615385,1462296576,
dachs-local,24,Q12,csv,64,3,704,10.876,68.846393,0.951998,524.117542,7.612854,0.744485,1368640365.714286,1474957312,
dachs-local,24,Q12,csv,8,1,576,9.525,60.899247,0.909923,398.604192,6.545306,0.692021,1380006912.0,1458384896,
dachs-local,24,Q12,csv,8,2,590,9.712,61.053877,0.907669,402.775576,6.597052,0.68267,1355629909.333333,1445257216,
dachs-local,24,Q12,csv,8,3,588,9.699,61.126503,0.906642,403.519194,6.601379,0.686257,1354262528.0,1411428352,
dachs-local,24,Q13,csv,32,1,749,12.023,63.290872,0.875926,396.794084,6.269373,0.529765,1222827349.333333,1229975552,
dachs-local,24,Q13,csv,32,2,737,11.828,62.933732,0.880828,389.876379,6.19503,0.529005,1223926442.666667,1234702336,
dachs-local,24,Q13,csv,32,3,727,11.677,63.295779,0.95563,391.264746,6.18153,0.538191,1224650436.923077,1243320320,
dachs-local,24,Q13,csv,64,1,766,11.831,67.433603,0.971578,417.266335,6.18781,0.544734,1224912310.857143,1232662528,
dachs-local,24,Q13,csv,64,2,768,11.901,65.922148,0.917381,411.456153,6.241546,0.53575,1225607640.615385,1238073344,
dachs-local,24,Q13,csv,64,3,764,11.795,67.827485,0.891914,414.403927,6.109676,0.542414,1226284425.846154,1236697088,
dachs-local,24,Q13,csv,8,1,722,11.945,60.883904,0.910412,362.983184,5.961891,0.502747,1222953984.0,1230503936,
dachs-local,24,Q13,csv,8,2,746,12.332,60.983435,0.908721,374.465353,6.140444,0.501964,1221886293.333333,1232056320,
dachs-local,24,Q13,csv,8,3,735,12.173,60.571997,0.914853,368.177393,6.078343,0.500922,1219040938.666667,1232080896,
dachs-local,24,mix,csv,32,1,669,10.722,63.467191,0.952523,326.605392,5.146051,0.488199,1204968211.692308,1248571392,
dachs-local,24,mix,csv,32,2,681,10.876,63.013167,0.879491,346.684996,5.501787,0.509082,1186707456.0,1253355520,
dachs-local,24,mix,csv,32,3,680,10.836,63.185771,0.877386,328.364136,5.196805,0.482888,1198886570.666667,1265827840,
dachs-local,24,mix,csv,64,1,701,10.779,67.483099,0.97122,348.076476,5.15798,0.496543,1230210486.857143,1317142528,
dachs-local,24,mix,csv,64,2,701,10.752,68.386123,0.958187,370.063078,5.411377,0.527907,1206234258.285714,1311186944,
dachs-local,24,mix,csv,64,3,707,10.74,66.670121,0.907107,346.898399,5.203206,0.490663,1206030651.076923,1239031808,
dachs-local,24,mix,csv,8,1,688,11.375,61.159866,0.905871,327.535666,5.355402,0.476069,1207059456.0,1244614656,
dachs-local,24,mix,csv,8,2,679,11.156,61.077437,0.907119,323.504605,5.29663,0.476443,1194620586.666667,1257959424,
dachs-local,24,mix,csv,8,3,682,11.27,61.386745,0.902553,310.159554,5.052549,0.454779,1187269973.333333,1256562688,
dachs-local,24,Q01,votable,32,1,963,15.672,61.954451,0.975392,126.144361,2.036082,0.130991,878283539.692308,881053696,
dachs-local,24,Q01,votable,32,2,960,15.623,62.632245,0.883932,127.083592,2.029044,0.132379,880861184.0,884273152,
dachs-local,24,Q01,votable,32,3,960,15.604,62.493415,0.886512,127.083659,2.033553,0.132379,884990293.333333,890634240,
dachs-local,24,Q01,votable,64,1,960,15.554,64.108894,0.863659,129.555485,2.020866,0.134954,889478144.0,893485056,
dachs-local,24,Q01,votable,64,2,963,15.15,63.946604,0.865822,129.42959,2.024026,0.134402,896875861.333333,901419008,
dachs-local,24,Q01,votable,64,3,960,15.416,64.769435,0.932688,130.562272,2.015801,0.136002,898666811.076923,903405568,
dachs-local,24,Q01,votable,8,1,1075,17.83,60.293998,0.918195,128.294123,2.127809,0.119343,872881834.666667,876371968,
dachs-local,24,Q01,votable,8,2,1068,17.718,60.455905,0.91583,127.112375,2.102563,0.119019,872983210.666667,874803200,
dachs-local,24,Q01,votable,8,3,1055,17.5,60.342387,0.917655,126.519086,2.096687,0.119923,873933141.333333,877449216,
dachs-local,24,Q02,votable,32,1,672,10.906,62.989857,0.96038,367.012914,5.82654,0.54615,914035948.307692,935346176,
dachs-local,24,Q02,votable,32,2,672,10.892,63.198701,0.957616,370.261821,5.858693,0.550985,916066934.153846,937816064,
dachs-local,24,Q02,votable,32,3,673,10.841,63.228733,0.876965,367.573899,5.8134,0.546172,915507882.666667,923037696,
dachs-local,24,Q02,votable,64,1,704,10.922,67.843737,0.965952,394.696242,5.817726,0.560648,924273225.142857,931475456,
dachs-local,24,Q02,votable,64,2,704,10.966,68.332127,0.959603,397.935052,5.823543,0.565249,927773257.142857,939495424,
dachs-local,24,Q02,votable,64,3,704,10.998,66.760978,0.90581,390.484484,5.848993,0.554665,923027613.538462,937164800,
dachs-local,24,Q02,votable,8,1,689,11.394,60.836894,0.911069,363.669479,5.977779,0.527822,917334016.0,929017856,
dachs-local,24,Q02,votable,8,2,696,11.492,60.810953,0.911696,367.997823,6.051506,0.528733,918801408.0,932233216,
dachs-local,24,Q02,votable,8,3,687,11.371,60.550531,0.915677,363.722395,6.006923,0.529436,906903893.333333,916123648,
dachs-local,24,Q03,votable,32,1,701,11.248,63.612543,0.87055,139.572535,2.194104,0.199105,915468629.333333,918601728,
dachs-local,24,Q03,votable,32,2,701,11.183,64.011481,0.865353,141.988987,2.21818,0.202552,919622997.333333,924065792,
dachs-local,24,Q03,votable,32,3,702,11.266,63.995173,0.865963,147.574342,2.306023,0.21022,921181184.0,926572544,
dachs-local,24,Q03,votable,64,1,704,11.282,66.144862,0.913769,144.063101,2.177994,0.204635,920718729.846154,932900864,
dachs-local,24,Q03,votable,64,2,705,11.384,65.666651,0.920211,147.567124,2.247216,0.209315,920657289.846154,926212096,
dachs-local,24,Q03,votable,64,3,704,11.303,65.971235,0.916115,150.915677,2.287598,0.214369,922334759.384615,932716544,
dachs-local,24,Q03,votable,8,1,724,11.971,60.621752,0.913172,133.947874,2.209568,0.185011,913014784.0,918401024,
dachs-local,24,Q03,votable,8,2,719,11.895,60.832632,0.910169,135.531355,2.227938,0.1885,914469546.666667,921763840,
dachs-local,24,Q03,votable,8,3,721,11.956,60.731953,0.911596,139.555719,2.297896,0.193559,914503338.666667,918360064,
dachs-local,24,Q04,votable,32,1,704,11.326,63.487581,0.87229,123.369603,1.943208,0.175241,923223381.333333,928825344,
dachs-local,24,Q04,votable,32,2,700,11.153,64.498362,0.858642,125.492164,1.945664,0.179275,923794090.666667,930217984,
dachs-local,24,Q04,votable,32,3,700,11.124,64.008673,0.944029,124.028922,1.937689,0.177184,926379716.923077,932884480,
dachs-local,24,Q04,votable,64,1,717,11.026,65.685074,0.919756,127.474296,1.940689,0.177788,927997321.846154,934006784,
dachs-local,24,Q04,votable,64,2,704,11.225,65.913222,0.916478,127.00682,1.926879,0.180407,925266235.076923,929009664,
dachs-local,24,Q04,votable,64,3,723,11.096,65.835088,0.917539,127.347029,1.934334,0.176137,926092996.923077,935227392,
dachs-local,24,Q04,votable,8,1,726,12.034,60.690088,0.912621,116.854345,1.925427,0.160956,920007338.666667,923250688,
dachs-local,24,Q04,votable,8,2,715,11.837,60.8105,0.910552,115.580918,1.900674,0.161652,918900394.666667,922357760,
dachs-local,24,Q04,votable,8,3,719,11.908,60.514812,0.915169,116.274117,1.921416,0.161716,920865450.666667,926220288,
dachs-local,24,Q05,votable,32,1,660,10.506,64.275643,0.94125,478.202897,7.439877,0.72455,1069122166.153846,1154977792,
dachs-local,24,Q05,votable,32,2,666,10.569,64.47652,0.860026,485.952738,7.536895,0.729659,1068759381.333333,1142726656,
dachs-local,24,Q05,votable,32,3,655,10.41,63.935409,0.867416,478.573064,7.485258,0.730646,1079305216.0,1143562240,
dachs-local,24,Q05,votable,64,1,689,10.497,69.363825,0.94473,519.703943,7.492435,0.754287,1073106651.428571,1139552256,
dachs-local,24,Q05,votable,64,2,684,10.339,68.965039,0.950233,515.044072,7.468191,0.752988,1056368640.0,1152249856,
dachs-local,24,Q05,votable,64,3,683,10.367,68.212211,0.886972,510.207609,7.479711,0.74701,1090902173.538461,1169563648,
dachs-local,24,Q05,votable,8,1,570,9.38,61.252393,0.904621,398.842946,6.511467,0.699724,1060227072.0,1140981760,
dachs-local,24,Q05,votable,8,2,584,9.646,61.065062,0.907533,401.506424,6.57506,0.687511,1059764224.0,1115361280,
dachs-local,24,Q05,votable,8,3,570,9.381,61.097006,0.907017,397.66146,6.50869,0.697652,1061301589.333333,1116184576,
dachs-local,24,Q06,votable,32,1,634,10.099,64.173706,0.942871,463.210907,7.218079,0.730617,1079742464.0,1147162624,
dachs-local,24,Q06,votable,32,2,638,10.183,64.286164,0.940868,461.099383,7.172607,0.722726,1068887748.923077,1138348032,
dachs-local,24,Q06,votable,32,3,636,10.119,63.830281,0.947717,461.995014,7.237866,0.726407,1057483539.692308,1129140224,
dachs-local,24,Q06,votable,64,1,640,9.861,69.333737,0.945288,487.460987,7.030646,0.761658,1068272786.285714,1202036736,
dachs-local,24,Q06,votable,64,2,642,9.824,65.772763,0.919637,473.901273,7.205129,0.738164,1062710980.923077,1134637056,
dachs-local,24,Q06,votable,64,3,640,10.129,67.513706,0.970593,486.333906,7.203484,0.759897,1075900708.571429,1178927104,
dachs-local,24,Q06,votable,8,1,557,9.167,60.961964,0.908848,384.895296,6.313696,0.691015,1047258794.666667,1133891584,
dachs-local,24,Q06,votable,8,2,569,9.39,61.133742,0.906445,390.601505,6.389295,0.68647,1066440704.0,1131208704,
dachs-local,24,Q06,votable,8,3,570,9.389,61.232939,0.905024,392.398837,6.408297,0.688419,1050878976.0,1110249472,
dachs-local,24,Q07,votable,32,1,610,9.838,63.229752,0.956783,469.277665,7.421786,0.769308,1090773307.076923,1149927424,
dachs-local,24,Q07,votable,32,2,608,9.779,64.409397,0.939184,470.287536,7.301536,0.773499,1082169501.538461,1178324992,
dachs-local,24,Q07,votable,32,3,606,9.621,64.473507,0.938086,466.74966,7.239402,0.770214,1087672004.923077,1177944064,
dachs-local,24,Q07,votable,64,1,640,9.817,69.421302,0.944139,507.002944,7.303276,0.792192,1083967195.428571,1151590400,
dachs-local,24,Q07,votable,64,2,640,9.911,69.074909,0.948707,512.85261,7.424586,0.801332,1090165321.142857,1128013824,
dachs-local,24,Q07,votable,64,3,640,9.868,69.479578,0.943187,515.39169,7.417887,0.8053,1071886628.571429,1155297280,
dachs-local,24,Q07,votable,8,1,537,8.864,61.175425,0.905921,395.39409,6.463283,0.736302,1107902464.0,1142755328,
dachs-local,24,Q07,votable,8,2,544,8.945,61.335815,0.985503,399.1425,6.507495,0.733718,1053770988.307692,1117028352,
dachs-local,24,Q07,votable,8,3,538,8.884,61.071174,0.907494,395.834094,6.481521,0.735751,1071070890.666667,1141264384,
dachs-local,24,Q10,votable,32,1,640,10.318,63.460505,0.951951,122.155447,1.924905,0.190868,942346870.153846,948011008,
dachs-local,24,Q10,votable,32,2,643,10.269,62.766149,0.882194,121.946212,1.942866,0.189652,938698410.666667,943763456,
dachs-local,24,Q10,votable,32,3,645,10.242,63.003925,0.879268,121.718923,1.931926,0.188712,942315178.666667,947965952,
dachs-local,24,Q10,votable,64,1,634,9.669,67.240255,0.89859,117.396565,1.745927,0.185168,942098589.538462,946737152,
dachs-local,24,Q10,votable,64,2,644,10.099,66.176427,0.989469,126.847179,1.916803,0.196968,943201426.285714,945971200,
dachs-local,24,Q10,votable,64,3,652,9.969,66.672643,0.906067,128.627817,1.929244,0.197282,945461405.538462,950333440,
dachs-local,24,Q10,votable,8,1,643,10.608,60.669882,0.9128,112.236169,1.849949,0.174551,934614016.0,939077632,
dachs-local,24,Q10,votable,8,2,650,10.733,60.675844,0.912273,113.63863,1.872881,0.174829,934987776.0,937783296,
dachs-local,24,Q10,votable,8,3,647,10.731,60.658112,0.912647,112.114967,1.84831,0.173284,936886954.666667,939110400,
dachs-local,24,Q11,votable,32,1,298,4.491,66.353499,0.910397,108.726633,1.638597,0.364854,1166348288.0,1215496192,
dachs-local,24,Q11,votable,32,2,277,4.527,61.199089,0.987503,100.087435,1.63544,0.361326,1175194387.692308,1222201344,
dachs-local,24,Q11,votable,32,3,293,4.525,64.75443,0.933282,106.133458,1.639015,0.36223,1201831936.0,1236803584,
dachs-local,24,Q11,votable,64,1,294,4.469,65.796331,0.918198,105.421646,1.602242,0.358577,1257661991.384615,1468985344,
dachs-local,24,Q11,votable,64,2,310,4.464,69.877169,0.865247,115.818429,1.657457,0.373608,1266980391.384615,1372422144,
dachs-local,24,Q11,votable,64,3,285,4.517,63.100197,0.95788,104.018021,1.648458,0.364976,1288105038.769231,1402204160,
dachs-local,24,Q11,votable,8,1,266,4.314,61.660388,0.897987,95.106927,1.542432,0.357545,1094893226.666667,1146429440,
dachs-local,24,Q11,votable,8,2,268,4.356,61.528689,0.899637,95.066809,1.545081,0.354727,1108081664.0,1143640064,
dachs-local,24,Q11,votable,8,3,261,4.251,61.401403,0.901684,93.625983,1.524818,0.35872,1127722666.666667,1164300288,
dachs-local,24,Q12,votable,32,1,645,10.287,63.013083,0.960052,469.986177,7.458549,0.728661,1259535753.846154,1343385600,
dachs-local,24,Q12,votable,32,2,652,10.443,63.057351,0.879457,473.992253,7.516844,0.726982,1270461781.333333,1325408256,
dachs-local,24,Q12,votable,32,3,670,10.706,63.921816,0.867611,486.542796,7.61153,0.726183,1278316202.666667,1332953088,
dachs-local,24,Q12,votable,64,1,697,10.626,68.947399,0.950542,515.925859,7.482891,0.740209,1272864475.428571,1350520832,
dachs-local,24,Q12,votable,64,2,702,10.686,70.105294,0.934739,529.438043,7.552041,0.754185,1251418697.142857,1327706112,
dachs-local,24,Q12,votable,64,3,678,10.319,67.888307,0.965238,511.64916,7.536632,0.754645,1265367332.571429,1338118144,
dachs-local,24,Q12,votable,8,1,578,9.513,61.379095,0.902861,401.825741,6.546622,0.6952,1273008128.0,1348521984,
dachs-local,24,Q12,votable,8,2,580,9.492,61.230387,0.987465,400.912028,6.547599,0.691228,1253538579.692308,1336852480,
dachs-local,24,Q12,votable,8,3,572,9.428,61.147397,0.906432,399.316054,6.530385,0.698105,1255411029.333333,1332666368,
dachs-local,24,Q13,votable,32,1,734,11.781,63.099797,0.958279,391.249809,6.200492,0.533038,1121193984.0,1131794432,
dachs-local,24,Q13,votable,32,2,733,11.747,62.961871,0.960229,387.953314,6.161718,0.529268,1120898441.846154,1130946560,
dachs-local,24,Q13,votable,32,3,729,11.61,63.401334,0.874817,388.200914,6.122914,0.532512,1131719680.0,1144094720,
dachs-local,24,Q13,votable,64,1,748,11.462,67.496538,0.896244,413.508062,6.12636,0.552818,1130843844.923077,1141915648,
dachs-local,24,Q13,votable,64,2,762,11.718,68.320045,0.885195,421.083601,6.163398,0.552603,1130298446.769231,1147219968,
dachs-local,24,Q13,votable,64,3,763,11.795,67.694549,0.893585,415.066122,6.131456,0.543992,1131719758.769231,1144922112,
dachs-local,24,Q13,votable,8,1,723,12.005,60.723364,0.912587,366.744627,6.039597,0.507254,1123913045.333333,1133256704,
dachs-local,24,Q13,votable,8,2,724,11.972,60.982049,0.908554,367.680216,6.029319,0.507846,1125122048.0,1144623104,
dachs-local,24,Q13,votable,8,3,735,12.148,60.934881,0.909394,372.734201,6.116927,0.507121,1121536682.666667,1128583168,
dachs-local,24,mix,votable,32,1,681,10.874,63.621039,0.950547,334.021157,5.250168,0.490486,933241462.153846,986656768,
dachs-local,24,mix,votable,32,2,678,10.803,63.436753,0.87404,348.209461,5.489081,0.513583,944098645.333333,992890880,
dachs-local,24,mix,votable,32,3,689,11.012,63.188585,0.877184,330.039766,5.223092,0.479013,951572480.0,1004699648,
dachs-local,24,mix,votable,64,1,710,10.879,66.805278,0.905507,347.06685,5.195201,0.488827,949320467.692308,1008361472,
dachs-local,24,mix,votable,64,2,711,10.8,66.748681,0.905779,371.80587,5.570235,0.522934,940423955.692308,990683136,
dachs-local,24,mix,votable,64,3,708,10.888,67.75379,0.892472,355.209902,5.242657,0.501709,936221774.769231,978587648,
dachs-local,24,mix,votable,8,1,683,11.286,60.816866,0.911155,325.969513,5.359854,0.477261,935340714.666667,1038389248,
dachs-local,24,mix,votable,8,2,638,10.473,60.984212,0.991191,309.460827,5.074442,0.485048,931613459.692308,1011175424,
dachs-local,24,mix,votable,8,3,696,11.465,61.274689,0.904147,315.084735,5.142168,0.452708,929171114.666667,961449984,
egernia-local,24,Q01,csv,32,1,40153,668.808,60.039494,0.938397,327.697391,5.458031,0.008161,2738499242.666667,2739216384,4
egernia-local,24,Q01,csv,32,2,40474,674.097,60.079562,0.852619,326.758123,5.438757,0.008073,2738721512.727273,2739372032,4
egernia-local,24,Q01,csv,32,3,40247,670.218,60.058845,0.937508,321.805662,5.358173,0.007996,2729463466.666667,2738565120,4
egernia-local,24,Q01,csv,64,1,38405,639.37,60.074124,0.937051,325.829704,5.423794,0.008484,2708764672.0,2716758016,4
egernia-local,24,Q01,csv,64,2,38450,639.765,60.113548,0.936452,326.029913,5.423568,0.008479,2665102677.333333,2679271424,4
egernia-local,24,Q01,csv,64,3,38438,639.713,60.088929,0.937869,326.011302,5.42548,0.008481,2624268288.0,2628657152,4
egernia-local,24,Q01,csv,8,1,32092,534.751,60.029886,0.851019,208.50054,3.473279,0.006497,2737025024.0,2739449856,4
egernia-local,24,Q01,csv,8,2,39105,651.6,60.063665,0.93695,245.419132,4.085983,0.006276,2736025600.0,2736566272,4
egernia-local,24,Q01,csv,8,3,41382,689.554,60.083615,0.936508,261.782,4.356962,0.006326,2736709632.0,2741108736,4
egernia-local,24,Q02,csv,32,1,30843,513.563,60.078588,0.8536,641.601714,10.679374,0.020802,2550827566.545455,2563842048,4
egernia-local,24,Q02,csv,32,2,29451,490.409,60.06476,0.93877,608.868643,10.13687,0.020674,2547082240.0,2551291904,4
egernia-local,24,Q02,csv,32,3,27820,462.99,60.156515,0.936361,560.93198,9.324542,0.020163,2538332842.666667,2544369664,4
egernia-local,24,Q02,csv,64,1,29634,492.925,60.134214,0.937009,641.328331,10.664949,0.021642,2541455701.333333,2547769344,4
egernia-local,24,Q02,csv,64,2,29519,491.166,60.1312,0.938273,641.806055,10.673428,0.021742,2547439616.0,2556846080,4
egernia-local,24,Q02,csv,64,3,29450,489.889,60.142561,0.852917,638.150794,10.610636,0.021669,2541778013.090909,2547671040,4
egernia-local,24,Q02,csv,8,1,18451,307.381,60.042322,0.850499,333.284421,5.550825,0.018063,2637030120.727273,2657239040,4
egernia-local,24,Q02,csv,8,2,16088,268.024,60.056567,0.93487,287.56353,4.788211,0.017874,2581786965.333333,2585489408,4
egernia-local,24,Q02,csv,8,3,19395,323.124,60.025484,0.936612,349.770992,5.827042,0.018034,2573138944.0,2576539648,4
egernia-local,24,Q03,csv,32,1,26378,438.632,60.239316,0.936691,980.467812,16.276211,0.03717,2571905706.666667,2572828672,4
egernia-local,24,Q03,csv,32,2,26029,432.76,60.198809,0.851509,977.582235,16.239229,0.037557,2572257093.818182,2572566528,4
egernia-local,24,Q03,csv,32,3,26069,433.255,60.272758,0.936034,986.225728,16.362711,0.037831,2572681216.0,2573434880,4
egernia-local,24,Q03,csv,64,1,26343,437.023,60.28991,0.935802,1024.804177,16.997939,0.038902,2576792917.333333,2588696576,4
egernia-local,24,Q03,csv,64,2,26300,436.72,60.292896,0.935543,1025.800488,17.013621,0.039004,2574943914.666667,2576130048,4
egernia-local,24,Q03,csv,64,3,26367,437.535,60.310977,0.93523,1024.365063,16.98472,0.03885,2575257941.333333,2576146432,4
egernia-local,24,Q03,csv,8,1,12784,212.73,60.130282,0.933913,399.009488,6.635749,0.031212,2562655232.0,2574929920,4
egernia-local,24,Q03,csv,8,2,13034,216.862,60.171103,0.933019,407.844551,6.77808,0.031291,2569562453.333333,2570272768,4
egernia-local,24,Q03,csv,8,3,12797,212.864,60.189815,0.93299,400.621104,6.655962,0.031306,2569942357.333333,2570899456,4
egernia-local,24,Q04,csv,32,1,27655,460.444,60.069873,0.938062,711.687679,11.847664,0.025735,2584431274.666667,2585141248,4
egernia-local,24,Q04,csv,32,2,27725,461.631,60.141959,0.852253,713.719381,11.867245,0.025743,2586008482.909091,2600087552,4
egernia-local,24,Q04,csv,32,3,27110,451.361,60.0635,0.939669,697.749041,11.616856,0.025738,2585474389.333333,2596855808,4
egernia-local,24,Q04,csv,64,1,27050,449.589,60.198448,0.936583,723.846274,12.024335,0.02676,2586406229.333333,2587496448,4
egernia-local,24,Q04,csv,64,2,26954,448.461,60.120868,0.938235,720.6714,11.987043,0.026737,2586842794.666667,2588581888,4
egernia-local,24,Q04,csv,64,3,27066,450.132,60.185864,0.936445,724.313046,12.034604,0.026761,2587011413.333333,2588479488,4
egernia-local,24,Q04,csv,8,1,16362,272.589,60.059067,0.935579,370.672191,6.171794,0.022654,2579490816.0,2580586496,4
egernia-local,24,Q04,csv,8,2,15115,251.791,60.074936,0.934777,340.937822,5.675209,0.022556,2581583530.666667,2583248896,4
egernia-local,24,Q04,csv,8,3,15529,258.703,60.03899,0.85051,351.666239,5.857298,0.022646,2581335319.272727,2582306816,4
egernia-local,24,Q05,csv,32,1,36256,603.941,60.051521,0.937658,449.480006,7.484906,0.012397,2611414016.0,2622304256,4
egernia-local,24,Q05,csv,32,2,36194,602.829,60.047275,0.852998,447.380415,7.45047,0.012361,2610635124.363636,2611896320,4
egernia-local,24,Q05,csv,32,3,36280,604.171,60.057439,0.938147,446.741304,7.438567,0.012314,2610502314.666667,2611625984,4
egernia-local,24,Q05,csv,64,1,34051,566.688,60.090508,0.938528,444.193822,7.39208,0.013045,2612801877.333333,2613813248,4
egernia-local,24,Q05,csv,64,2,33827,563.069,60.098932,0.93835,442.154766,7.357115,0.013071,2613683200.0,2624114688,4
egernia-local,24,Q05,csv,64,3,34372,571.822,60.129773,0.937086,444.865696,7.398426,0.012943,2613118634.666667,2614079488,4
egernia-local,24,Q05,csv,8,1,24909,415.06,60.022941,0.935652,263.085282,4.383079,0.010562,2601749845.333333,2602717184,4
egernia-local,24,Q05,csv,8,2,24980,416.277,60.09472,0.850074,263.720576,4.388415,0.010557,2609093166.545455,2617303040,4
egernia-local,24,Q05,csv,8,3,26546,442.349,60.056305,0.851024,276.823041,4.609392,0.010428,2608140288.0,2608635904,4
egernia-local,24,Q06,csv,32,1,28150,468.726,60.062043,0.852844,639.244712,10.643073,0.022709,2607804043.636364,2612682752,4
egernia-local,24,Q06,csv,32,2,27722,461.517,60.0758,0.938218,621.626798,10.347374,0.022424,2596844544.0,2600345600,4
egernia-local,24,Q06,csv,32,3,27765,462.186,60.077263,0.938968,627.11757,10.438518,0.022587,2584327168.0,2599464960,4
egernia-local,24,Q06,csv,64,1,27235,453.012,60.175087,0.936606,638.149832,10.604884,0.023431,2574110720.0,2579132416,4
egernia-local,24,Q06,csv,64,2,27357,455.117,60.112274,0.938034,638.685416,10.624875,0.023346,2569111893.333333,2571034624,4
egernia-local,24,Q06,csv,64,3,27222,453.032,60.144202,0.852477,636.407219,10.581356,0.023378,2560510882.909091,2563424256,4
egernia-local,24,Q06,csv,8,1,19256,320.83,60.047848,0.935624,380.153453,6.330842,0.019742,2614522538.666667,2615209984,4
egernia-local,24,Q06,csv,8,2,18251,304.125,60.052112,0.935935,361.746342,6.023874,0.019821,2615321600.0,2622541824,4
egernia-local,24,Q06,csv,8,3,16704,278.286,60.08459,0.9349,329.69397,5.487164,0.019737,2614540970.666667,2615226368,4
egernia-local,24,Q07,csv,32,1,33459,557.086,60.075485,0.852557,537.564555,8.948152,0.016066,2553585664.0,2555592704,4
egernia-local,24,Q07,csv,32,2,32972,549.093,60.054858,0.938608,522.608075,8.702178,0.01585,2553794218.666667,2556190720,4
egernia-local,24,Q07,csv,32,3,31215,519.877,60.048446,0.93864,494.595899,8.236614,0.015845,2553790122.666667,2554515456,4
egernia-local,24,Q07,csv,64,1,32033,532.957,60.145018,0.852184,538.393927,8.951596,0.016807,2556442810.181818,2562076672,4
egernia-local,24,Q07,csv,64,2,32088,533.546,60.154755,0.936743,536.979592,8.926636,0.016735,2556579157.333333,2560233472,4
egernia-local,24,Q07,csv,64,3,31741,528.217,60.106036,0.938082,535.53419,8.909824,0.016872,2559115605.333333,2571898880,4
egernia-local,24,Q07,csv,8,1,24862,414.238,60.026792,0.936854,343.175549,5.71704,0.013803,2568154453.333333,2579554304,4
egernia-local,24,Q07,csv,8,2,24765,412.657,60.090563,0.935706,343.205536,5.711471,0.013858,2558861994.666667,2559696896,4
egernia-local,24,Q07,csv,8,3,23950,399.024,60.07953,0.935284,332.819887,5.539655,0.013896,2557891925.333333,2566311936,4
egernia-local,24,Q10,csv,32,1,16418,273.262,60.088218,0.937211,741.834125,12.34575,0.045184,2560697344.0,2562187264,4
egernia-local,24,Q10,csv,32,2,17538,291.846,60.1185,0.851224,812.301993,13.511681,0.046317,2563463726.545455,2564538368,4
egernia-local,24,Q10,csv,32,3,17767,295.798,60.135998,0.938345,827.594349,13.762046,0.04658,2564175872.0,2565300224,4
egernia-local,24,Q10,csv,64,1,17453,289.921,60.200447,0.935737,813.694073,13.516412,0.046622,2571265706.666667,2582790144,4
egernia-local,24,Q10,csv,64,2,17453,290.154,60.170188,0.937209,812.923979,13.510411,0.046578,2571205632.0,2572939264,4
egernia-local,24,Q10,csv,64,3,17451,290.175,60.142555,0.936432,812.792443,13.514431,0.046576,2572526592.0,2573955072,4
egernia-local,24,Q10,csv,8,1,10141,168.912,60.056243,0.935152,408.279512,6.798286,0.04026,2555005952.0,2555785216,4
egernia-local,24,Q10,csv,8,2,10501,174.918,60.074893,0.934534,421.377324,7.0142,0.040127,2555028138.666667,2555924480,4
egernia-local,24,Q10,csv,8,3,10101,168.286,60.071387,0.934252,406.65264,6.76949,0.040259,2555503957.333333,2556358656,4
egernia-local,24,Q11,csv,32,1,2304,38.048,60.84613,0.925355,825.050038,13.559614,0.358095,2644172117.333333,2661949440,4
egernia-local,24,Q11,csv,32,2,2197,36.327,60.491982,0.930224,772.637024,12.772553,0.351678,2656085674.666667,2673524736,4
egernia-local,24,Q11,csv,32,3,2393,39.467,60.988083,0.922319,866.177605,14.202407,0.361963,2654964394.666667,2685513728,4
egernia-local,24,Q11,csv,64,1,2221,36.092,62.218014,0.904263,811.311661,13.039819,0.365291,2704607914.666667,2731421696,4
egernia-local,24,Q11,csv,64,2,2331,37.882,61.561112,0.91562,841.23003,13.664958,0.360888,2726068906.666667,2761515008,4
egernia-local,24,Q11,csv,64,3,2464,40.675,60.593922,0.845461,900.252237,14.857138,0.365362,2740935214.545455,2782658560,4
egernia-local,24,Q11,csv,8,1,1639,27.227,60.443483,0.844191,509.307719,8.426181,0.310743,2584173102.545455,2588868608,4
egernia-local,24,Q11,csv,8,2,1642,27.264,60.319934,0.930542,506.157813,8.39122,0.308257,2585769984.0,2591932416,4
egernia-local,24,Q11,csv,8,3,1621,26.91,60.439303,0.928027,504.73949,8.35118,0.311375,2583847936.0,2593009664,4
egernia-local,24,Q12,csv,32,1,36949,615.429,60.038553,0.938775,435.089728,7.246839,0.011775,2620822528.0,2621628416,4
egernia-local,24,Q12,csv,32,2,36878,614.236,60.048949,0.938124,438.216931,7.297662,0.011883,2621097301.333333,2622005248,4
egernia-local,24,Q12,csv,32,3,36783,612.762,60.074695,0.852437,435.257558,7.245273,0.011833,2621070615.272727,2622627840,4
egernia-local,24,Q12,csv,64,1,34935,581.256,60.126167,0.93697,432.632387,7.195409,0.012384,2623380480.0,2624188416,4
egernia-local,24,Q12,csv,64,2,34730,578.078,60.086872,0.938293,431.169895,7.175775,0.012415,2622930944.0,2624040960,4
egernia-local,24,Q12,csv,64,3,34735,578.187,60.08719,0.938278,431.527978,7.181697,0.012423,2618815146.666667,2620903424,4
egernia-local,24,Q12,csv,8,1,28152,469.088,60.031694,0.936213,279.810294,4.661043,0.009939,2619291648.0,2620432384,4
egernia-local,24,Q12,csv,8,2,30834,513.768,60.036936,0.851685,303.935009,5.062467,0.009857,2618681902.545455,2619416576,4
egernia-local,24,Q12,csv,8,3,28874,481.136,60.045461,0.936051,284.264668,4.734158,0.009845,2620013909.333333,2629193728,4
egernia-local,24,Q13,csv,32,1,1928,31.816,60.73199,0.860759,1450.808741,23.888707,0.752494,2857795584.0,2865004544,4
egernia-local,24,Q13,csv,32,2,1929,31.832,60.673358,0.948331,1450.353265,23.904285,0.751868,2861651285.333333,2877853696,4
egernia-local,24,Q13,csv,32,3,1945,32.053,60.923547,0.944275,1457.579825,23.924737,0.749398,2851295573.333333,2862374912,4
egernia-local,24,Q13,csv,64,1,1974,32.032,62.204857,0.925243,1487.79584,23.91768,0.753696,2861044053.333333,2878783488,4
egernia-local,24,Q13,csv,64,2,1979,31.934,62.270909,0.925935,1489.189309,23.914687,0.752496,2868993706.666667,2889052160,4
egernia-local,24,Q13,csv,64,3,1978,31.965,61.911254,0.931103,1480.530007,23.913746,0.748498,2863954944.0,2881605632,4
egernia-local,24,Q13,csv,8,1,1776,29.496,60.262749,0.852242,1289.052323,21.390533,0.725818,2721590551.272727,2738806784,4
egernia-local,24,Q13,csv,8,2,1780,29.58,60.256926,0.852317,1288.869568,21.389567,0.724084,2723851170.909091,2735394816,4
egernia-local,24,Q13,csv,8,3,1790,29.738,60.260424,0.852784,1288.871197,21.388352,0.72004,2720562827.636364,2730188800,4
egernia-local,24,mix,csv,32,1,29948,497.949,60.145091,0.937525,660.564775,10.982854,0.022057,2729576106.666667,2738061312,4
egernia-local,24,mix,csv,32,2,29599,492.883,60.065115,0.853066,658.310366,10.959945,0.022241,2739771950.545455,2751475712,4
egernia-local,24,mix,csv,32,3,30184,502.341,60.131686,0.938203,678.050826,11.276099,0.022464,2739362816.0,2749222912,4
egernia-local,24,mix,csv,64,1,28960,481.86,60.177702,0.937232,659.228564,10.954698,0.022763,2739739306.666667,2743869440,4
egernia-local,24,mix,csv,64,2,28955,481.39,60.184825,0.85163,668.245653,11.103225,0.023079,2742700590.545455,2747129856,4
egernia-local,24,mix,csv,64,3,28273,469.738,60.202007,0.936975,657.28767,10.918036,0.023248,2742740992.0,2752847872,4
egernia-local,24,mix,csv,8,1,18733,312.073,60.161114,0.934001,355.455497,5.908393,0.018975,2643948544.0,2665684992,4
egernia-local,24,mix,csv,8,2,19173,319.457,60.121453,0.934701,365.942997,6.086729,0.019086,2707979605.333333,2715963392,4
egernia-local,24,mix,csv,8,3,17214,286.669,60.194884,0.933386,329.275202,5.470153,0.019128,2722781184.0,2739253248,4
egernia-local,24,Q01,votable,32,1,40250,670.423,60.078716,0.937552,326.967332,5.442316,0.008123,2538930858.666667,2541547520,4
egernia-local,24,Q01,votable,32,2,39972,665.831,60.035706,0.937712,329.748292,5.492536,0.008249,2538649941.333333,2543976448,4
egernia-local,24,Q01,votable,32,3,40369,672.275,60.068002,0.937368,327.590982,5.453669,0.008115,2538037930.666667,2539425792,4
egernia-local,24,Q01,votable,64,1,37963,632.089,60.067669,0.938134,326.182093,5.430244,0.008592,2540815018.666667,2543316992,4
egernia-local,24,Q01,votable,64,2,38090,633.936,60.12509,0.936477,327.614959,5.448889,0.008601,2541742421.333333,2543439872,4
egernia-local,24,Q01,votable,64,3,38027,632.809,60.104095,0.851978,327.492228,5.448751,0.008612,2542339909.818182,2543001600,4
egernia-local,24,Q01,votable,8,1,33838,563.859,60.107115,0.936154,223.187099,3.713156,0.006596,2538097664.0,2539180032,4
egernia-local,24,Q01,votable,8,2,41040,683.838,60.051826,0.852292,262.492259,4.371095,0.006396,2538034641.454545,2538668032,4
egernia-local,24,Q01,votable,8,3,42751,712.378,60.029304,0.937627,274.654286,4.575337,0.006425,2538437290.666667,2539302912,4
egernia-local,24,Q02,votable,32,1,30142,501.901,60.103161,0.937963,657.249588,10.935358,0.021805,2552629248.0,2563207168,4
egernia-local,24,Q02,votable,32,2,29569,492.37,60.122106,0.936952,643.668675,10.706023,0.021768,2551667370.666667,2560561152,4
egernia-local,24,Q02,votable,32,3,30167,502.386,60.066463,0.85272,658.371458,10.960716,0.021824,2552995467.636364,2556641280,4
egernia-local,24,Q02,votable,64,1,28934,481.257,60.167183,0.936626,652.651398,10.847299,0.022557,2558604970.666667,2563260416,4
egernia-local,24,Q02,votable,64,2,28812,479.356,60.14481,0.937593,654.050031,10.874588,0.022701,2557809664.0,2562281472,4
egernia-local,24,Q02,votable,64,3,29099,484.117,60.171668,0.937384,656.30048,10.907135,0.022554,2557724672.0,2564468736,4
egernia-local,24,Q02,votable,8,1,18337,305.543,60.084995,0.934874,345.393884,5.748422,0.018836,2545771178.666667,2552168448,4
egernia-local,24,Q02,votable,8,2,20436,340.477,60.065799,0.935573,383.375689,6.382595,0.01876,2545702570.666667,2549587968,4
egernia-local,24,Q02,votable,8,3,18318,305.181,60.060264,0.935417,345.251016,5.74841,0.018848,2547010560.0,2552561664,4
egernia-local,24,Q03,votable,32,1,26048,432.816,60.215233,0.936498,982.658801,16.319106,0.037725,2556582570.666667,2557755392,4
egernia-local,24,Q03,votable,32,2,25566,424.787,60.286595,0.851048,974.34684,16.161915,0.038111,2557708474.181818,2568458240,4
egernia-local,24,Q03,votable,32,3,25527,424.306,60.273844,0.935968,978.605906,16.235996,0.038336,2557132800.0,2557681664,4
egernia-local,24,Q03,votable,64,1,25954,430.697,60.287978,0.85143,1017.500469,16.877336,0.039204,2559434752.0,2560057344,4
egernia-local,24,Q03,votable,64,2,25300,420.164,60.350899,0.934321,985.155778,16.323796,0.038939,2559865514.666667,2561056768,4
egernia-local,24,Q03,votable,64,3,25718,427.142,60.378749,0.850537,1022.270617,16.930967,0.039749,2560648657.454545,2561445888,4
egernia-local,24,Q03,votable,8,1,12648,210.439,60.222546,0.932285,400.528765,6.650811,0.031667,2553171626.666667,2553626624,4
egernia-local,24,Q03,votable,8,2,12269,204.109,60.241943,0.932384,391.723023,6.502496,0.031928,2554467669.333333,2561748992,4
egernia-local,24,Q03,votable,8,3,12636,210.13,60.185509,0.932963,403.648325,6.706736,0.031944,2553452544.0,2554150912,4
egernia-local,24,Q04,votable,32,1,26344,438.651,60.13063,0.93786,717.633746,11.934579,0.027241,2534232405.333333,2553294848,4
egernia-local,24,Q04,votable,32,2,26199,436.292,60.053516,0.939006,712.865212,11.870499,0.02721,2489984682.666667,2512564224,4
egernia-local,24,Q04,votable,32,3,25891,430.963,60.118614,0.937119,700.555872,11.652895,0.027058,2455538005.333333,2456576000,4
egernia-local,24,Q04,votable,64,1,25510,424.421,60.182822,0.937028,715.893374,11.895311,0.028063,2446263296.0,2449514496,4
egernia-local,24,Q04,votable,64,2,25373,421.968,60.140913,0.938197,714.271068,11.876625,0.028151,2421052757.333333,2444173312,4
egernia-local,24,Q04,votable,64,3,25458,423.37,60.17029,0.93741,715.479147,11.890904,0.028104,2356296362.666667,2376814592,4
egernia-local,24,Q04,votable,8,1,15624,260.322,60.07585,0.934857,372.520809,6.200841,0.023843,2557322922.666667,2558414848,4
egernia-local,24,Q04,votable,8,2,14770,246.065,60.096412,0.934596,352.294931,5.862162,0.023852,2558163626.666667,2568568832,4
egernia-local,24,Q04,votable,8,3,12527,208.666,60.052166,0.849587,296.493395,4.937264,0.023668,2558171322.181818,2567962624,4
egernia-local,24,Q05,votable,32,1,34802,579.551,60.061017,0.937338,437.202422,7.279304,0.012563,2347577002.666667,2348191744,4
egernia-local,24,Q05,votable,32,2,35516,591.537,60.052067,0.852616,451.098345,7.511787,0.012701,2347610112.0,2349219840,4
egernia-local,24,Q05,votable,32,3,35651,593.833,60.07076,0.937927,452.290161,7.52929,0.012687,2347847338.666667,2348949504,4
egernia-local,24,Q05,votable,64,1,33578,558.685,60.118086,0.937535,446.408345,7.425525,0.013295,2352930474.666667,2364305408,4
egernia-local,24,Q05,votable,64,2,33499,557.176,60.138107,0.936418,445.960105,7.415599,0.013313,2352048810.666667,2352816128,4
egernia-local,24,Q05,votable,64,3,33455,556.843,60.090538,0.937952,446.019046,7.422451,0.013332,2352424618.666667,2353676288,4
egernia-local,24,Q05,votable,8,1,27407,456.438,60.076116,0.93582,291.200636,4.847195,0.010625,2354763776.0,2366767104,4
egernia-local,24,Q05,votable,8,2,27237,453.842,60.042476,0.851315,289.473666,4.821148,0.010628,2349215744.0,2349682688,4
egernia-local,24,Q05,votable,8,3,27973,466.098,60.05089,0.851316,298.267455,4.966911,0.010663,2345448541.090909,2346172416,4
egernia-local,24,Q06,votable,32,1,27078,450.88,60.059008,0.939426,644.966189,10.738875,0.023819,2385785514.666667,2396540928,4
egernia-local,24,Q06,votable,32,2,26213,436.49,60.078285,0.852755,616.898908,10.268251,0.023534,2386326993.454545,2392199168,4
egernia-local,24,Q06,votable,32,3,23818,396.542,60.092197,0.936812,552.943775,9.20159,0.023215,2386820778.666667,2388000768,4
egernia-local,24,Q06,votable,64,1,26257,436.783,60.115446,0.853432,643.920775,10.711403,0.024524,2392602437.818182,2394898432,4
egernia-local,24,Q06,votable,64,2,26655,443.123,60.289506,0.934923,646.941742,10.730586,0.024271,2398187520.0,2400505856,4
egernia-local,24,Q06,votable,64,3,26307,437.438,60.148225,0.852139,643.092588,10.691797,0.024446,2400784756.363636,2401816576,4
egernia-local,24,Q06,votable,8,1,14663,244.293,60.055229,0.934558,305.37252,5.084861,0.020826,2363955882.666667,2365136896,4
egernia-local,24,Q06,votable,8,2,19049,317.406,60.054832,0.851009,394.819943,6.574324,0.020727,2378708805.818182,2379493376,4
egernia-local,24,Q06,votable,8,3,17180,286.249,60.107972,0.850129,356.691161,5.934174,0.020762,2378959034.181818,2379505664,4
egernia-local,24,Q07,votable,32,1,32374,539.173,60.053639,0.937922,534.222514,8.895756,0.016502,2388754432.0,2389499904,4
egernia-local,24,Q07,votable,32,2,32537,541.679,60.086537,0.93819,532.952755,8.869753,0.01638,2388879018.666667,2391953408,4
egernia-local,24,Q07,votable,32,3,32890,547.625,60.1452,0.851957,551.008153,9.161299,0.016753,2389587037.090909,2394939392,4
egernia-local,24,Q07,votable,64,1,31142,517.517,60.182544,0.936074,540.216413,8.976297,0.017347,2392523434.666667,2401619968,4
egernia-local,24,Q07,votable,64,2,31181,518.742,60.133109,0.93705,539.866937,8.977865,0.017314,2392074240.0,2398081024,4
egernia-local,24,Q07,votable,64,3,31057,516.784,60.114338,0.852406,539.565603,8.975656,0.017373,2392426309.818182,2397380608,4
egernia-local,24,Q07,votable,8,1,24200,403.205,60.036636,0.93668,344.560876,5.739177,0.014238,2387948885.333333,2400100352,4
egernia-local,24,Q07,votable,8,2,22695,378.161,60.029523,0.85135,323.29548,5.385608,0.014245,2387075816.727273,2394300416,4
egernia-local,24,Q07,votable,8,3,22655,377.489,60.043231,0.93578,324.375852,5.402372,0.014318,2386277376.0,2387132416,4
egernia-local,24,Q10,votable,32,1,15644,260.203,60.124047,0.936435,778.954135,12.955784,0.049793,2406988117.333333,2410496000,4
egernia-local,24,Q10,votable,32,2,16130,268.458,60.090204,0.938817,813.768833,13.542454,0.050451,2416440661.333333,2430476288,4
egernia-local,24,Q10,votable,32,3,16007,266.368,60.120778,0.852859,805.345434,13.395459,0.050312,2421046923.636364,2422018048,4
egernia-local,24,Q10,votable,64,1,16240,269.84,60.197162,0.936743,820.671537,13.63306,0.050534,2439945898.666667,2445160448,4
egernia-local,24,Q10,votable,64,2,16214,269.23,60.245943,0.935913,819.657399,13.605188,0.050552,2453927253.333333,2457722880,4
egernia-local,24,Q10,votable,64,3,16188,268.96,60.198418,0.851284,816.392278,13.56169,0.050432,2461717597.090909,2464616448,4
egernia-local,24,Q10,votable,8,1,9321,155.27,60.042503,0.935136,410.670208,6.839658,0.044059,2390134442.666667,2390761472,4
egernia-local,24,Q10,votable,8,2,8171,136.086,60.085528,0.934542,353.181236,5.877975,0.043224,2391317162.666667,2402533376,4
egernia-local,24,Q10,votable,8,3,8465,140.991,60.107358,0.934084,375.317072,6.244112,0.044338,2393282901.333333,2394222592,4
egernia-local,24,Q11,votable,32,1,1958,32.344,60.589721,0.844284,751.624458,12.405148,0.383874,2529395432.727273,2566926336,4
egernia-local,24,Q11,votable,32,2,1884,31.018,60.743833,0.926602,722.68208,11.897209,0.383589,2519511040.0,2539208704,4
egernia-local,24,Q11,votable,32,3,2005,33.141,60.560607,0.929853,760.977875,12.565559,0.37954,2516743850.666667,2534486016,4
egernia-local,24,Q11,votable,64,1,1910,31.193,61.692235,0.913691,749.144833,12.14326,0.392222,2566990848.0,2618785792,4
egernia-local,24,Q11,votable,64,2,1825,29.465,62.072412,0.987856,717.659929,11.561657,0.393238,2556531003.076923,2578022400,4
egernia-local,24,Q11,votable,64,3,2043,32.663,62.555917,0.900972,820.672663,13.119025,0.4017,2597280426.666667,2636550144,4
egernia-local,24,Q11,votable,8,1,1457,24.194,60.353796,0.930142,497.644034,8.245447,0.341554,2464567978.666667,2472939520,4
egernia-local,24,Q11,votable,8,2,1457,24.165,60.491601,0.928342,503.293781,8.32006,0.345432,2459549696.0,2465579008,4
egernia-local,24,Q11,votable,8,3,1447,24.026,60.442577,0.929135,497.29826,8.227615,0.343675,2455785130.666667,2467024896,4
egernia-local,24,Q12,votable,32,1,36308,604.529,60.077335,0.937895,439.024592,7.307658,0.012092,2486931456.0,2487545856,4
egernia-local,24,Q12,votable,32,2,36094,601.083,60.049879,0.853335,435.842285,7.258004,0.012075,2487502289.454545,2489004032,4
egernia-local,24,Q12,votable,32,3,35557,592.141,60.051748,0.937637,431.81102,7.190649,0.012144,2487399082.666667,2488270848,4
egernia-local,24,Q12,votable,64,1,33854,563.612,60.087777,0.938001,431.402455,7.179538,0.012743,2491505664.0,2503274496,4
egernia-local,24,Q12,votable,64,2,34144,568.233,60.092168,0.852904,432.039094,7.189607,0.012653,2489794932.363636,2491142144,4
egernia-local,24,Q12,votable,64,3,34155,568.434,60.091765,0.937018,432.624052,7.19939,0.012666,2490107562.666667,2491416576,4
egernia-local,24,Q12,votable,8,1,30326,505.364,60.030951,0.937052,305.168777,5.083524,0.010063,2488881493.333333,2501009408,4
egernia-local,24,Q12,votable,8,2,30226,503.629,60.084581,0.936027,304.976534,5.075787,0.01009,2484696746.666667,2485350400,4
egernia-local,24,Q12,votable,8,3,21461,357.506,60.056455,0.850346,223.753282,3.725716,0.010426,2485198103.272727,2485788672,4
egernia-local,24,Q13,votable,32,1,1906,31.321,60.9857,0.941634,1458.468595,23.914927,0.765199,2791875242.666667,2810589184,4
egernia-local,24,Q13,votable,32,2,1893,31.229,60.686477,0.948667,1450.400982,23.899904,0.766192,2812624896.0,2833584128,4
egernia-local,24,Q13,votable,32,3,1901,31.31,60.853064,0.858908,1455.455833,23.917544,0.765626,2817465250.909091,2842853376,4
egernia-local,24,Q13,votable,64,1,1921,31.133,61.82994,0.848037,1478.584927,23.913737,0.769695,2848431755.636364,2864418816,4
egernia-local,24,Q13,votable,64,2,1919,30.988,62.153494,0.926187,1486.59524,23.918128,0.774672,2846465024.0,2866036736,4
egernia-local,24,Q13,votable,64,3,1926,31.187,61.979563,0.929302,1482.738044,23.923015,0.769854,2847148714.666667,2874236928,4
egernia-local,24,Q13,votable,8,1,1779,29.527,60.479588,0.934257,1292.972783,21.378664,0.726798,2610131285.333333,2626498560,4
egernia-local,24,Q13,votable,8,2,1766,29.316,60.374927,0.937141,1289.167196,21.352691,0.729993,2618446848.0,2627338240,4
egernia-local,24,Q13,votable,8,3,1769,29.374,60.249192,0.937883,1286.029215,21.345169,0.726981,2615488512.0,2627366912,4
egernia-local,24,mix,votable,32,1,29581,492.455,60.230107,0.936009,676.968759,11.239707,0.022885,2447099904.0,2468421632,4
egernia-local,24,mix,votable,32,2,28624,475.95,60.14586,0.937274,655.60307,10.900219,0.022904,2481390933.333333,2486816768,4
egernia-local,24,mix,votable,32,3,29359,488.152,60.240014,0.936465,678.04861,11.255784,0.023095,2494699520.0,2496024576,4
egernia-local,24,mix,votable,64,1,28163,467.588,60.306271,0.850282,662.415507,10.984189,0.023521,2527760011.636364,2539540480,4
egernia-local,24,mix,votable,64,2,28168,468.236,60.172364,0.938095,669.434782,11.125286,0.023766,2533658624.0,2546425856,4
egernia-local,24,mix,votable,64,3,28002,465.228,60.237981,0.851036,667.49472,11.080961,0.023837,2544915921.454545,2553004032,4
egernia-local,24,mix,votable,8,1,16706,278.008,60.116734,0.928673,329.890328,5.487496,0.019747,2199135573.333333,2203721728,4
egernia-local,24,mix,votable,8,2,18183,302.956,60.050753,0.9302,358.209877,5.965119,0.0197,2215294293.333333,2221039616,4
egernia-local,24,mix,votable,8,3,18759,312.207,60.144635,0.929509,368.448979,6.126049,0.019641,2234161493.333333,2246242304,4
dachs-local,8,Q01,csv,32,1,960,15.61,62.258793,0.889161,118.472136,1.902898,0.123408,1082839040.0,1086640128,
dachs-local,8,Q01,csv,32,2,960,15.612,62.494783,0.966303,119.049129,1.904945,0.12401,1084857737.846154,1087377408,
dachs-local,8,Q01,csv,32,3,936,15.172,61.995394,0.892679,117.976626,1.90299,0.126043,1083018240.0,1087610880,
dachs-local,8,Q01,csv,64,1,960,15.442,64.417059,0.937499,121.947009,1.893086,0.127028,1084756913.230769,1088651264,
dachs-local,8,Q01,csv,64,2,960,15.58,64.130916,0.941842,121.599677,1.896116,0.126666,1085984768.0,1089564672,
dachs-local,8,Q01,csv,64,3,960,15.388,64.981892,0.929219,122.829252,1.890207,0.127947,1084839778.461539,1089089536,
dachs-local,8,Q01,csv,8,1,1017,16.863,60.423837,0.915919,117.654128,1.947148,0.115687,1080465408.0,1084026880,
dachs-local,8,Q01,csv,8,2,1020,16.917,60.380589,0.916314,117.455391,1.945251,0.115152,1079885824.0,1082642432,
dachs-local,8,Q01,csv,8,3,1019,16.902,60.406534,0.916185,117.468509,1.944632,0.115278,1080032938.666667,1083568128,
dachs-local,8,Q02,csv,32,1,544,8.826,63.670907,0.949688,323.426678,5.079662,0.594534,1100089501.538461,1113972736,
dachs-local,8,Q02,csv,32,2,546,8.771,63.700078,0.870224,325.742268,5.113687,0.596598,1099892394.666667,1111986176,
dachs-local,8,Q02,csv,32,3,554,8.747,63.704913,0.949187,325.48827,5.109312,0.587524,1098053474.461539,1105883136,
dachs-local,8,Q02,csv,64,1,576,8.868,69.677546,0.940595,356.384065,5.114762,0.618722,1104004242.285714,1117093888,
dachs-local,8,Q02,csv,64,2,576,8.831,70.446883,0.929977,358.645506,5.091006,0.622648,1101996617.142857,1114611712,
dachs-local,8,Q02,csv,64,3,576,8.996,68.739835,0.87946,354.334154,5.154713,0.615163,1100223094.153846,1112432640,
dachs-local,8,Q02,csv,8,1,565,9.305,61.179069,0.905636,322.150026,5.26569,0.570177,1093004970.666667,1107795968,
dachs-local,8,Q02,csv,8,2,561,9.249,60.977763,0.908565,321.658524,5.275014,0.573366,1094156629.333333,1101983744,
dachs-local,8,Q02,csv,8,3,568,9.413,60.663865,0.913548,321.623296,5.301728,0.566238,1094958762.666667,1108111360,
dachs-local,8,Q03,csv,32,1,694,11.082,64.007914,0.864946,134.809292,2.106135,0.19425,1093984938.666667,1097973760,
dachs-local,8,Q03,csv,32,2,691,11.016,63.453358,0.951699,135.701759,2.138606,0.196385,1094030572.307692,1097519104,
dachs-local,8,Q03,csv,32,3,675,10.799,63.353927,0.953138,139.51024,2.202077,0.206682,1095467638.153846,1100283904,
dachs-local,8,Q03,csv,64,1,704,11.064,67.249106,0.973041,138.662049,2.061917,0.196963,1095208667.428571,1099898880,
dachs-local,8,Q03,csv,64,2,704,11.102,67.188707,0.973967,143.549774,2.136516,0.203906,1096621494.857143,1104515072,
dachs-local,8,Q03,csv,64,3,704,11.075,66.913985,0.977834,146.466337,2.188875,0.208049,1097175040.0,1103478784,
dachs-local,8,Q03,csv,8,1,693,11.496,60.339215,0.917589,127.867691,2.119147,0.184513,1091519146.666667,1098199040,
dachs-local,8,Q03,csv,8,2,698,11.52,60.65695,0.912243,130.288638,2.147959,0.18666,1091762858.666667,1099431936,
dachs-local,8,Q03,csv,8,3,692,11.47,60.625831,0.91291,133.951678,2.209482,0.193572,1093677738.666667,1109151744,
dachs-local,8,Q04,csv,32,1,688,10.988,63.396181,0.952546,117.846861,1.858895,0.171289,1098100420.923077,1103691776,
dachs-local,8,Q04,csv,32,2,680,10.897,62.527909,0.965973,115.544528,1.847887,0.169918,1098968142.769231,1104551936,
dachs-local,8,Q04,csv,32,3,618,9.87,62.957596,0.959534,106.355649,1.689322,0.172097,1100855138.461539,1107374080,
dachs-local,8,Q04,csv,64,1,704,10.961,67.718106,0.966169,125.39635,1.85174,0.17812,1101199360.0,1107660800,
dachs-local,8,Q04,csv,64,2,704,10.967,67.480596,0.969589,124.719859,1.848233,0.177159,1101131776.0,1106862080,
dachs-local,8,Q04,csv,64,3,704,11.098,65.199033,0.92616,120.689934,1.8511,0.171435,1102101267.692308,1105821696,
dachs-local,8,Q04,csv,8,1,701,11.619,60.744449,0.911242,112.260368,1.848076,0.160143,1093309098.666667,1097662464,
dachs-local,8,Q04,csv,8,2,696,11.523,60.558223,0.913941,111.825548,1.846579,0.160669,1094451541.333333,1098235904,
dachs-local,8,Q04,csv,8,3,696,11.519,60.42811,0.916086,111.983763,1.853173,0.160896,1095394304.0,1098752000,
dachs-local,8,Q05,csv,32,1,512,8.168,64.858553,0.932328,429.161756,6.616888,0.838207,1240286129.230769,1318064128,
dachs-local,8,Q05,csv,32,2,512,8.212,64.540905,0.858599,427.779635,6.628039,0.835507,1243688277.333333,1318551552,
dachs-local,8,Q05,csv,32,3,512,8.209,64.539571,0.93678,429.638316,6.656975,0.839137,1259341666.461539,1322414080,
dachs-local,8,Q05,csv,64,1,513,7.871,67.651744,0.893588,442.475265,6.540486,0.862525,1236445341.538461,1307140096,
dachs-local,8,Q05,csv,64,2,513,7.765,68.330813,0.884704,450.066837,6.586587,0.877323,1264679069.538461,1326886912,
dachs-local,8,Q05,csv,64,3,512,8.177,67.574704,0.968979,447.031401,6.615366,0.873108,1234499584.0,1289723904,
dachs-local,8,Q05,csv,8,1,477,7.832,61.370499,0.902505,377.212173,6.146474,0.790801,1216105472.0,1302802432,
dachs-local,8,Q05,csv,8,2,476,7.813,61.58708,0.899572,379.912212,6.1687,0.798135,1233464320.0,1320300544,
dachs-local,8,Q05,csv,8,3,473,7.79,61.067947,0.98971,372.761717,6.104049,0.78808,1216556740.923077,1315086336,
dachs-local,8,Q06,csv,32,1,499,7.792,64.809625,0.93282,411.996562,6.357027,0.825644,1230488812.307692,1318895616,
dachs-local,8,Q06,csv,32,2,505,7.948,65.67575,0.920608,421.844756,6.423143,0.835336,1236176896.0,1325355008,
dachs-local,8,Q06,csv,32,3,503,7.925,65.575836,0.921946,420.423469,6.411256,0.835832,1238395667.692308,1283059712,
dachs-local,8,Q06,csv,64,1,513,7.612,69.35779,0.944008,442.291202,6.376951,0.862166,1228235337.142857,1306714112,
dachs-local,8,Q06,csv,64,2,514,7.608,68.212463,0.885964,442.611983,6.488726,0.861113,1231889644.307692,1288568832,
dachs-local,8,Q06,csv,64,3,520,7.679,67.748966,0.892407,436.214739,6.438692,0.838874,1252146884.923077,1318600704,
dachs-local,8,Q06,csv,8,1,471,7.729,61.075972,0.906916,370.261989,6.062318,0.786119,1236074837.333333,1316995072,
dachs-local,8,Q06,csv,8,2,467,7.684,61.239984,0.986525,364.682675,5.954977,0.780905,1217113481.846154,1273831424,
dachs-local,8,Q06,csv,8,3,473,7.802,60.949105,0.908621,369.729749,6.066205,0.78167,1225986048.0,1265438720,
dachs-local,8,Q07,csv,32,1,480,7.729,64.607417,0.857551,421.358663,6.521831,0.877831,1216764928.0,1293164544,
dachs-local,8,Q07,csv,32,2,480,7.566,65.599031,0.921652,422.957356,6.447616,0.881161,1236803268.923077,1313296384,
dachs-local,8,Q07,csv,32,3,480,7.679,65.005946,0.929806,421.754243,6.487933,0.878655,1245410855.384615,1283743744,
dachs-local,8,Q07,csv,64,1,512,7.856,70.043574,0.934936,458.792728,6.550104,0.89608,1243480064.0,1317806080,
dachs-local,8,Q07,csv,64,2,512,7.673,72.626927,0.901717,468.232762,6.447096,0.914517,1252429531.428571,1334718464,
dachs-local,8,Q07,csv,64,3,512,7.655,72.404516,0.904605,466.548747,6.443642,0.911228,1259292086.857143,1299562496,
dachs-local,8,Q07,csv,8,1,454,7.475,61.24222,0.987012,374.635505,6.117275,0.825188,1232640157.538461,1326219264,
dachs-local,8,Q07,csv,8,2,454,7.523,61.031313,0.90758,375.02253,6.144756,0.826041,1235353258.666667,1292517376,
dachs-local,8,Q07,csv,8,3,458,7.528,61.575624,0.899462,378.970275,6.15455,0.827446,1247700650.666667,1321742336,
dachs-local,8,Q10,csv,32,1,616,9.827,63.744963,0.868598,116.686363,1.830519,0.189426,1113517738.666667,1118429184,
dachs-local,8,Q10,csv,32,2,609,9.84,63.077665,0.957464,114.95337,1.82241,0.188758,1115627520.0,1123602432,
dachs-local,8,Q10,csv,32,3,609,9.858,63.189891,0.876034,114.683816,1.814908,0.188315,1117108565.333333,1120796672,
dachs-local,8,Q10,csv,64,1,640,9.966,68.662108,0.952916,125.495261,1.827722,0.196086,1118517833.142857,1122062336,
dachs-local,8,Q10,csv,64,2,640,9.88,69.405782,0.942293,126.000575,1.815419,0.196876,1116470125.714286,1124429824,
dachs-local,8,Q10,csv,64,3,640,9.909,68.918354,0.876562,124.857372,1.811671,0.19509,1121016595.692308,1124872192,
dachs-local,8,Q10,csv,8,1,622,10.277,60.650926,0.995715,108.518823,1.789236,0.174468,1107145019.076923,1110978560,
dachs-local,8,Q10,csv,8,2,617,10.183,60.730639,0.911088,108.425581,1.785352,0.17573,1108557141.333333,1112961024,
dachs-local,8,Q10,csv,8,3,621,10.28,60.741959,0.911121,108.141617,1.780345,0.174141,1109469184.0,1113448448,
dachs-local,8,Q11,csv,32,1,265,4.032,65.717957,0.919216,104.844853,1.595376,0.395641,1206034747.076923,1236975616,
dachs-local,8,Q11,csv,32,2,270,4.114,66.971725,0.977286,104.783283,1.56459,0.388086,1208217892.571429,1242439680,
dachs-local,8,Q11,csv,32,3,271,4.022,67.37376,0.896581,106.917688,1.586934,0.39453,1206963908.923077,1242574848,
dachs-local,8,Q11,csv,64,1,306,4.158,77.475278,0.909802,123.884249,1.599017,0.40485,1230114542.933333,1332985856,
dachs-local,8,Q11,csv,64,2,256,4.057,63.130957,0.877152,102.160131,1.618226,0.399063,1227483477.333333,1305317376,
dachs-local,8,Q11,csv,64,3,255,4.04,63.164649,0.876996,101.147299,1.601328,0.396656,1241734144.0,1331929088,
dachs-local,8,Q11,csv,8,1,230,3.81,60.373429,0.916506,88.643984,1.468262,0.385409,1163248640.0,1181454336,
dachs-local,8,Q11,csv,8,2,235,3.816,61.923974,0.893692,89.290317,1.441935,0.379959,1147522389.333333,1165025280,
dachs-local,8,Q11,csv,8,3,241,3.9,61.796294,0.895607,92.225237,1.492407,0.382677,1161664853.333333,1187684352,
dachs-local,8,Q12,csv,32,1,512,8.061,65.6465,0.920793,433.104195,6.597521,0.845907,1268120654.769231,1344868352,
dachs-local,8,Q12,csv,32,2,512,8.109,65.570211,0.922097,435.169049,6.636688,0.84994,1249390276.923077,1306472448,
dachs-local,8,Q12,csv,32,3,512,8.133,65.357643,0.924894,430.507581,6.586951,0.840835,1252049211.076923,1347530752,
dachs-local,8,Q12,csv,64,1,535,7.9,68.767298,0.952446,450.224234,6.547069,0.841541,1256562395.428571,1300295680,
dachs-local,8,Q12,csv,64,2,517,7.844,68.111806,0.961528,449.61701,6.601161,0.869665,1236222829.714286,1310527488,
dachs-local,8,Q12,csv,64,3,513,7.635,68.369578,0.884207,450.70452,6.592179,0.878566,1264168960.0,1314414592,
dachs-local,8,Q12,csv,8,1,485,7.955,61.224093,0.904557,383.254296,6.259861,0.790215,1268539392.0,1313640448,
dachs-local,8,Q12,csv,8,2,472,7.803,61.144502,0.905839,375.990298,6.149209,0.79659,1249149269.333333,1302958080,
dachs-local,8,Q12,csv,8,3,482,7.928,61.041669,0.907224,381.487348,6.249622,0.791468,1251978581.333333,1331929088,
dachs-local,8,Q13,csv,32,1,594,9.411,63.866959,0.946717,346.994501,5.433083,0.584166,1120532322.461539,1146228736,
dachs-local,8,Q13,csv,32,2,590,9.374,64.29546,0.940282,349.919764,5.442371,0.593084,1117500967.384615,1133490176,
dachs-local,8,Q13,csv,32,3,588,9.38,63.799083,0.947483,342.402335,5.366885,0.582317,1120256000.0,1134587904,
dachs-local,8,Q13,csv,64,1,626,9.444,69.792846,0.938197,380.873565,5.457201,0.608424,1118863945.142857,1125560320,
dachs-local,8,Q13,csv,64,2,631,9.492,70.12307,0.934116,384.600854,5.484655,0.60951,1121262153.142857,1127931904,
dachs-local,8,Q13,csv,64,3,628,9.446,69.837947,0.937724,379.142565,5.42889,0.60373,1122782354.285714,1139085312,
dachs-local,8,Q13,csv,8,1,596,9.835,60.962479,0.908908,335.527703,5.50384,0.562966,1122023424.0,1141964800,
dachs-local,8,Q13,csv,8,2,600,9.905,61.113267,0.906424,337.723159,5.526184,0.562872,1119000234.666667,1125896192,
dachs-local,8,Q13,csv,8,3,599,9.884,60.980739,0.908278,334.025283,5.477554,0.557638,1117949952.0,1124175872,
dachs-local,8,mix,csv,32,1,547,8.567,64.598411,0.935571,297.344835,4.602974,0.543592,1148431438.769231,1276628992,
dachs-local,8,mix,csv,32,2,558,8.763,63.906766,0.866857,311.974077,4.881707,0.559093,1148337493.333333,1221693440,
dachs-local,8,mix,csv,32,3,579,9.18,64.232147,0.940758,307.730041,4.790904,0.531485,1142213080.615385,1178476544,
dachs-local,8,mix,csv,64,1,587,8.825,68.116028,0.887572,324.983353,4.771026,0.553634,1168828888.615385,1211109376,
dachs-local,8,mix,csv,64,2,583,8.826,66.47975,0.984793,327.435507,4.925342,0.561639,1155924553.142857,1194385408,
dachs-local,8,mix,csv,64,3,587,8.876,68.058959,0.888015,323.207676,4.748937,0.550609,1150539303.384615,1243758592,
dachs-local,8,mix,csv,8,1,568,9.376,61.590658,0.899414,298.475307,4.846113,0.525485,1155710634.666667,1217818624,
dachs-local,8,mix,csv,8,2,563,9.308,61.030745,0.907297,306.050593,5.014695,0.543607,1160252416.0,1273335808,
dachs-local,8,mix,csv,8,3,576,9.481,61.349,0.902546,286.812222,4.675092,0.497938,1135389354.666667,1199718400,
dachs-local,8,Q01,votable,32,1,863,14.032,62.408358,0.967797,110.578714,1.771857,0.128133,783707844.923077,790413312,
dachs-local,8,Q01,votable,32,2,936,15.122,61.972586,0.893647,119.999459,1.936331,0.128205,788200448.0,796209152,
dachs-local,8,Q01,votable,32,3,930,15.021,62.103827,0.891393,119.923355,1.931014,0.12895,790549162.666667,796745728,
dachs-local,8,Q01,votable,64,1,959,15.017,66.221017,0.911863,128.190933,1.935804,0.133671,797876854.153846,800919552,
dachs-local,8,Q01,votable,64,2,960,15.084,66.057323,0.914365,126.941872,1.921693,0.132231,802586939.076923,806248448,
dachs-local,8,Q01,votable,64,3,960,15.164,65.978385,0.91532,126.847493,1.922561,0.132133,808994973.538462,814780416,
dachs-local,8,Q01,votable,8,1,1034,17.164,60.447225,0.915657,120.754927,1.997692,0.116784,778808320.0,781193216,
dachs-local,8,Q01,votable,8,2,1014,16.804,60.411583,0.916205,120.639296,1.996956,0.118974,779045546.666667,783106048,
dachs-local,8,Q01,votable,8,3,1013,16.795,60.449988,0.915423,119.336307,1.974133,0.117805,780118357.333333,783003648,
dachs-local,8,Q02,votable,32,1,546,8.628,63.778838,0.94777,323.89555,5.078417,0.593215,819616216.615385,826736640,
dachs-local,8,Q02,votable,32,2,544,8.635,65.022825,0.930092,327.628306,5.038666,0.602258,823961442.461538,842313728,
dachs-local,8,Q02,votable,32,3,545,8.676,63.601063,0.87119,325.519284,5.118142,0.597283,820309333.333333,827428864,
dachs-local,8,Q02,votable,64,1,576,8.793,69.583805,0.941435,355.557156,5.109769,0.617287,832032768.0,841404416,
dachs-local,8,Q02,votable,64,2,576,8.835,70.197755,0.933667,358.792607,5.111169,0.622904,838704274.285714,847720448,
dachs-local,8,Q02,votable,64,3,576,8.825,70.242895,0.932672,358.770085,5.107564,0.622865,837270089.142857,846426112,
dachs-local,8,Q02,votable,8,1,557,9.203,60.756109,0.912002,319.354946,5.256343,0.573348,811267072.0,825393152,
dachs-local,8,Q02,votable,8,2,562,9.267,60.699564,0.996048,320.820803,5.285389,0.570856,814291416.615385,820928512,
dachs-local,8,Q02,votable,8,3,551,9.098,60.745423,0.911903,317.17386,5.221362,0.575633,812660394.666667,827338752,
dachs-local,8,Q03,votable,32,1,672,10.713,64.407045,0.937613,132.552001,2.058036,0.19725,825565499.076923,831418368,
dachs-local,8,Q03,votable,32,2,672,10.916,62.679272,0.883188,133.99314,2.137758,0.199395,829148501.333333,838725632,
dachs-local,8,Q03,votable,32,3,671,10.827,63.300888,0.874545,139.179134,2.198692,0.20742,828064085.333333,833146880,
dachs-local,8,Q03,votable,64,1,704,10.92,67.729428,0.966165,139.949674,2.066305,0.198792,827996745.142857,836513792,
dachs-local,8,Q03,votable,64,2,703,10.674,69.606193,0.940271,149.118789,2.142321,0.212118,829429760.0,836112384,
dachs-local,8,Q03,votable,64,3,701,10.746,68.481196,0.881699,148.723427,2.171741,0.212159,829991384.615385,837517312,
dachs-local,8,Q03,votable,8,1,690,11.388,60.910001,0.908656,129.957002,2.133591,0.188343,826171050.666667,832450560,
dachs-local,8,Q03,votable,8,2,685,11.366,60.338142,0.917198,129.449438,2.1454,0.188977,822263808.0,828055552,
dachs-local,8,Q03,votable,8,3,683,11.312,60.512925,0.914586,133.396521,2.20443,0.19531,822234794.666667,825233408,
dachs-local,8,Q04,votable,32,1,674,10.843,63.5308,0.950663,116.980735,1.841323,0.173562,821058323.692308,824987648,
dachs-local,8,Q04,votable,32,2,679,10.804,63.398956,0.952545,117.767644,1.857564,0.173443,824248477.538462,830218240,
dachs-local,8,Q04,votable,32,3,678,10.814,63.043666,0.957903,117.412545,1.8624,0.173175,824632556.307692,828887040,
dachs-local,8,Q04,votable,64,1,704,11.064,67.309168,0.972045,124.908487,1.855743,0.177427,834851108.571429,842977280,
dachs-local,8,Q04,votable,64,2,704,11.097,67.256759,0.897852,125.04302,1.859189,0.177618,834832541.538462,839303168,
dachs-local,8,Q04,votable,64,3,704,10.911,67.662047,0.966648,125.41289,1.853519,0.178143,834699264.0,838311936,
dachs-local,8,Q04,votable,8,1,695,11.456,60.690374,0.911653,111.902706,1.84383,0.161011,812973056.0,818143232,
dachs-local,8,Q04,votable,8,2,699,11.556,60.664632,0.91234,111.039332,1.83038,0.158855,813121877.333333,815849472,
dachs-local,8,Q04,votable,8,3,689,11.421,60.7713,0.993507,111.537092,1.835358,0.161883,813711044.923077,816959488,
dachs-local,8,Q05,votable,32,1,507,7.951,65.775444,0.919068,425.875554,6.474689,0.839991,950958552.615385,1017208832,
dachs-local,8,Q05,votable,32,2,512,8.036,65.534871,0.922712,430.252898,6.565251,0.840338,981137565.538462,1027837952,
dachs-local,8,Q05,votable,32,3,500,7.909,65.101427,0.928946,421.989575,6.482033,0.843979,971960320.0,1049608192,
dachs-local,8,Q05,votable,64,1,516,7.65,67.967135,0.96361,439.339168,6.463994,0.851432,974663972.571429,1050161152,
dachs-local,8,Q05,votable,64,2,513,7.637,69.210467,0.946093,450.48495,6.508914,0.878138,969593124.571429,1026322432,
dachs-local,8,Q05,votable,64,3,513,7.596,68.289992,0.958988,445.927427,6.529909,0.869254,981171053.714286,1059471360,
dachs-local,8,Q05,votable,8,1,471,7.764,61.15619,0.905535,374.285758,6.120161,0.794662,955332949.333333,1021546496,
dachs-local,8,Q05,votable,8,2,474,7.769,61.383137,0.984193,376.309241,6.130499,0.793901,956647266.461538,1037062144,
dachs-local,8,Q05,votable,8,3,475,7.854,61.177475,0.905236,378.998598,6.195068,0.797892,965928277.333333,1044676608,
dachs-local,8,Q06,votable,32,1,498,7.828,64.653668,0.934714,413.154664,6.390274,0.829628,965898240.0,1025675264,
dachs-local,8,Q06,votable,32,2,484,7.563,64.175227,0.941923,404.169889,6.297911,0.835062,965350636.307692,1054334976,
dachs-local,8,Q06,votable,32,3,493,7.736,64.73224,0.934143,412.416047,6.371107,0.836544,994952743.384615,1068838912,
dachs-local,8,Q06,votable,64,1,512,7.818,71.183321,0.920122,449.282233,6.311622,0.877504,981098788.571429,1044774912,
dachs-local,8,Q06,votable,64,2,512,8.037,68.797547,0.878799,440.627919,6.404704,0.860601,962088644.923077,999182336,
dachs-local,8,Q06,votable,64,3,514,7.749,67.458241,0.896007,428.903304,6.358056,0.834442,980387052.307692,1048010752,
dachs-local,8,Q06,votable,8,1,466,7.712,61.343485,0.90299,373.082953,6.081868,0.800607,952420010.666667,1003331584,
dachs-local,8,Q06,votable,8,2,473,7.8,61.026413,0.9076,372.918797,6.110777,0.788412,959975082.666667,1037377536,
dachs-local,8,Q06,votable,8,3,465,7.654,61.51244,0.900446,368.345958,5.988154,0.792142,967252992.0,1022959616,
dachs-local,8,Q07,votable,32,1,480,7.621,65.05565,0.929181,419.719425,6.451698,0.874415,974414454.153846,1027497984,
dachs-local,8,Q07,votable,32,2,480,7.665,64.226735,0.941346,414.685275,6.456583,0.863928,967786496.0,1005064192,
dachs-local,8,Q07,votable,32,3,480,7.724,64.548131,0.936408,418.719611,6.486936,0.872333,976931288.615385,1054294016,
dachs-local,8,Q07,votable,64,1,512,7.744,71.770406,0.982633,466.535183,6.500384,0.911202,976400657.066667,1018363904,
dachs-local,8,Q07,votable,64,2,511,7.489,73.831559,0.954963,472.074922,6.393945,0.923826,967348770.133333,1023844352,
dachs-local,8,Q07,votable,64,3,512,7.565,70.676564,0.926509,449.504312,6.360019,0.877938,975537298.285714,1056673792,
dachs-local,8,Q07,votable,8,1,450,7.388,61.441666,0.983489,373.109847,6.072587,0.829133,943469489.230769,1013690368,
dachs-local,8,Q07,votable,8,2,456,7.498,61.535172,0.900193,380.521958,6.183812,0.834478,987631274.666667,1054466048,
dachs-local,8,Q07,votable,8,3,451,7.42,61.223122,0.904688,374.370576,6.114856,0.83009,965812906.666667,1032708096,
dachs-local,8,Q10,votable,32,1,628,9.986,64.184718,0.941202,119.055205,1.854884,0.189578,852063153.230769,857661440,
dachs-local,8,Q10,votable,32,2,632,10.002,64.373277,0.938302,119.280519,1.852951,0.188735,850459096.615385,855748608,
dachs-local,8,Q10,votable,32,3,623,9.919,63.112409,0.957077,116.868191,1.851747,0.187589,850201678.769231,854470656,
dachs-local,8,Q10,votable,64,1,640,10.049,68.193607,0.959211,126.995664,1.862281,0.198431,849960960.0,855588864,
dachs-local,8,Q10,votable,64,2,640,10.115,67.616974,0.967829,124.266941,1.837807,0.194167,853227520.0,857821184,
dachs-local,8,Q10,votable,64,3,640,10.023,67.968143,0.962543,125.590959,1.847792,0.196236,851748278.857143,855531520,
dachs-local,8,Q10,votable,8,1,619,10.258,60.477967,0.914914,107.795815,1.782398,0.174145,840243200.0,843853824,
dachs-local,8,Q10,votable,8,2,626,10.352,60.700854,0.911934,109.208294,1.799123,0.174454,843250005.333333,846790656,
dachs-local,8,Q10,votable,8,3,633,10.509,60.241971,0.918778,109.796801,1.822596,0.173455,846772224.0,849801216,
dachs-local,8,Q11,votable,32,1,292,4.534,67.86235,0.964191,110.491454,1.62817,0.378395,1102229211.428571,1167720448,
dachs-local,8,Q11,votable,32,2,296,4.413,67.088384,0.975841,109.313676,1.629398,0.369303,1138093202.285714,1176453120,
dachs-local,8,Q11,votable,32,3,289,4.396,66.056127,0.914278,108.085753,1.636271,0.373999,1139093819.076923,1195749376,
dachs-local,8,Q11,votable,64,1,276,4.418,62.481369,0.967312,102.253,1.636536,0.370482,1220015970.461539,1356414976,
dachs-local,8,Q11,votable,64,2,287,3.911,73.395828,0.891697,119.183496,1.623846,0.415274,1191354075.428571,1307959296,
dachs-local,8,Q11,votable,64,3,323,4.387,73.655104,0.957133,118.893861,1.614197,0.368092,1219791803.733333,1337511936,
dachs-local,8,Q11,votable,8,1,257,4.198,61.219544,0.903945,93.017804,1.519414,0.361937,999589205.333333,1029406720,
dachs-local,8,Q11,votable,8,2,258,4.153,62.124929,0.97172,93.783944,1.509602,0.363504,1026524081.230769,1058250752,
dachs-local,8,Q11,votable,8,3,261,4.334,60.229228,0.918798,93.138348,1.546398,0.356852,1021563221.333333,1055010816,
dachs-local,8,Q12,votable,32,1,507,7.917,65.868249,0.917689,428.265422,6.501849,0.844705,1214565454.769231,1298083840,
dachs-local,8,Q12,votable,32,2,510,7.976,66.285737,0.911906,432.382152,6.523004,0.847808,1209221435.076923,1264496640,
dachs-local,8,Q12,votable,32,3,512,8.155,65.017319,0.929743,428.027101,6.583278,0.83599,1223476775.384615,1311174656,
dachs-local,8,Q12,votable,64,1,513,7.988,68.437631,0.957008,446.833108,6.529056,0.87102,1207108754.285714,1275191296,
dachs-local,8,Q12,votable,64,2,519,7.671,68.192977,0.886413,443.87989,6.509173,0.85526,1198511025.230769,1277833216,
dachs-local,8,Q12,votable,64,3,513,7.722,69.103545,0.947654,447.58093,6.47696,0.872477,1220317769.142857,1265475584,
dachs-local,8,Q12,votable,8,1,478,7.882,61.415881,0.901726,379.118974,6.17298,0.793136,1239561557.333333,1285996544,
dachs-local,8,Q12,votable,8,2,471,7.748,61.310107,0.90363,375.413217,6.123186,0.797056,1217382741.333333,1298489344,
dachs-local,8,Q12,votable,8,3,470,7.741,61.21321,0.904814,373.908861,6.108303,0.795551,1205729280.0,1291145216,
dachs-local,8,Q13,votable,32,1,598,9.459,64.075044,0.864681,351.819801,5.490746,0.588327,1091447466.666667,1100382208,
dachs-local,8,Q13,votable,32,2,588,9.319,63.496143,0.951887,344.310013,5.422534,0.585561,1090717853.538461,1104072704,
dachs-local,8,Q13,votable,32,3,587,9.323,63.85791,0.946326,342.803662,5.368226,0.583993,1085873545.846154,1092710400,
dachs-local,8,Q13,votable,64,1,600,8.979,68.211838,0.959992,369.949227,5.423534,0.616582,1091216822.857143,1103949824,
dachs-local,8,Q13,votable,64,2,598,8.962,68.354097,0.958016,372.952414,5.456182,0.623666,1091619401.142857,1101393920,
dachs-local,8,Q13,votable,64,3,604,9.129,68.418791,0.957248,369.386689,5.398907,0.611567,1093529014.857143,1106575360,
dachs-local,8,Q13,votable,8,1,599,9.867,60.9904,0.908342,337.384772,5.531768,0.563247,1089166677.333333,1099522048,
dachs-local,8,Q13,votable,8,2,595,9.785,60.959872,0.90863,336.094596,5.513374,0.564865,1087320405.333333,1103335424,
dachs-local,8,Q13,votable,8,3,590,9.711,60.868031,0.909965,329.974128,5.42114,0.559278,1088144725.333333,1100595200,
dachs-local,8,mix,votable,32,1,577,9.179,63.823376,0.868049,307.763193,4.822108,0.533385,840870570.666667,883429376,
dachs-local,8,mix,votable,32,2,580,9.127,63.668228,0.949495,322.291331,5.062043,0.555675,867284204.307692,907153408,
dachs-local,8,mix,votable,32,3,578,9.179,63.733014,0.948165,304.496013,4.777681,0.52681,829280571.076923,896524288,
dachs-local,8,mix,votable,64,1,613,9.242,68.045596,0.888527,331.694934,4.874598,0.541101,869924233.846154,928931840,
dachs-local,8,mix,votable,64,2,580,8.667,68.515402,0.955828,338.77527,4.944513,0.584095,858186898.285714,938643456,
dachs-local,8,mix,votable,64,3,596,8.98,68.017066,0.962469,325.318933,4.782902,0.545837,852858294.857143,943575040,
dachs-local,8,mix,votable,8,1,583,9.626,61.520584,0.982245,302.353139,4.914666,0.518616,833082289.230769,883650560,
dachs-local,8,mix,votable,8,2,574,9.429,61.451716,0.900981,315.711833,5.137559,0.550021,831497216.0,878546944,
dachs-local,8,mix,votable,8,3,590,9.714,61.194043,0.904953,290.554635,4.748087,0.492465,824419328.0,878968832,
egernia-local,8,Q01,csv,32,1,10499,174.589,60.152673,0.923986,84.469242,1.404248,0.008045,1644835840.0,1657982976,1
egernia-local,8,Q01,csv,32,2,10513,174.849,60.17836,0.923471,84.619523,1.406145,0.008049,1643932672.0,1644941312,1
egernia-local,8,Q01,csv,32,3,10455,173.912,60.136297,0.924294,84.665171,1.407888,0.008098,1643982848.0,1644703744,1
egernia-local,8,Q01,csv,64,1,9896,164.169,60.303399,0.921553,83.729543,1.388471,0.008461,1634974037.333333,1645076480,1
egernia-local,8,Q01,csv,64,2,9863,163.684,60.311538,0.921421,83.170019,1.379007,0.008433,1613290496.0,1621225472,1
egernia-local,8,Q01,csv,64,3,9810,162.755,60.291136,0.921811,83.692088,1.388133,0.008531,1601409024.0,1620258816,1
egernia-local,8,Q01,csv,8,1,11544,192.291,60.052503,0.925512,85.906459,1.430523,0.007442,1641803093.333333,1642672128,1
egernia-local,8,Q01,csv,8,2,11504,191.623,60.068852,0.925208,85.749314,1.427517,0.007454,1642104490.666667,1642729472,1
egernia-local,8,Q01,csv,8,3,11468,191.071,60.073658,0.925173,85.549898,1.424083,0.00746,1642422272.0,1644081152,1
egernia-local,8,Q02,csv,32,1,8442,140.235,60.222059,0.923095,173.135199,2.874947,0.020509,1593529685.333333,1605640192,1
egernia-local,8,Q02,csv,32,2,8454,140.536,60.162613,0.923734,172.774697,2.871795,0.020437,1593048746.666667,1601146880,1
egernia-local,8,Q02,csv,32,3,8456,140.607,60.20477,0.923043,172.567678,2.866346,0.020408,1591983104.0,1592909824,1
egernia-local,8,Q02,csv,64,1,7993,132.622,60.358865,0.921192,166.826003,2.763902,0.020872,1594161493.333333,1602752512,1
egernia-local,8,Q02,csv,64,2,8017,132.85,60.478923,0.918983,167.055974,2.762218,0.020838,1593388032.0,1598947328,1
egernia-local,8,Q02,csv,64,3,8016,132.871,60.407391,0.920231,166.78667,2.761031,0.020807,1593021098.666667,1595293696,1
egernia-local,8,Q02,csv,8,1,9086,151.354,60.061329,0.925404,181.352065,3.019448,0.01996,1611233621.333333,1615843328,1
egernia-local,8,Q02,csv,8,2,9152,152.416,60.064537,0.925241,179.543698,2.98918,0.019618,1593970688.0,1596915712,1
egernia-local,8,Q02,csv,8,3,9124,151.939,60.056037,0.841222,181.718638,3.025818,0.019917,1590026612.363636,1591291904,1
egernia-local,8,Q03,csv,32,1,7821,129.819,60.245337,0.922725,288.65149,4.791267,0.036907,1595714901.333333,1596243968,1
egernia-local,8,Q03,csv,32,2,7743,128.417,60.424204,0.919944,290.414353,4.806259,0.037507,1596193450.666667,1600528384,1
egernia-local,8,Q03,csv,32,3,7680,127.414,60.406825,0.919902,295.211625,4.887057,0.038439,1595933696.0,1596735488,1
egernia-local,8,Q03,csv,64,1,7435,123.0,60.528996,0.918216,275.057966,4.544235,0.036995,1596599637.333333,1597222912,1
egernia-local,8,Q03,csv,64,2,7473,123.702,60.495668,0.918783,278.912608,4.610456,0.037323,1600259072.0,1610907648,1
egernia-local,8,Q03,csv,64,3,7306,120.846,60.504125,0.918845,282.76075,4.673413,0.038703,1597611349.333333,1605103616,1
egernia-local,8,Q03,csv,8,1,8297,137.955,60.193488,0.839761,299.9969,4.983876,0.036157,1593843339.636364,1594716160,1
egernia-local,8,Q03,csv,8,2,8352,138.902,60.282265,0.921917,299.492663,4.968172,0.035859,1596037120.0,1608065024,1
egernia-local,8,Q03,csv,8,3,8212,136.534,60.211287,0.923154,307.370602,5.104867,0.037429,1595132586.666667,1602342912,1
egernia-local,8,Q04,csv,32,1,7652,127.13,60.243344,0.83858,203.721104,3.381637,0.026623,1599414644.363636,1600241664,1
egernia-local,8,Q04,csv,32,2,7646,127.023,60.235145,0.922885,203.485771,3.37819,0.026613,1600250538.666667,1602437120,1
egernia-local,8,Q04,csv,32,3,7659,127.241,60.233938,0.922783,202.994148,3.370096,0.026504,1599925589.333333,1600561152,1
egernia-local,8,Q04,csv,64,1,7290,120.772,60.425217,0.919807,196.114404,3.245572,0.026902,1601671850.666667,1613111296,1
egernia-local,8,Q04,csv,64,2,7304,120.992,60.483959,0.918821,196.667185,3.251559,0.026926,1600735573.333333,1601159168,1
egernia-local,8,Q04,csv,64,3,7318,121.224,60.404153,0.919925,196.956589,3.260647,0.026914,1600916138.666667,1601413120,1
egernia-local,8,Q04,csv,8,1,7911,131.751,60.064502,0.925635,210.76837,3.509034,0.026642,1597732181.333333,1599741952,1
egernia-local,8,Q04,csv,8,2,7906,131.649,60.089527,0.925158,210.028487,3.495259,0.026566,1597552298.666667,1598205952,1
egernia-local,8,Q04,csv,8,3,7923,131.951,60.088243,0.924989,210.5645,3.504255,0.026576,1597784405.333333,1598427136,1
egernia-local,8,Q05,csv,32,1,9609,159.791,60.177895,0.923517,118.107287,1.962636,0.012291,1605555541.333333,1606184960,1
egernia-local,8,Q05,csv,32,2,9601,159.675,60.168865,0.923664,117.660332,1.955502,0.012255,1606021461.333333,1606991872,1
egernia-local,8,Q05,csv,32,3,9580,159.308,60.176064,0.92344,117.518352,1.952909,0.012267,1607194965.333333,1620439040,1
egernia-local,8,Q05,csv,64,1,8984,149.093,60.327892,0.921124,114.267633,1.894109,0.012719,1607382357.333333,1614606336,1
egernia-local,8,Q05,csv,64,2,8996,149.173,60.419649,0.919825,114.628807,1.897211,0.012742,1606758058.666667,1607876608,1
egernia-local,8,Q05,csv,64,3,8966,148.81,60.272858,0.921937,113.843165,1.888797,0.012697,1606927701.333333,1607389184,1
egernia-local,8,Q05,csv,8,1,10686,178.032,60.052249,0.925536,122.044808,2.03231,0.011421,1603888469.333333,1604521984,1
egernia-local,8,Q05,csv,8,2,10653,177.471,60.093311,0.92484,121.963011,2.029561,0.011449,1603940010.666667,1604485120,1
egernia-local,8,Q05,csv,8,3,10682,177.969,60.049847,0.925697,122.239868,2.03564,0.011444,1604298069.333333,1605070848,1
egernia-local,8,Q06,csv,32,1,7799,129.594,60.246948,0.922603,172.322602,2.860271,0.022095,1607387818.666667,1607901184,1
egernia-local,8,Q06,csv,32,2,7731,128.432,60.258848,0.922372,172.28114,2.859018,0.022284,1603665578.666667,1604947968,1
egernia-local,8,Q06,csv,32,3,7596,126.271,60.202222,0.923253,171.450874,2.847916,0.022571,1600723968.0,1609490432,1
egernia-local,8,Q06,csv,64,1,7313,121.115,60.431951,0.919452,166.230355,2.750703,0.022731,1598493354.666667,1599569920,1
egernia-local,8,Q06,csv,64,2,7389,122.464,60.397073,0.920399,167.263139,2.769391,0.022637,1596471296.0,1599229952,1
egernia-local,8,Q06,csv,64,3,7362,122.031,60.462406,0.91908,166.274906,2.750054,0.022586,1594385408.0,1595310080,1
egernia-local,8,Q06,csv,8,1,8415,140.129,60.06128,0.925761,181.759817,3.026239,0.0216,1605804373.333333,1606754304,1
egernia-local,8,Q06,csv,8,2,8394,139.814,60.095517,0.924865,181.262852,3.016246,0.021594,1607994709.333333,1619730432,1
egernia-local,8,Q06,csv,8,3,8400,139.934,60.049866,0.925673,181.29208,3.019026,0.021582,1606431402.666667,1613463552,1
egernia-local,8,Q07,csv,32,1,9044,150.356,60.179449,0.923718,143.462263,2.383908,0.015863,1597009578.666667,1608192000,1
egernia-local,8,Q07,csv,32,2,9030,150.143,60.201281,0.839298,142.810058,2.37221,0.015815,1594802920.727273,1595629568,1
egernia-local,8,Q07,csv,32,3,9035,150.285,60.132493,0.924213,143.312101,2.383272,0.015862,1595565738.666667,1597009920,1
egernia-local,8,Q07,csv,64,1,8520,141.059,60.424201,0.836161,139.045957,2.301163,0.01632,1595733829.818182,1596297216,1
egernia-local,8,Q07,csv,64,2,8480,140.61,60.358813,0.92084,138.005761,2.286423,0.016274,1595917994.666667,1596383232,1
egernia-local,8,Q07,csv,64,3,8514,141.188,60.334944,0.921279,137.690196,2.282097,0.016172,1596084906.666667,1596424192,1
egernia-local,8,Q07,csv,8,1,9959,165.897,60.091995,0.924948,150.060876,2.497186,0.015068,1593078101.333333,1593999360,1
egernia-local,8,Q07,csv,8,2,9914,165.193,60.031885,0.925837,149.503708,2.490405,0.01508,1593037482.666667,1593815040,1
egernia-local,8,Q07,csv,8,3,9873,164.493,60.021808,0.926037,149.123102,2.484482,0.015104,1593337856.0,1594056704,1
egernia-local,8,Q10,csv,32,1,5083,84.327,60.359516,0.920886,225.286408,3.732409,0.044322,1598871210.666667,1611497472,1
egernia-local,8,Q10,csv,32,2,5101,84.621,60.348591,0.920768,226.008806,3.745055,0.044307,1598671189.333333,1606402048,1
egernia-local,8,Q10,csv,32,3,5060,83.905,60.430704,0.919891,224.463808,3.7144,0.04436,1598075562.666667,1598902272,1
egernia-local,8,Q10,csv,64,1,4852,80.199,60.631922,0.916792,215.973301,3.56204,0.044512,1599784960.0,1600397312,1
egernia-local,8,Q10,csv,64,2,4827,79.722,60.619317,0.91684,216.720516,3.575107,0.044898,1600538624.0,1606967296,1
egernia-local,8,Q10,csv,64,3,4835,79.909,60.693779,0.915627,216.918845,3.573988,0.044864,1600050517.333333,1600700416,1
egernia-local,8,Q10,csv,8,1,5278,87.894,60.129169,0.924337,237.864597,3.955894,0.045067,1594979669.333333,1596084224,1
egernia-local,8,Q10,csv,8,2,5281,87.902,60.13828,0.924101,239.201622,3.977527,0.045295,1596637866.666667,1606316032,1
egernia-local,8,Q10,csv,8,3,5306,88.411,60.021471,0.925746,238.895168,3.980162,0.045024,1595514538.666667,1596125184,1
egernia-local,8,Q11,csv,32,1,1010,16.465,61.617423,0.902257,352.714942,5.724273,0.349223,1666212181.333333,1687748608,1
egernia-local,8,Q11,csv,32,2,1014,16.548,61.457342,0.904626,350.157126,5.697564,0.345323,1665759914.666667,1675173888,1
egernia-local,8,Q11,csv,32,3,1012,16.547,61.204134,0.990597,348.397462,5.692384,0.344266,1665023684.923077,1674141696,1
egernia-local,8,Q11,csv,64,1,1013,16.149,63.449461,0.955558,355.923091,5.609553,0.351355,1733629479.384615,1753870336,1
egernia-local,8,Q11,csv,64,2,1021,16.257,63.544565,0.954344,353.194132,5.558212,0.34593,1736004214.153846,1752281088,1
egernia-local,8,Q11,csv,64,3,1020,16.236,63.812913,0.950222,357.822315,5.607365,0.350806,1747978712.615385,1774223360,1
egernia-local,8,Q11,csv,8,1,934,15.468,60.430604,0.919703,336.647984,5.570819,0.360437,1613386069.333333,1622593536,1
egernia-local,8,Q11,csv,8,2,940,15.601,60.670908,0.915967,338.695147,5.582497,0.360314,1615860053.333333,1628012544,1
egernia-local,8,Q11,csv,8,3,934,15.491,60.294237,0.92205,333.410234,5.52972,0.35697,1619693226.666667,1628561408,1
egernia-local,8,Q12,csv,32,1,9729,161.806,60.154125,0.840035,114.404,1.901848,0.011759,1624091927.272727,1624453120,1
egernia-local,8,Q12,csv,32,2,9745,162.047,60.175965,0.92363,113.718061,1.889759,0.011669,1624299520.0,1624887296,1
egernia-local,8,Q12,csv,32,3,9755,162.293,60.184429,0.923565,114.469494,1.901979,0.011734,1624302592.0,1625001984,1
egernia-local,8,Q12,csv,64,1,9143,151.712,60.342794,0.920937,110.892239,1.837705,0.012129,1625193813.333333,1625722880,1
egernia-local,8,Q12,csv,64,2,9135,151.6,60.316151,0.921388,111.230823,1.84413,0.012176,1625139200.0,1625653248,1
egernia-local,8,Q12,csv,64,3,9122,151.308,60.395814,0.920176,110.680804,1.832591,0.012133,1626700117.333333,1638027264,1
egernia-local,8,Q12,csv,8,1,10856,180.872,60.051332,0.925532,117.779657,1.961316,0.010849,1623330816.0,1634041856,1
egernia-local,8,Q12,csv,8,2,10837,180.509,60.052254,0.925418,118.143167,1.967339,0.010902,1622402730.666667,1623019520,1
egernia-local,8,Q12,csv,8,3,10856,180.81,60.058207,0.925373,118.027653,1.965221,0.010872,1622529024.0,1623568384,1
egernia-local,8,Q13,csv,32,1,601,9.557,64.227703,0.947808,513.148125,7.989514,0.853824,1710735360.0,1737445376,1
egernia-local,8,Q13,csv,32,2,604,9.561,63.654519,0.956403,508.621945,7.990351,0.842089,1706178717.538461,1714552832,1
egernia-local,8,Q13,csv,32,3,612,9.753,63.907694,0.952387,510.524737,7.988471,0.834191,1705544152.615385,1717813248,1
egernia-local,8,Q13,csv,64,1,628,9.667,67.459981,0.902594,539.155365,7.992225,0.858528,1705367394.461539,1716727808,1
egernia-local,8,Q13,csv,64,2,627,9.547,67.48832,0.901974,538.950181,7.985829,0.85957,1701348903.384615,1712848896,1
egernia-local,8,Q13,csv,64,3,645,9.905,67.59562,0.900871,539.919508,7.987492,0.837085,1706922929.230769,1730232320,1
egernia-local,8,Q13,csv,8,1,573,9.474,60.787692,0.917919,485.582584,7.988173,0.847439,1715509589.333333,1729138688,1
egernia-local,8,Q13,csv,8,2,580,9.611,60.457067,0.923049,482.825163,7.986248,0.832457,1713336661.333333,1725464576,1
egernia-local,8,Q13,csv,8,3,594,9.805,60.835828,0.917675,486.002342,7.988752,0.818186,1711169194.666667,1723162624,1
egernia-local,8,mix,csv,32,1,8296,137.827,60.224954,0.922834,181.625117,3.015778,0.021893,1642306218.666667,1642881024,1
egernia-local,8,mix,csv,32,2,8371,139.038,60.295835,0.921757,178.742921,2.964432,0.021353,1642602154.666667,1644408832,1
egernia-local,8,mix,csv,32,3,8287,137.732,60.22489,0.923038,181.051218,3.006252,0.021848,1644290048.0,1655222272,1
egernia-local,8,mix,csv,64,1,7845,130.047,60.545879,0.917954,175.228839,2.89415,0.022336,1643391658.666667,1644265472,1
egernia-local,8,mix,csv,64,2,7879,130.644,60.338265,0.920885,171.358014,2.839956,0.021749,1643568128.0,1644302336,1
egernia-local,8,mix,csv,64,3,7853,130.27,60.349603,0.921013,173.650411,2.877408,0.022113,1643735381.333333,1644331008,1
egernia-local,8,mix,csv,8,1,9117,151.725,60.12797,0.924638,191.973013,3.192741,0.021057,1624300544.0,1631457280,1
egernia-local,8,mix,csv,8,2,9116,151.677,60.14483,0.924431,190.708465,3.170821,0.02092,1640896512.0,1650331648,1
egernia-local,8,mix,csv,8,3,9119,151.824,60.14996,0.923905,192.494989,3.200251,0.021109,1640805717.333333,1641656320,1
egernia-local,8,Q05,votable,32,1,9347,155.471,60.168661,0.927825,117.490668,1.952689,0.01257,1496577260.307692,1497894912,1
egernia-local,8,Q05,votable,32,2,9293,154.474,60.220129,0.924987,116.562589,1.935608,0.012543,1497735509.333333,1510817792,1
egernia-local,8,Q05,votable,32,3,9375,155.826,60.172632,0.923783,117.601905,1.954409,0.012544,1499933013.333333,1510346752,1
egernia-local,8,Q05,votable,64,1,8828,146.465,60.293178,0.921925,114.464347,1.898463,0.012966,1498526720.0,1508503552,1
egernia-local,8,Q05,votable,64,2,8864,147.061,60.343228,0.920854,114.59206,1.899004,0.012928,1497507157.333333,1498263552,1
egernia-local,8,Q05,votable,64,3,8903,147.827,60.318455,0.921365,115.076472,1.907815,0.012926,1497608533.333333,1498066944,1
egernia-local,8,Q06,votable,32,1,7545,125.342,60.246897,0.9226,173.826042,2.885228,0.023039,1498971477.333333,1499652096,1
egernia-local,8,Q06,votable,32,2,7511,124.814,60.235191,0.922515,174.724834,2.90071,0.023263,1500312234.666667,1512529920,1
egernia-local,8,Q06,votable,32,3,7546,125.438,60.212135,0.922964,174.267431,2.894224,0.023094,1499481770.666667,1500123136,1
egernia-local,8,Q06,votable,64,1,7201,119.111,60.505475,0.918532,167.688721,2.771464,0.023287,1500742997.333333,1501863936,1
egernia-local,8,Q06,votable,64,2,7166,118.719,60.423376,0.919631,168.514232,2.788891,0.023516,1500843349.333333,1501339648,1
egernia-local,8,Q06,votable,64,3,7107,117.693,60.435014,0.919884,168.027447,2.7803,0.023643,1501478570.666667,1502601216,1
egernia-local,8,Q06,votable,8,1,8152,135.755,60.077824,0.925089,183.808665,3.059509,0.022548,1496356864.0,1497108480,1
egernia-local,8,Q06,votable,8,2,8191,136.425,60.058855,0.925597,183.874878,3.061578,0.022448,1497100288.0,1498628096,1
egernia-local,8,Q06,votable,8,3,8164,135.976,60.070906,0.925268,183.692315,3.057925,0.0225,1497454933.333333,1498357760,1
egernia-local,8,Q07,votable,32,1,8767,145.677,60.198578,0.923471,143.865519,2.389849,0.01641,1510021461.333333,1522102272,1
egernia-local,8,Q07,votable,32,2,8755,145.587,60.188015,0.839687,143.315286,2.381127,0.01637,1508957090.909091,1509642240,1
egernia-local,8,Q07,votable,32,3,8761,145.651,60.177991,0.923715,143.992734,2.392781,0.016436,1509504682.666667,1515704320,1
egernia-local,8,Q07,votable,64,1,8354,138.524,60.362846,0.920754,139.707865,2.314468,0.016723,1509733376.0,1511366656,1
egernia-local,8,Q07,votable,64,2,8336,138.227,60.37522,0.920545,139.26414,2.306644,0.016706,1509817002.666667,1510432768,1
egernia-local,8,Q07,votable,64,3,8391,139.127,60.424675,0.919884,138.884341,2.298471,0.016552,1511758848.0,1524408320,1
egernia-local,8,Q07,votable,8,1,9665,160.983,60.067143,0.925281,150.909522,2.512347,0.015614,1506828970.666667,1507311616,1
egernia-local,8,Q07,votable,8,2,9687,161.316,60.069877,0.925243,150.092248,2.498628,0.015494,1506788352.0,1507303424,1
egernia-local,8,Q07,votable,8,3,9666,161.002,60.108643,0.924633,151.079302,2.513437,0.01563,1507210922.666667,1507786752,1
egernia-local,8,Q10,votable,32,1,4766,79.028,60.403455,0.92039,225.764705,3.737612,0.04737,1519119701.333333,1522671616,1
egernia-local,8,Q10,votable,32,2,4767,79.068,60.381771,0.920627,226.958199,3.75872,0.04761,1524047530.666667,1526419456,1
egernia-local,8,Q10,votable,32,3,4771,79.064,60.385662,0.836566,226.405364,3.749323,0.047454,1527523141.818182,1528074240,1
egernia-local,8,Q10,votable,64,1,4588,75.82,60.746769,0.914866,218.196753,3.591907,0.047558,1533109930.666667,1536204800,1
egernia-local,8,Q10,votable,64,2,4592,75.828,60.657739,0.916177,220.162544,3.629587,0.047945,1538299904.0,1550327808,1
egernia-local,8,Q10,votable,64,3,4582,75.688,60.805113,0.91388,220.234134,3.621967,0.048065,1541478400.0,1542635520,1
egernia-local,8,Q10,votable,8,1,4899,81.526,60.155647,0.923665,239.815377,3.986581,0.048952,1512495445.333333,1522675712,1
egernia-local,8,Q10,votable,8,2,4871,81.097,60.063598,0.925095,238.028048,3.962934,0.048866,1511355392.0,1512382464,1
egernia-local,8,Q10,votable,8,3,4907,81.721,60.088784,0.924994,238.507093,3.969245,0.048605,1512728917.333333,1523658752,1
egernia-local,8,Q11,votable,32,1,906,14.845,61.051677,0.910349,337.395665,5.526395,0.372401,1626821632.0,1651376128,1
egernia-local,8,Q11,votable,32,2,910,14.816,61.469055,0.904033,341.662597,5.558286,0.375453,1627261269.333333,1649225728,1
egernia-local,8,Q11,votable,32,3,903,14.798,61.033123,0.910895,338.844819,5.551818,0.375243,1633975637.333333,1648476160,1
egernia-local,8,Q11,votable,64,1,898,14.438,62.236528,0.893152,341.375686,5.485134,0.380151,1740457301.333333,1752453120,1
egernia-local,8,Q11,votable,64,2,916,14.651,63.326698,0.957332,347.98623,5.495095,0.379898,1736422951.384615,1785901056,1
egernia-local,8,Q11,votable,64,3,910,14.707,63.279952,0.958261,345.835599,5.465168,0.380039,1738911428.923077,1766182912,1
egernia-local,8,Q11,votable,8,1,863,14.306,60.539241,0.918032,337.027626,5.567094,0.39053,1567966890.666667,1580515328,1
egernia-local,8,Q11,votable,8,2,854,14.133,60.493085,0.918701,335.756203,5.550324,0.393157,1559035904.0,1571684352,1
egernia-local,8,Q11,votable,8,3,850,14.106,60.49802,0.918525,335.270521,5.541843,0.394436,1555755008.0,1567322112,1
egernia-local,8,Q12,votable,32,1,9608,159.755,60.166191,0.923635,114.600973,1.90474,0.011928,1580333397.333333,1580892160,1
egernia-local,8,Q12,votable,32,2,9542,158.751,60.162519,0.923803,114.409198,1.901669,0.01199,1580403712.0,1580679168,1
egernia-local,8,Q12,votable,32,3,9623,160.018,60.144789,0.923912,114.246494,1.899524,0.011872,1580578474.666667,1580904448,1
egernia-local,8,Q12,votable,64,1,8993,149.127,60.316858,0.921091,111.197687,1.843559,0.012365,1581365930.666667,1581907968,1
egernia-local,8,Q12,votable,64,2,9008,149.388,60.339098,0.83724,111.005699,1.839698,0.012323,1581427991.272727,1582264320,1
egernia-local,8,Q12,votable,64,3,9006,149.477,60.289999,0.921828,111.077084,1.84238,0.012334,1582969514.666667,1595617280,1
egernia-local,8,Q12,votable,8,1,10750,178.974,60.070974,0.925281,119.105182,1.982741,0.01108,1579082752.0,1586708480,1
egernia-local,8,Q12,votable,8,2,10734,178.771,60.049615,0.92578,118.719656,1.977026,0.01106,1578584405.333333,1579524096,1
egernia-local,8,Q12,votable,8,3,10731,178.776,60.046489,0.925455,118.433143,1.972357,0.011037,1578680661.333333,1579606016,1
egernia-local,8,Q13,votable,32,1,596,9.442,63.596091,0.957332,508.107923,7.989609,0.85253,1673611421.538461,1685057536,1
egernia-local,8,Q13,votable,32,2,594,9.364,64.306571,0.946465,513.805609,7.989939,0.864993,1677330274.461539,1696808960,1
egernia-local,8,Q13,votable,32,3,601,9.548,64.528741,0.864911,515.469451,7.988215,0.857686,1678312789.333333,1704325120,1
egernia-local,8,Q13,votable,64,1,608,9.274,68.519264,0.888769,547.559529,7.991322,0.900591,1680964686.769231,1703739392,1
egernia-local,8,Q13,votable,64,2,604,9.167,67.99716,0.895111,543.112102,7.987276,0.899192,1678715982.769231,1693392896,1
egernia-local,8,Q13,votable,64,3,627,9.403,68.250855,0.891937,544.679227,7.980548,0.868707,1673844578.461539,1689206784,1
egernia-local,8,Q13,votable,8,1,572,9.448,60.978746,0.914919,487.260764,7.990666,0.851854,1669394090.666667,1681629184,1
egernia-local,8,Q13,votable,8,2,578,9.544,61.229795,0.911307,489.255023,7.990473,0.846462,1672583850.666667,1690124288,1
egernia-local,8,Q13,votable,8,3,587,9.697,60.817348,0.917777,485.711357,7.986395,0.827447,1676137472.0,1690103808,1
