target,server,query_class,response_format,concurrency,repetition,requests,error_fraction,rps,latency_p50_s,latency_p95_s,ttfb_p95_s,mean_response_bytes,generator_cpu_peak,generator_guard_ok,tier
dachs-local,dachs,Q01,csv,32,1,976,0.0,15.865,2.009203,2.150176,2.149772,978.0,0.015,True,16
dachs-local,dachs,Q01,csv,32,2,968,0.0,15.849,2.011973,2.168491,2.16805,978.0,0.02,True,16
dachs-local,dachs,Q01,csv,32,3,968,0.0,15.741,2.027755,2.177964,2.177469,978.0,0.02,True,16
dachs-local,dachs,Q01,csv,64,1,968,0.0,15.307,4.039412,4.247179,4.246809,978.0,0.03,True,16
dachs-local,dachs,Q01,csv,64,2,984,0.0,15.427,4.048116,4.239768,4.239263,978.0,0.02,True,16
dachs-local,dachs,Q01,csv,64,3,979,0.0,15.463,4.043795,4.237155,4.236699,978.0,0.025,True,16
dachs-local,dachs,Q01,csv,8,1,1043,0.0,17.337,0.475208,0.560151,0.559585,978.0,0.015,True,16
dachs-local,dachs,Q01,csv,8,2,1057,0.0,17.563,0.463904,0.562703,0.562179,978.0,0.02,True,16
dachs-local,dachs,Q01,csv,8,3,1053,0.0,17.442,0.466905,0.56007,0.559627,978.0,0.02,True,16
dachs-local,dachs,Q02,csv,32,1,657,0.0,10.45,3.021717,3.255283,3.254793,37396.6,0.02,True,16
dachs-local,dachs,Q02,csv,32,2,663,0.0,10.584,3.016754,3.224115,3.223628,37409.1,0.015,True,16
dachs-local,dachs,Q02,csv,32,3,663,0.0,10.554,3.021628,3.245048,3.244475,37423.3,0.02,True,16
dachs-local,dachs,Q02,csv,64,1,695,0.0,10.628,6.029607,6.354321,6.353928,37412.4,0.02,True,16
dachs-local,dachs,Q02,csv,64,2,672,0.0,10.209,6.067214,6.329883,6.329401,37412.6,0.02,True,16
dachs-local,dachs,Q02,csv,64,3,696,0.0,10.585,6.026542,6.264582,6.264069,37428.7,0.02,True,16
dachs-local,dachs,Q02,csv,8,1,673,0.0,11.158,0.714514,0.886651,0.886147,37409.2,0.015,True,16
dachs-local,dachs,Q02,csv,8,2,661,0.0,10.899,0.73307,0.900516,0.900054,37408.2,0.015,True,16
dachs-local,dachs,Q02,csv,8,3,669,0.0,11.049,0.729243,0.891845,0.890756,37434.6,0.015,True,16
dachs-local,dachs,Q03,csv,32,1,704,0.0,11.279,2.813349,3.106504,3.106005,25901.3,0.02,True,16
dachs-local,dachs,Q03,csv,32,2,704,0.0,11.325,2.811155,3.026139,3.025666,25479.2,0.015,True,16
dachs-local,dachs,Q03,csv,32,3,703,0.0,11.335,2.819198,3.0317,3.031175,24746.9,0.02,True,16
dachs-local,dachs,Q03,csv,64,1,704,0.0,10.851,5.676156,8.63538,8.634904,25980.8,0.03,True,16
dachs-local,dachs,Q03,csv,64,2,704,0.0,11.2,5.671064,5.96894,5.968436,25355.1,0.03,True,16
dachs-local,dachs,Q03,csv,64,3,704,0.0,11.276,5.610585,5.900512,5.900046,24844.9,0.03,True,16
dachs-local,dachs,Q03,csv,8,1,718,0.0,11.891,0.667745,0.827441,0.826991,25385.1,0.01,True,16
dachs-local,dachs,Q03,csv,8,2,721,0.0,11.945,0.671073,0.828805,0.828351,25277.7,0.015,True,16
dachs-local,dachs,Q03,csv,8,3,716,0.0,11.889,0.68204,0.819875,0.81941,24860.6,0.015,True,16
dachs-local,dachs,Q04,csv,32,1,703,0.0,11.259,2.826149,3.056497,3.056074,58460.1,0.02,True,16
dachs-local,dachs,Q04,csv,32,2,703,0.0,11.242,2.83836,3.054287,3.0538,58456.3,0.015,True,16
dachs-local,dachs,Q04,csv,32,3,705,0.0,11.367,2.801221,3.068645,3.068283,58491.7,0.025,True,16
dachs-local,dachs,Q04,csv,64,1,704,0.0,11.382,5.653753,5.920587,5.920079,58462.9,0.025,True,16
dachs-local,dachs,Q04,csv,64,2,721,0.0,11.107,5.604827,5.828192,5.827705,58444.1,0.025,True,16
dachs-local,dachs,Q04,csv,64,3,704,0.0,11.268,5.643105,5.915855,5.915382,58494.5,0.03,True,16
dachs-local,dachs,Q04,csv,8,1,723,0.0,11.967,0.676759,0.81371,0.813143,58464.8,0.015,True,16
dachs-local,dachs,Q04,csv,8,2,723,0.0,11.951,0.672112,0.813213,0.8124,58448.1,0.015,True,16
dachs-local,dachs,Q04,csv,8,3,718,0.0,11.864,0.684125,0.820666,0.82019,58477.8,0.015,True,16
dachs-local,dachs,Q05,csv,32,1,638,0.0,10.154,3.123653,3.416264,3.415771,3711.6,0.02,True,16
dachs-local,dachs,Q05,csv,32,2,628,0.0,10.023,3.147905,3.597615,3.597067,3713.4,0.02,True,16
dachs-local,dachs,Q05,csv,32,3,640,0.0,10.257,3.103397,3.363999,3.363508,3860.7,0.02,True,16
dachs-local,dachs,Q05,csv,64,1,641,0.0,9.803,6.328796,6.718426,6.717525,3702.5,0.02,True,16
dachs-local,dachs,Q05,csv,64,2,640,0.0,10.228,6.215665,6.637039,6.636688,3622.5,0.02,True,16
dachs-local,dachs,Q05,csv,64,3,640,0.0,10.148,6.231699,6.591482,6.591116,3889.3,0.025,True,16
dachs-local,dachs,Q05,csv,8,1,557,0.0,9.163,0.848427,1.142378,1.141893,3631.6,0.015,True,16
dachs-local,dachs,Q05,csv,8,2,548,0.0,9.038,0.858972,1.151081,1.150414,3933.9,0.015,True,16
dachs-local,dachs,Q05,csv,8,3,562,0.0,9.257,0.844465,1.08941,1.08893,3742.9,0.015,True,16
dachs-local,dachs,Q06,csv,32,1,608,0.0,9.767,3.2321,3.572001,3.571508,70851.1,0.015,True,16
dachs-local,dachs,Q06,csv,32,2,607,0.0,9.646,3.300089,3.585219,3.58478,70066.8,0.02,True,16
dachs-local,dachs,Q06,csv,32,3,611,0.0,9.704,3.210617,3.518527,3.518057,68734.5,0.015,True,16
dachs-local,dachs,Q06,csv,64,1,640,0.0,9.877,6.426359,6.8336,6.833133,70575.4,0.02,True,16
dachs-local,dachs,Q06,csv,64,2,640,0.0,9.729,6.546055,6.967171,6.966744,71137.4,0.02,True,16
dachs-local,dachs,Q06,csv,64,3,640,0.0,9.92,6.450293,6.845446,6.844812,69106.9,0.02,True,16
dachs-local,dachs,Q06,csv,8,1,539,0.0,8.854,0.872001,1.203375,1.202965,70109.7,0.015,True,16
dachs-local,dachs,Q06,csv,8,2,545,0.0,8.942,0.866052,1.166518,1.166039,70624.1,0.01,True,16
dachs-local,dachs,Q06,csv,8,3,544,0.0,8.954,0.872207,1.145998,1.145506,69532.4,0.01,True,16
dachs-local,dachs,Q07,csv,32,1,593,0.0,9.435,3.347621,3.633489,3.632998,19335.8,0.02,True,16
dachs-local,dachs,Q07,csv,32,2,593,0.0,9.376,3.349003,3.607876,3.607394,20597.6,0.02,True,16
dachs-local,dachs,Q07,csv,32,3,607,0.0,9.613,3.315925,3.604234,3.603732,19718.8,0.015,True,16
dachs-local,dachs,Q07,csv,64,1,605,0.0,9.069,6.862156,7.242481,7.242003,19307.4,0.02,True,16
dachs-local,dachs,Q07,csv,64,2,633,0.0,9.507,6.683186,7.110394,7.109901,20514.6,0.02,True,16
dachs-local,dachs,Q07,csv,64,3,611,0.0,9.181,6.737734,7.165039,7.164527,19873.5,0.025,True,16
dachs-local,dachs,Q07,csv,8,1,521,0.0,8.56,0.909578,1.21449,1.214014,19110.9,0.015,True,16
dachs-local,dachs,Q07,csv,8,2,515,0.0,8.495,0.915529,1.205272,1.204836,20920.7,0.01,True,16
dachs-local,dachs,Q07,csv,8,3,530,0.0,8.74,0.895156,1.133112,1.132636,19863.6,0.01,True,16
dachs-local,dachs,Q10,csv,32,1,626,0.0,9.923,3.161815,3.428862,3.428077,290632.2,0.015,True,16
dachs-local,dachs,Q10,csv,32,2,623,0.0,9.941,3.191058,3.442024,3.44114,290638.2,0.02,True,16
dachs-local,dachs,Q10,csv,32,3,632,0.0,10.103,3.159621,3.40806,3.403099,290566.8,0.02,True,16
dachs-local,dachs,Q10,csv,64,1,640,0.0,10.04,6.316899,6.684425,6.681554,290610.9,0.035,True,16
dachs-local,dachs,Q10,csv,64,2,640,0.0,10.153,6.271122,6.583456,6.582748,290727.2,0.03,True,16
dachs-local,dachs,Q10,csv,64,3,640,0.0,10.184,6.313124,6.581408,6.580511,290603.0,0.03,True,16
dachs-local,dachs,Q10,csv,8,1,635,0.0,10.483,0.765793,0.918078,0.916081,290793.2,0.015,True,16
dachs-local,dachs,Q10,csv,8,2,626,0.0,10.322,0.776712,0.942628,0.941949,290629.5,0.015,True,16
dachs-local,dachs,Q10,csv,8,3,638,0.0,10.528,0.758286,0.912244,0.911455,290568.1,0.02,True,16
dachs-local,dachs,Q11,csv,32,1,261,0.0,4.097,8.539539,13.049772,10.766078,2918772.4,0.03,True,16
dachs-local,dachs,Q11,csv,32,2,265,0.0,4.112,7.864146,12.588297,10.12524,2918104.7,0.035,True,16
dachs-local,dachs,Q11,csv,32,3,265,0.0,4.076,8.468957,12.968368,10.43591,2917936.2,0.03,True,16
dachs-local,dachs,Q11,csv,64,1,282,0.0,4.115,14.827388,24.858438,17.886186,2918920.2,0.045,True,16
dachs-local,dachs,Q11,csv,64,2,284,0.0,4.12,17.738946,20.879513,18.663955,2917812.6,0.055,True,16
dachs-local,dachs,Q11,csv,64,3,282,0.0,4.104,14.825283,25.227876,21.492459,2918316.6,0.04,True,16
dachs-local,dachs,Q11,csv,8,1,242,0.0,3.981,2.120842,2.708648,2.513912,2918851.2,0.02,True,16
dachs-local,dachs,Q11,csv,8,2,247,0.0,3.987,2.048252,2.649057,2.386977,2918321.8,0.02,True,16
dachs-local,dachs,Q11,csv,8,3,244,0.0,3.921,2.185006,2.560298,2.353595,2917961.7,0.015,True,16
dachs-local,dachs,Q12,csv,32,1,635,0.0,10.048,3.131551,3.410625,3.409813,110.0,0.015,True,16
dachs-local,dachs,Q12,csv,32,2,634,0.0,10.058,3.169122,3.462667,3.462167,110.0,0.02,True,16
dachs-local,dachs,Q12,csv,32,3,642,0.0,10.268,3.072579,3.35412,3.353514,110.0,0.02,True,16
dachs-local,dachs,Q12,csv,64,1,640,0.0,10.038,6.298553,6.679242,6.678822,110.0,0.025,True,16
dachs-local,dachs,Q12,csv,64,2,640,0.0,10.165,6.228299,6.598296,6.597297,110.0,0.02,True,16
dachs-local,dachs,Q12,csv,64,3,640,0.0,10.113,6.321648,6.634799,6.634325,110.0,0.02,True,16
dachs-local,dachs,Q12,csv,8,1,561,0.0,9.229,0.843809,1.129468,1.128996,110.0,0.01,True,16
dachs-local,dachs,Q12,csv,8,2,571,0.0,9.422,0.832282,1.070681,1.070046,110.0,0.015,True,16
dachs-local,dachs,Q12,csv,8,3,559,0.0,9.167,0.851078,1.12926,1.128843,110.0,0.015,True,16
dachs-local,dachs,Q13,csv,32,1,709,0.0,11.338,2.812945,3.108709,3.108239,2300.7,0.025,True,16
dachs-local,dachs,Q13,csv,32,2,707,0.0,11.41,2.796123,3.140078,3.139514,2300.9,0.02,True,16
dachs-local,dachs,Q13,csv,32,3,706,0.0,11.314,2.79617,3.102076,3.101599,2299.4,0.02,True,16
dachs-local,dachs,Q13,csv,64,1,702,0.0,10.758,5.67265,7.384779,7.384325,2300.6,0.03,True,16
dachs-local,dachs,Q13,csv,64,2,710,0.0,10.913,5.628876,6.011166,6.01068,2301.1,0.02,True,16
dachs-local,dachs,Q13,csv,64,3,717,0.0,10.994,5.57933,6.009213,6.008609,2299.7,0.025,True,16
dachs-local,dachs,Q13,csv,8,1,700,0.0,11.568,0.691606,0.967849,0.967262,2301.6,0.015,True,16
dachs-local,dachs,Q13,csv,8,2,706,0.0,11.699,0.683421,0.962388,0.96188,2300.6,0.015,True,16
dachs-local,dachs,Q13,csv,8,3,700,0.0,11.545,0.702287,0.974828,0.974366,2299.6,0.015,True,16
dachs-local,dachs,mix,csv,32,1,648,0.0,10.266,3.064971,3.609845,3.609284,44516.9,0.02,True,16
dachs-local,dachs,mix,csv,32,2,644,0.0,10.282,3.081468,3.583685,3.583136,39996.3,0.02,True,16
dachs-local,dachs,mix,csv,32,3,651,0.0,10.418,3.06009,3.587339,3.586882,42522.6,0.02,True,16
dachs-local,dachs,mix,csv,64,1,661,0.0,10.032,6.120466,6.749175,6.748408,44826.0,0.02,True,16
dachs-local,dachs,mix,csv,64,2,668,0.0,10.105,6.122502,6.665096,6.663923,39689.2,0.02,True,16
dachs-local,dachs,mix,csv,64,3,676,0.0,10.29,6.098483,6.732611,6.732148,42188.6,0.025,True,16
dachs-local,dachs,mix,csv,8,1,654,0.0,10.779,0.734627,1.205752,1.205322,43182.0,0.015,True,16
dachs-local,dachs,mix,csv,8,2,651,0.0,10.734,0.777153,1.165879,1.165303,43567.3,0.015,True,16
dachs-local,dachs,mix,csv,8,3,661,0.0,10.944,0.700264,1.170168,1.169559,43013.5,0.015,True,16
dachs-local,dachs,Q01,votable,32,1,960,0.0,15.618,2.041434,2.193816,2.193335,4706.0,0.02,True,16
dachs-local,dachs,Q01,votable,32,2,959,0.0,15.513,2.059034,2.21821,2.217702,4706.0,0.025,True,16
dachs-local,dachs,Q01,votable,32,3,960,0.0,15.566,2.049767,2.204825,2.204346,4706.0,0.02,True,16
dachs-local,dachs,Q01,votable,64,1,960,0.0,15.593,4.091995,4.254311,4.253831,4706.0,0.03,True,16
dachs-local,dachs,Q01,votable,64,2,960,0.0,15.34,4.160534,4.381929,4.381276,4706.0,0.03,True,16
dachs-local,dachs,Q01,votable,64,3,960,0.0,15.447,4.129958,4.388654,4.388197,4706.0,0.025,True,16
dachs-local,dachs,Q01,votable,8,1,1050,0.0,17.427,0.464019,0.559494,0.558961,4706.0,0.02,True,16
dachs-local,dachs,Q01,votable,8,2,1061,0.0,17.599,0.463004,0.545069,0.544563,4706.0,0.015,True,16
dachs-local,dachs,Q01,votable,8,3,1041,0.0,17.269,0.469411,0.57042,0.569993,4706.0,0.015,True,16
dachs-local,dachs,Q02,votable,32,1,641,0.0,10.253,3.074256,3.312386,3.311793,50846.9,0.015,True,16
dachs-local,dachs,Q02,votable,32,2,640,0.0,10.369,3.073383,3.319899,3.319425,50863.4,0.015,True,16
dachs-local,dachs,Q02,votable,32,3,641,0.0,10.308,3.087297,3.343924,3.343471,50892.4,0.025,True,16
dachs-local,dachs,Q02,votable,64,1,670,0.0,10.198,6.072495,6.339499,6.339024,50853.7,0.025,True,16
dachs-local,dachs,Q02,votable,64,2,657,0.0,9.982,6.153299,6.420387,6.419843,50868.8,0.03,True,16
dachs-local,dachs,Q02,votable,64,3,648,0.0,9.869,6.139674,6.398517,6.3979,50889.6,0.025,True,16
dachs-local,dachs,Q02,votable,8,1,667,0.0,11.033,0.721182,0.894809,0.894314,50854.9,0.02,True,16
dachs-local,dachs,Q02,votable,8,2,660,0.0,10.915,0.732427,0.899795,0.899471,50861.5,0.01,True,16
dachs-local,dachs,Q02,votable,8,3,663,0.0,10.95,0.71888,0.928011,0.927528,50901.4,0.015,True,16
dachs-local,dachs,Q03,votable,32,1,694,0.0,11.141,2.858145,3.077586,3.077108,37190.1,0.02,True,16
dachs-local,dachs,Q03,votable,32,2,697,0.0,11.096,2.859647,3.097722,3.09726,36547.7,0.02,True,16
dachs-local,dachs,Q03,votable,32,3,701,0.0,11.183,2.853053,3.060744,3.060273,35794.2,0.02,True,16
dachs-local,dachs,Q03,votable,64,1,704,0.0,11.337,5.676361,5.935594,5.935064,37191.9,0.025,True,16
dachs-local,dachs,Q03,votable,64,2,704,0.0,11.247,5.668941,5.967584,5.966978,36536.6,0.025,True,16
dachs-local,dachs,Q03,votable,64,3,707,0.0,10.91,5.697995,6.004168,6.003674,35944.0,0.025,True,16
dachs-local,dachs,Q03,votable,8,1,706,0.0,11.695,0.684213,0.843668,0.84321,36690.3,0.015,True,16
dachs-local,dachs,Q03,votable,8,2,715,0.0,11.82,0.674573,0.854629,0.854158,36452.1,0.015,True,16
dachs-local,dachs,Q03,votable,8,3,704,0.0,11.654,0.685726,0.851888,0.85143,35805.6,0.015,True,16
dachs-local,dachs,Q04,votable,32,1,695,0.0,11.065,2.844847,3.067434,3.066896,76085.0,0.015,True,16
dachs-local,dachs,Q04,votable,32,2,701,0.0,11.205,2.840772,3.045889,3.045398,76078.7,0.015,True,16
dachs-local,dachs,Q04,votable,32,3,673,0.0,10.774,2.882098,3.281562,3.281079,76124.8,0.02,True,16
dachs-local,dachs,Q04,votable,64,1,704,0.0,11.227,5.670586,5.962782,5.962299,76075.3,0.025,True,16
dachs-local,dachs,Q04,votable,64,2,711,0.0,10.932,5.725739,5.974121,5.973512,76067.0,0.025,True,16
dachs-local,dachs,Q04,votable,64,3,704,0.0,11.249,5.731007,5.996908,5.996514,76124.7,0.025,True,16
dachs-local,dachs,Q04,votable,8,1,712,0.0,11.799,0.680915,0.82274,0.822233,76087.7,0.015,True,16
dachs-local,dachs,Q04,votable,8,2,711,0.0,11.785,0.68553,0.836364,0.835931,76075.8,0.02,True,16
dachs-local,dachs,Q04,votable,8,3,706,0.0,11.707,0.687395,0.833946,0.833474,76099.4,0.02,True,16
dachs-local,dachs,Q05,votable,32,1,609,0.0,9.746,3.230274,3.551217,3.550737,10533.9,0.02,True,16
dachs-local,dachs,Q05,votable,32,2,627,0.0,9.961,3.169995,3.526413,3.5259,10570.4,0.015,True,16
dachs-local,dachs,Q05,votable,32,3,610,0.0,9.703,3.248565,3.554513,3.554045,10757.5,0.015,True,16
dachs-local,dachs,Q05,votable,64,1,640,0.0,9.919,6.435252,6.758853,6.758342,10622.0,0.025,True,16
dachs-local,dachs,Q05,votable,64,2,640,0.0,9.995,6.393332,6.691257,6.690784,10460.5,0.02,True,16
dachs-local,dachs,Q05,votable,64,3,640,0.0,10.13,6.343433,6.645349,6.644897,10759.6,0.025,True,16
dachs-local,dachs,Q05,votable,8,1,559,0.0,9.205,0.848983,1.102842,1.102363,10570.8,0.01,True,16
dachs-local,dachs,Q05,votable,8,2,546,0.0,8.99,0.873575,1.136572,1.136091,10873.5,0.01,True,16
dachs-local,dachs,Q05,votable,8,3,557,0.0,9.169,0.842244,1.131536,1.130945,10633.4,0.015,True,16
dachs-local,dachs,Q06,votable,32,1,594,0.0,9.411,3.33082,3.699012,3.69852,91002.2,0.02,True,16
dachs-local,dachs,Q06,votable,32,2,596,0.0,9.478,3.336765,3.714627,3.714087,90009.7,0.02,True,16
dachs-local,dachs,Q06,votable,32,3,606,0.0,9.618,3.277267,3.587601,3.586956,88586.4,0.02,True,16
dachs-local,dachs,Q06,votable,64,1,635,0.0,9.574,6.655499,6.990478,6.989868,90776.7,0.025,True,16
dachs-local,dachs,Q06,votable,64,2,631,0.0,9.484,6.582696,7.049774,7.049257,90585.0,0.025,True,16
dachs-local,dachs,Q06,votable,64,3,624,0.0,9.396,6.654215,7.03772,7.037242,88646.9,0.02,True,16
dachs-local,dachs,Q06,votable,8,1,541,0.0,8.916,0.885683,1.163024,1.162504,89784.6,0.01,True,16
dachs-local,dachs,Q06,votable,8,2,537,0.0,8.844,0.87724,1.157888,1.157371,91167.2,0.01,True,16
dachs-local,dachs,Q06,votable,8,3,537,0.0,8.879,0.886673,1.172969,1.172502,89120.3,0.015,True,16
dachs-local,dachs,Q07,votable,32,1,576,0.0,9.308,3.426461,3.753859,3.753361,29516.6,0.015,True,16
dachs-local,dachs,Q07,votable,32,2,580,0.0,9.262,3.412409,3.767289,3.766958,31312.3,0.02,True,16
dachs-local,dachs,Q07,votable,32,3,577,0.0,9.2,3.453376,3.773538,3.773055,30004.1,0.015,True,16
dachs-local,dachs,Q07,votable,64,1,631,0.0,9.518,6.667575,6.970176,6.969694,29170.3,0.02,True,16
dachs-local,dachs,Q07,votable,64,2,590,0.0,8.856,6.789596,7.201234,7.200712,31201.7,0.02,True,16
dachs-local,dachs,Q07,votable,64,3,580,0.0,8.77,6.834692,7.339333,7.338909,29969.9,0.025,True,16
dachs-local,dachs,Q07,votable,8,1,523,0.0,8.622,0.919465,1.145596,1.145117,29088.1,0.01,True,16
dachs-local,dachs,Q07,votable,8,2,517,0.0,8.523,0.917548,1.145817,1.14528,31018.9,0.015,True,16
dachs-local,dachs,Q07,votable,8,3,523,0.0,8.618,0.917636,1.103601,1.103072,30324.0,0.01,True,16
dachs-local,dachs,Q10,votable,32,1,640,0.0,10.43,3.077722,3.316348,3.311977,353752.5,0.02,True,16
dachs-local,dachs,Q10,votable,32,2,640,0.0,10.238,3.123049,3.400126,3.398979,353848.3,0.02,True,16
dachs-local,dachs,Q10,votable,32,3,640,0.0,10.246,3.087891,3.363647,3.361416,353698.2,0.025,True,16
dachs-local,dachs,Q10,votable,64,1,641,0.0,10.348,6.120858,6.437866,6.432706,353728.2,0.035,True,16
dachs-local,dachs,Q10,votable,64,2,640,0.0,10.197,6.257191,6.616221,6.613091,353873.2,0.03,True,16
dachs-local,dachs,Q10,votable,64,3,641,0.0,9.937,6.156815,6.424619,6.42364,353729.5,0.025,True,16
dachs-local,dachs,Q10,votable,8,1,640,0.0,10.575,0.759568,0.923318,0.922255,353922.2,0.015,True,16
dachs-local,dachs,Q10,votable,8,2,640,0.0,10.591,0.759541,0.921773,0.914263,353724.6,0.015,True,16
dachs-local,dachs,Q10,votable,8,3,639,0.0,10.595,0.765497,0.916826,0.913085,353702.8,0.015,True,16
dachs-local,dachs,Q11,votable,32,1,290,0.0,4.467,7.429759,10.641416,8.597783,3498085.6,0.035,True,16
dachs-local,dachs,Q11,votable,32,2,278,0.0,4.462,7.365082,11.573029,9.430451,3498203.0,0.03,True,16
dachs-local,dachs,Q11,votable,32,3,304,0.0,4.54,7.008732,9.857765,8.377703,3498277.8,0.03,True,16
dachs-local,dachs,Q11,votable,64,1,291,0.0,4.543,14.297469,21.195876,19.52986,3498802.3,0.065,True,16
dachs-local,dachs,Q11,votable,64,2,289,0.0,4.586,13.670215,22.419929,18.816398,3498306.7,0.06,True,16
dachs-local,dachs,Q11,votable,64,3,317,0.0,4.546,15.166522,23.474164,18.70619,3498452.4,0.06,True,16
dachs-local,dachs,Q11,votable,8,1,266,0.0,4.355,1.971669,2.387577,2.168159,3498201.4,0.02,True,16
dachs-local,dachs,Q11,votable,8,2,270,0.0,4.375,1.940579,2.287902,2.118607,3500096.7,0.02,True,16
dachs-local,dachs,Q11,votable,8,3,231,0.0,3.736,2.028821,4.143883,3.822394,3498309.8,0.02,True,16
dachs-local,dachs,Q12,votable,32,1,630,0.0,10.002,3.147391,3.496221,3.495727,6302.3,0.015,True,16
dachs-local,dachs,Q12,votable,32,2,630,0.0,10.008,3.152857,3.510662,3.510203,6302.3,0.015,True,16
dachs-local,dachs,Q12,votable,32,3,630,0.0,10.036,3.159492,3.473504,3.473044,6302.3,0.02,True,16
dachs-local,dachs,Q12,votable,64,1,640,0.0,9.959,6.406467,6.962671,6.962188,6302.3,0.02,True,16
dachs-local,dachs,Q12,votable,64,2,640,0.0,9.799,6.454302,6.882262,6.881697,6302.3,0.02,True,16
dachs-local,dachs,Q12,votable,64,3,640,0.0,10.015,6.396425,6.735077,6.734576,6302.3,0.02,True,16
dachs-local,dachs,Q12,votable,8,1,551,0.0,9.101,0.857824,1.133931,1.133429,6302.3,0.015,True,16
dachs-local,dachs,Q12,votable,8,2,546,0.0,8.988,0.870422,1.137162,1.136693,6302.3,0.015,True,16
dachs-local,dachs,Q12,votable,8,3,545,0.0,8.975,0.863688,1.158406,1.157943,6302.3,0.01,True,16
dachs-local,dachs,Q13,votable,32,1,698,0.0,11.137,2.874916,3.152436,3.151973,5751.0,0.02,True,16
dachs-local,dachs,Q13,votable,32,2,697,0.0,11.17,2.851207,3.199331,3.198843,5751.0,0.015,True,16
dachs-local,dachs,Q13,votable,32,3,698,0.0,11.153,2.866768,3.178743,3.178233,5751.0,0.02,True,16
dachs-local,dachs,Q13,votable,64,1,705,0.0,10.772,5.659854,6.110812,6.109966,5751.0,0.02,True,16
dachs-local,dachs,Q13,votable,64,2,704,0.0,11.096,5.658923,6.065959,6.06549,5751.0,0.02,True,16
dachs-local,dachs,Q13,votable,64,3,704,0.0,11.128,5.740217,6.094801,6.0943,5751.0,0.025,True,16
dachs-local,dachs,Q13,votable,8,1,697,0.0,11.491,0.690491,0.97081,0.970333,5751.0,0.02,True,16
dachs-local,dachs,Q13,votable,8,2,689,0.0,11.385,0.703697,1.015863,1.015414,5751.0,0.015,True,16
dachs-local,dachs,Q13,votable,8,3,703,0.0,11.599,0.692105,0.961241,0.960785,5751.0,0.015,True,16
dachs-local,dachs,mix,votable,32,1,661,0.0,10.548,2.982184,3.549403,3.548837,59003.6,0.015,True,16
dachs-local,dachs,mix,votable,32,2,651,0.0,10.369,3.065333,3.568698,3.56821,53356.7,0.015,True,16
dachs-local,dachs,mix,votable,32,3,672,0.0,10.686,2.932684,3.48759,3.486069,57129.9,0.025,True,16
dachs-local,dachs,mix,votable,64,1,684,0.0,10.45,5.960294,6.622584,6.622145,59308.6,0.025,True,16
dachs-local,dachs,mix,votable,64,2,679,0.0,10.315,6.07283,6.668639,6.668191,52946.1,0.025,True,16
dachs-local,dachs,mix,votable,64,3,688,0.0,10.439,6.03647,6.633522,6.632973,56795.6,0.025,True,16
dachs-local,dachs,mix,votable,8,1,660,0.0,10.896,0.71541,1.174448,1.173986,58424.2,0.015,True,16
dachs-local,dachs,mix,votable,8,2,662,0.0,10.878,0.776331,1.13859,1.137946,58153.1,0.015,True,16
dachs-local,dachs,mix,votable,8,3,670,0.0,11.038,0.691535,1.191338,1.190888,58675.7,0.015,True,16
egernia-local,egernia,Q01,csv,32,1,20782,0.0,345.978,0.090286,0.120917,0.115914,1835.0,0.145,True,16
egernia-local,egernia,Q01,csv,32,2,20667,0.0,344.037,0.090812,0.119827,0.114114,1835.0,0.152,True,16
egernia-local,egernia,Q01,csv,32,3,20771,0.0,345.696,0.090593,0.121322,0.115933,1835.0,0.145,True,16
egernia-local,egernia,Q01,csv,64,1,19684,0.0,327.17,0.191904,0.243237,0.238089,1835.0,0.145,True,16
egernia-local,egernia,Q01,csv,64,2,19706,0.0,327.761,0.191233,0.243343,0.237732,1835.0,0.145,True,16
egernia-local,egernia,Q01,csv,64,3,19536,0.0,324.698,0.193613,0.279093,0.273288,1835.0,0.155,True,16
egernia-local,egernia,Q01,csv,8,1,22969,0.0,382.687,0.020179,0.027987,0.026532,1835.0,0.205,True,16
egernia-local,egernia,Q01,csv,8,2,23075,0.0,384.507,0.019306,0.032728,0.03118,1835.0,0.255,True,16
egernia-local,egernia,Q01,csv,8,3,23140,0.0,385.581,0.020034,0.027794,0.0263,1835.0,0.195,True,16
egernia-local,egernia,Q02,csv,32,1,16749,0.0,278.783,0.112875,0.156246,0.151001,38403.1,0.145,True,16
egernia-local,egernia,Q02,csv,32,2,16825,0.0,280.063,0.11196,0.148543,0.143132,38409.4,0.145,True,16
egernia-local,egernia,Q02,csv,32,3,16753,0.0,278.732,0.110906,0.1741,0.168536,38409.5,0.165,True,16
egernia-local,egernia,Q02,csv,64,1,15919,0.0,264.565,0.237582,0.292175,0.285563,38403.8,0.125,True,16
egernia-local,egernia,Q02,csv,64,2,15944,0.0,264.792,0.244029,0.325526,0.320648,38407.6,0.14,True,16
egernia-local,egernia,Q02,csv,64,3,15935,0.0,264.781,0.239306,0.307516,0.301782,38410.2,0.12,True,16
egernia-local,egernia,Q02,csv,8,1,16101,0.0,268.259,0.028673,0.041676,0.040067,38403.2,0.165,True,16
egernia-local,egernia,Q02,csv,8,2,15739,0.0,262.237,0.029273,0.044958,0.043086,38409.5,0.155,True,16
egernia-local,egernia,Q02,csv,8,3,16060,0.0,267.565,0.028664,0.041536,0.040053,38408.5,0.155,True,16
egernia-local,egernia,Q03,csv,32,1,15655,0.0,260.072,0.10536,0.256634,0.253729,25759.5,0.12,True,16
egernia-local,egernia,Q03,csv,32,2,15643,0.0,260.025,0.105378,0.256987,0.253782,25644.7,0.12,True,16
egernia-local,egernia,Q03,csv,32,3,15544,0.0,258.165,0.110595,0.263017,0.260235,25635.8,0.125,True,16
egernia-local,egernia,Q03,csv,64,1,15021,0.0,249.229,0.236434,0.389339,0.38591,25766.0,0.115,True,16
egernia-local,egernia,Q03,csv,64,2,14882,0.0,246.887,0.243977,0.39983,0.396515,25632.9,0.115,True,16
egernia-local,egernia,Q03,csv,64,3,14693,0.0,243.343,0.244293,0.39898,0.395383,25691.0,0.12,True,16
egernia-local,egernia,Q03,csv,8,1,11919,0.0,198.256,0.022074,0.155438,0.154418,25744.0,0.13,True,16
egernia-local,egernia,Q03,csv,8,2,11669,0.0,194.115,0.022613,0.157575,0.156623,25692.5,0.125,True,16
egernia-local,egernia,Q03,csv,8,3,11657,0.0,193.942,0.022445,0.156245,0.155503,25618.0,0.125,True,16
egernia-local,egernia,Q04,csv,32,1,15401,0.0,256.208,0.123851,0.177544,0.172102,60016.7,0.125,True,16
egernia-local,egernia,Q04,csv,32,2,15349,0.0,255.406,0.123261,0.159872,0.154429,60013.9,0.12,True,16
egernia-local,egernia,Q04,csv,32,3,15303,0.0,254.714,0.1236,0.160954,0.155571,60020.7,0.12,True,16
egernia-local,egernia,Q04,csv,64,1,14766,0.0,244.752,0.235983,0.38072,0.373588,60015.7,0.13,True,16
egernia-local,egernia,Q04,csv,64,2,14658,0.0,243.347,0.258461,0.311029,0.305057,60021.2,0.12,True,16
egernia-local,egernia,Q04,csv,64,3,14780,0.0,245.454,0.25865,0.326497,0.320981,60021.2,0.115,True,16
egernia-local,egernia,Q04,csv,8,1,13205,0.0,219.943,0.035391,0.04952,0.047604,60013.5,0.125,True,16
egernia-local,egernia,Q04,csv,8,2,13290,0.0,221.366,0.0351,0.04963,0.047644,60024.7,0.125,True,16
egernia-local,egernia,Q04,csv,8,3,13651,0.0,227.419,0.034251,0.045208,0.043509,60017.9,0.13,True,16
egernia-local,egernia,Q05,csv,32,1,18971,0.0,315.776,0.099102,0.139032,0.133624,3884.1,0.14,True,16
egernia-local,egernia,Q05,csv,32,2,18914,0.0,314.921,0.099406,0.13257,0.127066,3887.8,0.145,True,16
egernia-local,egernia,Q05,csv,32,3,18957,0.0,315.487,0.098812,0.152388,0.147049,3861.2,0.19,True,16
egernia-local,egernia,Q05,csv,64,1,17972,0.0,298.834,0.209227,0.263341,0.257682,3882.2,0.12,True,16
egernia-local,egernia,Q05,csv,64,2,17901,0.0,297.716,0.209636,0.265899,0.260422,3890.6,0.125,True,16
egernia-local,egernia,Q05,csv,64,3,17955,0.0,298.384,0.209721,0.258997,0.253537,3856.6,0.12,True,16
egernia-local,egernia,Q05,csv,8,1,20027,0.0,333.682,0.022876,0.036378,0.034551,3861.4,0.16,True,16
egernia-local,egernia,Q05,csv,8,2,20356,0.0,339.092,0.022664,0.031859,0.030363,3867.6,0.18,True,16
egernia-local,egernia,Q05,csv,8,3,20347,0.0,339.017,0.022707,0.032253,0.030759,3864.8,0.195,True,16
egernia-local,egernia,Q06,csv,32,1,15471,0.0,257.454,0.122224,0.17029,0.160205,71389.2,0.14,True,16
egernia-local,egernia,Q06,csv,32,2,15454,0.0,257.081,0.121863,0.159589,0.148871,71268.0,0.125,True,16
egernia-local,egernia,Q06,csv,32,3,15468,0.0,257.39,0.121857,0.179679,0.1697,71589.4,0.15,True,16
egernia-local,egernia,Q06,csv,64,1,14699,0.0,244.24,0.25882,0.322387,0.310989,71548.9,0.115,True,16
egernia-local,egernia,Q06,csv,64,2,14802,0.0,245.577,0.260107,0.333467,0.323682,71206.0,0.125,True,16
egernia-local,egernia,Q06,csv,64,3,14717,0.0,244.194,0.258181,0.326623,0.315628,71939.0,0.115,True,16
egernia-local,egernia,Q06,csv,8,1,14464,0.0,240.966,0.032086,0.048764,0.045615,71314.1,0.165,True,16
egernia-local,egernia,Q06,csv,8,2,13530,0.0,225.399,0.035519,0.055422,0.051452,71173.9,0.155,True,16
egernia-local,egernia,Q06,csv,8,3,13511,0.0,225.021,0.035565,0.055234,0.051413,71118.9,0.155,True,16
egernia-local,egernia,Q07,csv,32,1,17883,0.0,297.672,0.105065,0.137688,0.132179,20020.2,0.14,True,16
egernia-local,egernia,Q07,csv,32,2,17881,0.0,297.673,0.104945,0.13767,0.132095,20086.9,0.135,True,16
egernia-local,egernia,Q07,csv,32,3,17843,0.0,296.964,0.105954,0.145771,0.140798,20231.4,0.15,True,16
egernia-local,egernia,Q07,csv,64,1,16987,0.0,282.406,0.221904,0.274744,0.268632,19989.0,0.13,True,16
egernia-local,egernia,Q07,csv,64,2,16850,0.0,279.995,0.227212,0.306074,0.300352,20134.6,0.135,True,16
egernia-local,egernia,Q07,csv,64,3,16933,0.0,281.315,0.223056,0.286202,0.280704,20158.0,0.13,True,16
egernia-local,egernia,Q07,csv,8,1,16684,0.0,277.94,0.029288,0.046413,0.044252,19969.9,0.125,True,16
egernia-local,egernia,Q07,csv,8,2,17827,0.0,297.044,0.025928,0.040728,0.038893,19948.9,0.17,True,16
egernia-local,egernia,Q07,csv,8,3,17788,0.0,296.317,0.025995,0.040806,0.038951,20176.6,0.2,True,16
egernia-local,egernia,Q10,csv,32,1,10082,0.0,167.623,0.187881,0.24847,0.214828,298541.6,0.13,True,16
egernia-local,egernia,Q10,csv,32,2,10083,0.0,167.662,0.188225,0.240989,0.206169,298498.2,0.12,True,16
egernia-local,egernia,Q10,csv,32,3,10120,0.0,168.221,0.187688,0.25465,0.222809,298621.9,0.145,True,16
egernia-local,egernia,Q10,csv,64,1,9739,0.0,161.476,0.393803,0.479525,0.440873,298529.6,0.115,True,16
egernia-local,egernia,Q10,csv,64,2,9722,0.0,161.219,0.392628,0.469328,0.42666,298500.2,0.105,True,16
egernia-local,egernia,Q10,csv,64,3,9796,0.0,162.396,0.39193,0.502378,0.462836,298629.4,0.125,True,16
egernia-local,egernia,Q10,csv,8,1,8647,0.0,144.019,0.054463,0.074499,0.066461,298561.5,0.14,True,16
egernia-local,egernia,Q10,csv,8,2,8170,0.0,136.05,0.059743,0.082495,0.072452,298446.1,0.135,True,16
egernia-local,egernia,Q10,csv,8,3,7346,0.0,122.296,0.068403,0.08787,0.07597,298610.3,0.135,True,16
egernia-local,egernia,Q11,csv,32,1,1943,0.0,31.942,0.984894,1.293022,0.752383,2995883.8,0.11,True,16
egernia-local,egernia,Q11,csv,32,2,1850,0.0,30.365,1.27311,1.807208,1.085223,2996466.3,0.155,True,16
egernia-local,egernia,Q11,csv,32,3,1908,0.0,31.57,1.004875,1.25985,0.780011,2995904.6,0.11,True,16
egernia-local,egernia,Q11,csv,64,1,1874,0.0,30.623,2.077373,2.810649,2.121305,2995792.9,0.125,True,16
egernia-local,egernia,Q11,csv,64,2,1921,0.0,31.325,2.021293,2.509966,1.659096,2995191.6,0.11,True,16
egernia-local,egernia,Q11,csv,64,3,1926,0.0,31.52,2.026087,2.418967,1.600385,2996122.7,0.135,True,16
egernia-local,egernia,Q11,csv,8,1,1401,0.0,23.236,0.34291,0.420123,0.363328,2995696.9,0.09,True,16
egernia-local,egernia,Q11,csv,8,2,1225,0.0,20.253,0.403027,0.503426,0.408916,2995330.1,0.085,True,16
egernia-local,egernia,Q11,csv,8,3,1424,0.0,23.617,0.338312,0.416089,0.356865,2995536.4,0.085,True,16
egernia-local,egernia,Q12,csv,32,1,19269,0.0,320.827,0.097575,0.130191,0.124784,109.0,0.15,True,16
egernia-local,egernia,Q12,csv,32,2,19308,0.0,321.317,0.097497,0.130164,0.124792,109.0,0.135,True,16
egernia-local,egernia,Q12,csv,32,3,19239,0.0,320.324,0.097441,0.128323,0.122864,109.0,0.14,True,16
egernia-local,egernia,Q12,csv,64,1,18308,0.0,304.484,0.205576,0.255683,0.250073,109.0,0.13,True,16
egernia-local,egernia,Q12,csv,64,2,18358,0.0,305.293,0.204981,0.256581,0.250749,109.0,0.13,True,16
egernia-local,egernia,Q12,csv,64,3,18153,0.0,301.734,0.211202,0.289484,0.284154,109.0,0.15,True,16
egernia-local,egernia,Q12,csv,8,1,20909,0.0,348.412,0.022113,0.031083,0.029504,109.0,0.18,True,16
egernia-local,egernia,Q12,csv,8,2,21026,0.0,350.344,0.022026,0.030803,0.029291,109.0,0.185,True,16
egernia-local,egernia,Q12,csv,8,3,20432,0.0,340.417,0.022398,0.035583,0.033751,109.0,0.19,True,16
egernia-local,egernia,Q13,csv,32,1,1300,0.0,21.163,1.469512,2.250655,2.249809,2264.0,0.025,True,16
egernia-local,egernia,Q13,csv,32,2,1296,0.0,21.215,1.500863,2.181174,2.180697,2264.4,0.03,True,16
egernia-local,egernia,Q13,csv,32,3,1299,0.0,21.237,1.484591,2.083219,2.082656,2264.2,0.025,True,16
egernia-local,egernia,Q13,csv,64,1,1325,0.0,21.25,2.987601,3.548944,3.548295,2264.1,0.035,True,16
egernia-local,egernia,Q13,csv,64,2,1334,0.0,21.248,2.939849,3.698822,3.698227,2264.2,0.03,True,16
egernia-local,egernia,Q13,csv,64,3,1330,0.0,21.197,3.001123,3.52258,3.519344,2264.5,0.035,True,16
egernia-local,egernia,Q13,csv,8,1,1253,0.0,20.775,0.380903,0.531338,0.530636,2264.0,0.03,True,16
egernia-local,egernia,Q13,csv,8,2,1243,0.0,20.624,0.384244,0.521237,0.520672,2264.8,0.015,True,16
egernia-local,egernia,Q13,csv,8,3,1258,0.0,20.853,0.379123,0.523757,0.523313,2264.4,0.02,True,16
egernia-local,egernia,mix,csv,32,1,16592,0.0,275.873,0.110565,0.166285,0.154094,42336.8,0.125,True,16
egernia-local,egernia,mix,csv,32,2,16521,0.0,274.57,0.112003,0.173322,0.162918,42229.5,0.13,True,16
egernia-local,egernia,mix,csv,32,3,16423,0.0,273.082,0.111655,0.165285,0.153422,43436.0,0.135,True,16
egernia-local,egernia,mix,csv,64,1,15581,0.0,258.808,0.240096,0.325991,0.31648,42273.1,0.12,True,16
egernia-local,egernia,mix,csv,64,2,15603,0.0,259.199,0.240416,0.324694,0.316107,42113.7,0.125,True,16
egernia-local,egernia,mix,csv,64,3,15585,0.0,259.036,0.240006,0.328458,0.318298,43246.6,0.115,True,16
egernia-local,egernia,mix,csv,8,1,15563,0.0,259.23,0.026694,0.052299,0.048798,43034.4,0.155,True,16
egernia-local,egernia,mix,csv,8,2,15989,0.0,266.173,0.025615,0.051387,0.047667,42762.1,0.155,True,16
egernia-local,egernia,mix,csv,8,3,15985,0.0,266.316,0.025565,0.051347,0.047893,43183.5,0.165,True,16
egernia-local,egernia,Q01,votable,32,1,20721,0.0,345.03,0.090692,0.12156,0.115961,2682.0,0.15,True,16
egernia-local,egernia,Q01,votable,32,2,20707,0.0,344.666,0.09088,0.120631,0.115715,2682.0,0.155,True,16
egernia-local,egernia,Q01,votable,32,3,20778,0.0,345.879,0.090436,0.12177,0.116191,2682.0,0.15,True,16
egernia-local,egernia,Q01,votable,64,1,19590,0.0,325.877,0.19269,0.245544,0.239955,2682.0,0.16,True,16
egernia-local,egernia,Q01,votable,64,2,19605,0.0,326.034,0.191858,0.238048,0.232646,2682.0,0.135,True,16
egernia-local,egernia,Q01,votable,64,3,19610,0.0,326.005,0.194012,0.25795,0.252317,2682.0,0.15,True,16
egernia-local,egernia,Q01,votable,8,1,23172,0.0,386.109,0.018898,0.03289,0.031226,2682.0,0.21,True,16
egernia-local,egernia,Q01,votable,8,2,23061,0.0,384.13,0.020064,0.028015,0.026631,2682.0,0.19,True,16
egernia-local,egernia,Q01,votable,8,3,22631,0.0,377.037,0.020531,0.039627,0.03764,2682.0,0.245,True,16
egernia-local,egernia,Q02,votable,32,1,16476,0.0,274.161,0.114396,0.152979,0.147613,52516.5,0.12,True,16
egernia-local,egernia,Q02,votable,32,2,16518,0.0,274.893,0.113854,0.149063,0.143202,52523.9,0.12,True,16
egernia-local,egernia,Q02,votable,32,3,16521,0.0,274.898,0.114216,0.150514,0.14573,52523.0,0.125,True,16
egernia-local,egernia,Q02,votable,64,1,15724,0.0,261.272,0.240521,0.294404,0.288397,52517.2,0.12,True,16
egernia-local,egernia,Q02,votable,64,2,15694,0.0,260.734,0.241782,0.303499,0.297937,52521.9,0.115,True,16
egernia-local,egernia,Q02,votable,64,3,15673,0.0,260.51,0.242137,0.303841,0.298175,52523.8,0.115,True,16
egernia-local,egernia,Q02,votable,8,1,15867,0.0,264.372,0.029042,0.042184,0.040874,52517.7,0.145,True,16
egernia-local,egernia,Q02,votable,8,2,15490,0.0,258.09,0.029958,0.044594,0.042959,52523.5,0.15,True,16
egernia-local,egernia,Q02,votable,8,3,15398,0.0,256.539,0.029971,0.045719,0.044013,52522.5,0.155,True,16
egernia-local,egernia,Q03,votable,32,1,15478,0.0,257.076,0.117564,0.267658,0.265023,35816.0,0.13,True,16
egernia-local,egernia,Q03,votable,32,2,15466,0.0,256.992,0.103519,0.253869,0.251144,35670.6,0.135,True,16
egernia-local,egernia,Q03,votable,32,3,15451,0.0,256.592,0.104086,0.256288,0.253674,35684.9,0.125,True,16
egernia-local,egernia,Q03,votable,64,1,14788,0.0,245.385,0.24095,0.39322,0.389578,35817.5,0.13,True,16
egernia-local,egernia,Q03,votable,64,2,14752,0.0,244.543,0.252009,0.407986,0.404511,35656.0,0.115,True,16
egernia-local,egernia,Q03,votable,64,3,14759,0.0,244.793,0.25276,0.408535,0.405029,35747.2,0.125,True,16
egernia-local,egernia,Q03,votable,8,1,11629,0.0,193.447,0.023145,0.157179,0.156241,35828.0,0.12,True,16
egernia-local,egernia,Q03,votable,8,2,11567,0.0,192.459,0.022937,0.156963,0.155998,35728.5,0.125,True,16
egernia-local,egernia,Q03,votable,8,3,11576,0.0,192.512,0.022856,0.157193,0.156156,35705.3,0.12,True,16
egernia-local,egernia,Q04,votable,32,1,14831,0.0,246.804,0.127474,0.167438,0.156877,81043.5,0.135,True,16
egernia-local,egernia,Q04,votable,32,2,14764,0.0,245.726,0.128362,0.176255,0.164696,81038.4,0.135,True,16
egernia-local,egernia,Q04,votable,32,3,14745,0.0,245.304,0.128886,0.184739,0.174974,81034.6,0.15,True,16
egernia-local,egernia,Q04,votable,64,1,14105,0.0,234.301,0.268453,0.326523,0.314576,81042.0,0.115,True,16
egernia-local,egernia,Q04,votable,64,2,14014,0.0,232.781,0.270306,0.330945,0.318645,81049.2,0.115,True,16
egernia-local,egernia,Q04,votable,64,3,14056,0.0,233.413,0.269816,0.327292,0.314361,81042.9,0.115,True,16
egernia-local,egernia,Q04,votable,8,1,13100,0.0,218.214,0.035715,0.047299,0.044282,81036.9,0.145,True,16
egernia-local,egernia,Q04,votable,8,2,12778,0.0,212.868,0.036493,0.051266,0.048019,81042.1,0.15,True,16
egernia-local,egernia,Q04,votable,8,3,12780,0.0,212.911,0.036478,0.051475,0.047981,81038.8,0.145,True,16
egernia-local,egernia,Q05,votable,32,1,18915,0.0,314.846,0.0997,0.132443,0.127511,6940.6,0.14,True,16
egernia-local,egernia,Q05,votable,32,2,18859,0.0,313.864,0.099554,0.130964,0.125181,6935.2,0.13,True,16
egernia-local,egernia,Q05,votable,32,3,18772,0.0,312.497,0.10028,0.146816,0.141532,6917.5,0.135,True,16
egernia-local,egernia,Q05,votable,64,1,17882,0.0,297.399,0.210215,0.262839,0.256538,6936.1,0.125,True,16
egernia-local,egernia,Q05,votable,64,2,17682,0.0,293.994,0.213651,0.271901,0.265869,6962.8,0.135,True,16
egernia-local,egernia,Q05,votable,64,3,17611,0.0,292.841,0.213892,0.264658,0.258484,6913.7,0.125,True,16
egernia-local,egernia,Q05,votable,8,1,18731,0.0,312.057,0.026896,0.042466,0.040413,6922.6,0.195,True,16
egernia-local,egernia,Q05,votable,8,2,19895,0.0,331.502,0.023007,0.036398,0.03474,6892.4,0.18,True,16
egernia-local,egernia,Q05,votable,8,3,19863,0.0,330.992,0.023072,0.036248,0.034524,6911.8,0.175,True,16
egernia-local,egernia,Q06,votable,32,1,15064,0.0,250.631,0.124344,0.19271,0.180777,96089.7,0.145,True,16
egernia-local,egernia,Q06,votable,32,2,15036,0.0,250.153,0.125301,0.168443,0.15515,95960.4,0.134,True,16
egernia-local,egernia,Q06,votable,32,3,14969,0.0,249.033,0.125857,0.169677,0.156198,96375.2,0.135,True,16
egernia-local,egernia,Q06,votable,64,1,14361,0.0,238.262,0.266872,0.358908,0.345441,96046.2,0.13,True,16
egernia-local,egernia,Q06,votable,64,2,14394,0.0,239.113,0.26284,0.375181,0.361498,95886.9,0.135,True,16
egernia-local,egernia,Q06,votable,64,3,14330,0.0,238.046,0.271539,0.371092,0.358234,96594.4,0.13,True,16
egernia-local,egernia,Q06,votable,8,1,14382,0.0,239.583,0.032389,0.04664,0.043279,95973.9,0.16,True,16
egernia-local,egernia,Q06,votable,8,2,13116,0.0,218.454,0.036477,0.057628,0.052682,95958.2,0.19,True,16
egernia-local,egernia,Q06,votable,8,3,14002,0.0,233.265,0.03315,0.051047,0.04711,95923.3,0.165,True,16
egernia-local,egernia,Q07,votable,32,1,17584,0.0,292.678,0.107086,0.14326,0.137129,28212.9,0.135,True,16
egernia-local,egernia,Q07,votable,32,2,17536,0.0,291.935,0.107089,0.143404,0.137463,28368.6,0.13,True,16
egernia-local,egernia,Q07,votable,32,3,17598,0.0,292.98,0.107007,0.142963,0.136661,28459.0,0.13,True,16
egernia-local,egernia,Q07,votable,64,1,16711,0.0,277.843,0.225867,0.280022,0.273546,28262.7,0.12,True,16
egernia-local,egernia,Q07,votable,64,2,16680,0.0,277.143,0.225788,0.280435,0.274032,28331.0,0.12,True,16
egernia-local,egernia,Q07,votable,64,3,16643,0.0,276.424,0.231509,0.294926,0.288926,28420.5,0.12,True,16
egernia-local,egernia,Q07,votable,8,1,17545,0.0,292.348,0.02637,0.041502,0.039461,28305.1,0.175,True,16
egernia-local,egernia,Q07,votable,8,2,18021,0.0,300.235,0.025814,0.037356,0.035494,28122.3,0.18,True,16
egernia-local,egernia,Q07,votable,8,3,17506,0.0,291.649,0.026451,0.041215,0.039339,28291.8,0.2,True,16
egernia-local,egernia,Q10,votable,32,1,9444,0.0,157.076,0.20141,0.260675,0.211172,396312.2,0.12,True,16
egernia-local,egernia,Q10,votable,32,2,9447,0.0,157.025,0.200215,0.278331,0.229016,396253.0,0.125,True,16
egernia-local,egernia,Q10,votable,32,3,9387,0.0,156.038,0.202586,0.265639,0.219426,396372.2,0.12,True,16
egernia-local,egernia,Q10,votable,64,1,9116,0.0,151.041,0.420019,0.560443,0.498396,396313.8,0.12,True,16
egernia-local,egernia,Q10,votable,64,2,9106,0.0,150.829,0.420241,0.509055,0.449185,396261.7,0.11,True,16
egernia-local,egernia,Q10,votable,64,3,9108,0.0,150.95,0.419302,0.504522,0.449337,396358.9,0.12,True,16
egernia-local,egernia,Q10,votable,8,1,8056,0.0,134.181,0.058529,0.079847,0.069291,396291.6,0.125,True,16
egernia-local,egernia,Q10,votable,8,2,7996,0.0,133.179,0.059031,0.080785,0.07018,396226.0,0.135,True,16
egernia-local,egernia,Q10,votable,8,3,8016,0.0,133.478,0.059028,0.080182,0.070209,396366.5,0.13,True,16
egernia-local,egernia,Q11,votable,32,1,1545,0.0,25.424,1.21802,1.911452,1.281815,3957625.6,0.115,True,16
egernia-local,egernia,Q11,votable,32,2,1693,0.0,27.908,1.130849,1.577632,0.975352,3956343.6,0.12,True,16
egernia-local,egernia,Q11,votable,32,3,1534,0.0,25.259,1.236011,1.88824,1.334372,3957152.0,0.115,True,16
egernia-local,egernia,Q11,votable,64,1,1659,0.0,26.721,2.301152,3.1533,2.388045,3957287.3,0.13,True,16
egernia-local,egernia,Q11,votable,64,2,1590,0.0,25.612,2.23452,4.057658,3.024954,3957425.5,0.135,True,16
egernia-local,egernia,Q11,votable,64,3,1575,0.0,25.453,2.249813,4.096315,2.997068,3957691.5,0.135,True,16
egernia-local,egernia,Q11,votable,8,1,1229,0.0,20.396,0.38668,0.491524,0.413149,3957203.2,0.105,True,16
egernia-local,egernia,Q11,votable,8,2,1259,0.0,20.857,0.377119,0.480835,0.393592,3956441.8,0.1,True,16
egernia-local,egernia,Q11,votable,8,3,1239,0.0,20.57,0.387578,0.484128,0.406282,3957147.4,0.1,True,16
egernia-local,egernia,Q12,votable,32,1,18958,0.0,315.611,0.098901,0.153058,0.147687,1943.0,0.135,True,16
egernia-local,egernia,Q12,votable,32,2,18910,0.0,314.875,0.099094,0.13079,0.125363,1943.0,0.15,True,16
egernia-local,egernia,Q12,votable,32,3,18920,0.0,314.816,0.099392,0.152152,0.14685,1943.0,0.145,True,16
egernia-local,egernia,Q12,votable,64,1,17802,0.0,295.773,0.215955,0.294854,0.289379,1943.0,0.14,True,16
egernia-local,egernia,Q12,votable,64,2,17941,0.0,298.358,0.209756,0.264848,0.258684,1943.0,0.135,True,16
egernia-local,egernia,Q12,votable,64,3,17920,0.0,298.007,0.211114,0.267604,0.261773,1943.0,0.13,True,16
egernia-local,egernia,Q12,votable,8,1,20156,0.0,335.852,0.022659,0.035962,0.034294,1943.0,0.2,True,16
egernia-local,egernia,Q12,votable,8,2,20157,0.0,335.845,0.022727,0.035972,0.034176,1943.0,0.19,True,16
egernia-local,egernia,Q12,votable,8,3,20179,0.0,336.166,0.022801,0.035783,0.034105,1943.0,0.2,True,16
egernia-local,egernia,Q13,votable,32,1,1279,0.0,20.795,1.457404,2.302758,2.302292,4628.1,0.025,True,16
egernia-local,egernia,Q13,votable,32,2,1273,0.0,20.808,1.522147,1.924672,1.92406,4628.4,0.025,True,16
egernia-local,egernia,Q13,votable,32,3,1279,0.0,20.88,1.518312,2.043451,2.041867,4628.3,0.025,True,16
egernia-local,egernia,Q13,votable,64,1,1316,0.0,20.852,3.035396,3.719441,3.718837,4627.8,0.035,True,16
egernia-local,egernia,Q13,votable,64,2,1303,0.0,20.78,3.070417,3.494954,3.494374,4628.3,0.035,True,16
egernia-local,egernia,Q13,votable,64,3,1305,0.0,20.739,2.80495,4.054101,4.049635,4628.4,0.03,True,16
egernia-local,egernia,Q13,votable,8,1,1251,0.0,20.747,0.380405,0.531,0.530363,4627.9,0.025,True,16
egernia-local,egernia,Q13,votable,8,2,1238,0.0,20.54,0.386753,0.534387,0.533755,4628.9,0.025,True,16
egernia-local,egernia,Q13,votable,8,3,1247,0.0,20.711,0.384324,0.529973,0.529409,4628.4,0.025,True,16
egernia-local,egernia,mix,votable,32,1,16117,0.0,268.226,0.113412,0.176913,0.159293,57971.0,0.13,True,16
egernia-local,egernia,mix,votable,32,2,16105,0.0,267.603,0.113307,0.173887,0.156287,57472.1,0.13,True,16
egernia-local,egernia,mix,votable,32,3,16094,0.0,267.388,0.114915,0.181264,0.166313,58924.9,0.13,True,16
egernia-local,egernia,mix,votable,64,1,15359,0.0,254.823,0.245296,0.331576,0.318582,57327.4,0.12,True,16
egernia-local,egernia,mix,votable,64,2,15288,0.0,253.295,0.252148,0.346222,0.333001,57785.8,0.135,True,16
egernia-local,egernia,mix,votable,64,3,15248,0.0,253.357,0.245717,0.332724,0.319361,58744.7,0.135,True,16
egernia-local,egernia,mix,votable,8,1,15496,0.0,258.181,0.026504,0.055261,0.050235,58616.1,0.165,True,16
egernia-local,egernia,mix,votable,8,2,15515,0.0,258.466,0.026553,0.055218,0.050624,58057.0,0.16,True,16
egernia-local,egernia,mix,votable,8,3,15496,0.0,257.755,0.0265,0.054776,0.049965,58852.2,0.17,True,16
dachs-local,dachs,Q01,csv,32,1,985,0.0,15.921,2.003945,2.1539,2.153434,978.0,0.02,True,24
dachs-local,dachs,Q01,csv,32,2,993,0.0,16.086,1.981006,2.143209,2.142571,978.0,0.02,True,24
dachs-local,dachs,Q01,csv,32,3,975,0.0,15.76,2.006015,2.170219,2.169732,978.0,0.02,True,24
dachs-local,dachs,Q01,csv,64,1,1016,0.0,15.968,3.997347,4.233875,4.233458,978.0,0.025,True,24
dachs-local,dachs,Q01,csv,64,2,1012,0.0,15.821,4.006922,4.19473,4.194218,978.0,0.025,True,24
dachs-local,dachs,Q01,csv,64,3,1022,0.0,16.043,3.982931,4.172113,4.171632,978.0,0.025,True,24
dachs-local,dachs,Q01,csv,8,1,1059,0.0,17.543,0.46353,0.555456,0.554993,978.0,0.015,True,24
dachs-local,dachs,Q01,csv,8,2,1066,0.0,17.679,0.461579,0.562065,0.561607,978.0,0.015,True,24
dachs-local,dachs,Q01,csv,8,3,1064,0.0,17.616,0.460888,0.549722,0.549124,978.0,0.02,True,24
dachs-local,dachs,Q02,csv,32,1,679,0.0,10.849,2.909466,3.113186,3.112753,37393.0,0.015,True,24
dachs-local,dachs,Q02,csv,32,2,672,0.0,10.844,2.925119,3.149335,3.148855,37411.8,0.025,True,24
dachs-local,dachs,Q02,csv,32,3,687,0.0,10.965,2.872927,3.150896,3.15053,37427.5,0.02,True,24
dachs-local,dachs,Q02,csv,64,1,705,0.0,10.869,5.774813,6.136604,6.136109,37407.9,0.025,True,24
dachs-local,dachs,Q02,csv,64,2,704,0.0,11.032,5.822474,6.060965,6.060452,37411.1,0.025,True,24
dachs-local,dachs,Q02,csv,64,3,704,0.0,11.013,5.765883,6.026635,6.026126,37428.4,0.025,True,24
dachs-local,dachs,Q02,csv,8,1,701,0.0,11.64,0.683846,0.872936,0.872456,37406.0,0.015,True,24
dachs-local,dachs,Q02,csv,8,2,702,0.0,11.605,0.68985,0.867121,0.866597,37407.9,0.015,True,24
dachs-local,dachs,Q02,csv,8,3,682,0.0,11.287,0.685021,0.845259,0.844799,37433.6,0.015,True,24
dachs-local,dachs,Q03,csv,32,1,711,0.0,11.391,2.759269,2.97813,2.977658,25851.2,0.02,True,24
dachs-local,dachs,Q03,csv,32,2,710,0.0,11.351,2.782952,2.990908,2.990292,25471.5,0.02,True,24
dachs-local,dachs,Q03,csv,32,3,715,0.0,11.451,2.761255,2.983722,2.98307,24865.9,0.025,True,24
dachs-local,dachs,Q03,csv,64,1,729,0.0,11.189,5.535341,5.77849,5.77801,25891.7,0.03,True,24
dachs-local,dachs,Q03,csv,64,2,723,0.0,11.084,5.546497,5.838002,5.837568,25494.5,0.025,True,24
dachs-local,dachs,Q03,csv,64,3,729,0.0,11.142,5.544529,5.796795,5.79625,24867.1,0.025,True,24
dachs-local,dachs,Q03,csv,8,1,730,0.0,12.105,0.669839,0.819828,0.819353,25333.5,0.015,True,24
dachs-local,dachs,Q03,csv,8,2,731,0.0,12.086,0.66869,0.825496,0.824983,25289.7,0.02,True,24
dachs-local,dachs,Q03,csv,8,3,728,0.0,12.037,0.664305,0.813727,0.813263,24856.4,0.015,True,24
dachs-local,dachs,Q04,csv,32,1,706,0.0,11.454,2.788683,2.997344,2.996816,58461.2,0.02,True,24
dachs-local,dachs,Q04,csv,32,2,704,0.0,11.438,2.79151,2.991486,2.991043,58456.0,0.02,True,24
dachs-local,dachs,Q04,csv,32,3,710,0.0,11.366,2.777772,2.985077,2.984365,58491.5,0.02,True,24
dachs-local,dachs,Q04,csv,64,1,709,0.0,10.878,5.635756,5.890329,5.889764,58465.7,0.03,True,24
dachs-local,dachs,Q04,csv,64,2,735,0.0,11.246,5.565255,5.964282,5.963731,58452.2,0.025,True,24
dachs-local,dachs,Q04,csv,64,3,707,0.0,11.11,5.571038,5.8996,5.899093,58498.7,0.025,True,24
dachs-local,dachs,Q04,csv,8,1,725,0.0,11.987,0.672683,0.815623,0.815139,58463.5,0.02,True,24
dachs-local,dachs,Q04,csv,8,2,726,0.0,11.998,0.667895,0.812425,0.811974,58444.4,0.015,True,24
dachs-local,dachs,Q04,csv,8,3,733,0.0,12.107,0.665013,0.805244,0.804662,58474.8,0.015,True,24
dachs-local,dachs,Q05,csv,32,1,674,0.0,10.82,2.921315,3.216835,3.21625,3764.7,0.02,True,24
dachs-local,dachs,Q05,csv,32,2,666,0.0,10.687,2.967977,3.269946,3.269376,3720.7,0.015,True,24
dachs-local,dachs,Q05,csv,32,3,673,0.0,10.9,2.890911,3.190679,3.190222,3851.2,0.02,True,24
dachs-local,dachs,Q05,csv,64,1,703,0.0,10.755,5.935236,6.319758,6.319269,3715.9,0.025,True,24
dachs-local,dachs,Q05,csv,64,2,704,0.0,10.896,5.849862,6.159983,6.159501,3659.9,0.025,True,24
dachs-local,dachs,Q05,csv,64,3,704,0.0,10.843,5.796063,6.34259,6.342097,3818.5,0.025,True,24
dachs-local,dachs,Q05,csv,8,1,580,0.0,9.544,0.819028,1.079185,1.078417,3719.6,0.015,True,24
dachs-local,dachs,Q05,csv,8,2,586,0.0,9.683,0.806399,1.046698,1.046232,3812.0,0.015,True,24
dachs-local,dachs,Q05,csv,8,3,577,0.0,9.506,0.810143,1.104207,1.103736,3748.0,0.01,True,24
dachs-local,dachs,Q06,csv,32,1,651,0.0,10.387,3.024365,3.279107,3.278576,70559.7,0.015,True,24
dachs-local,dachs,Q06,csv,32,2,642,0.0,10.258,3.065994,3.364824,3.364219,70498.1,0.02,True,24
dachs-local,dachs,Q06,csv,32,3,639,0.0,10.235,3.100547,3.417528,3.417069,68526.3,0.015,True,24
dachs-local,dachs,Q06,csv,64,1,641,0.0,9.848,6.125584,6.605366,6.604916,70506.3,0.02,True,24
dachs-local,dachs,Q06,csv,64,2,680,0.0,10.294,6.087406,6.456201,6.455733,70877.6,0.02,True,24
dachs-local,dachs,Q06,csv,64,3,641,0.0,9.767,6.192939,6.572443,6.571944,69186.2,0.02,True,24
dachs-local,dachs,Q06,csv,8,1,566,0.0,9.354,0.830897,1.096952,1.096437,70068.8,0.015,True,24
dachs-local,dachs,Q06,csv,8,2,566,0.0,9.36,0.835849,1.114827,1.11421,70935.8,0.01,True,24
dachs-local,dachs,Q06,csv,8,3,568,0.0,9.374,0.836104,1.071126,1.07056,68048.6,0.01,True,24
dachs-local,dachs,Q07,csv,32,1,612,0.0,9.813,3.195189,3.541251,3.540738,19340.3,0.02,True,24
dachs-local,dachs,Q07,csv,32,2,624,0.0,9.892,3.170984,3.428805,3.428246,20368.3,0.015,True,24
dachs-local,dachs,Q07,csv,32,3,611,0.0,9.723,3.222773,3.54736,3.546878,19727.2,0.015,True,24
dachs-local,dachs,Q07,csv,64,1,640,0.0,10.109,6.313157,6.69292,6.692308,19159.5,0.02,True,24
dachs-local,dachs,Q07,csv,64,2,640,0.0,9.984,6.396507,6.805571,6.805062,20575.1,0.02,True,24
dachs-local,dachs,Q07,csv,64,3,640,0.0,9.908,6.424244,6.837981,6.837545,19858.7,0.02,True,24
dachs-local,dachs,Q07,csv,8,1,550,0.0,9.069,0.863505,1.116456,1.115983,19304.7,0.015,True,24
dachs-local,dachs,Q07,csv,8,2,542,0.0,8.938,0.875651,1.11827,1.117794,20757.7,0.01,True,24
dachs-local,dachs,Q07,csv,8,3,556,0.0,9.138,0.855774,1.080279,1.079789,19558.7,0.015,True,24
dachs-local,dachs,Q10,csv,32,1,640,0.0,10.228,3.118475,3.363024,3.362347,290613.3,0.02,True,24
dachs-local,dachs,Q10,csv,32,2,636,0.0,10.144,3.143878,3.345604,3.343065,290651.9,0.02,True,24
dachs-local,dachs,Q10,csv,32,3,639,0.0,10.274,3.113046,3.363333,3.358782,290587.0,0.02,True,24
dachs-local,dachs,Q10,csv,64,1,641,0.0,9.76,6.263347,6.602337,6.599545,290612.0,0.025,True,24
dachs-local,dachs,Q10,csv,64,2,640,0.0,10.183,6.298373,6.624282,6.623591,290749.9,0.035,True,24
dachs-local,dachs,Q10,csv,64,3,640,0.0,10.082,6.270411,6.641419,6.633731,290611.6,0.03,True,24
dachs-local,dachs,Q10,csv,8,1,646,0.0,10.656,0.753409,0.930635,0.929934,290760.3,0.015,True,24
dachs-local,dachs,Q10,csv,8,2,642,0.0,10.631,0.761505,0.922272,0.920915,290596.1,0.015,True,24
dachs-local,dachs,Q10,csv,8,3,643,0.0,10.592,0.757226,0.923348,0.921786,290558.4,0.015,True,24
dachs-local,dachs,Q11,csv,32,1,264,0.0,4.116,8.125861,12.038866,10.267143,2918833.8,0.03,True,24
dachs-local,dachs,Q11,csv,32,2,262,0.0,3.852,8.106567,12.686643,10.110201,2919122.9,0.03,True,24
dachs-local,dachs,Q11,csv,32,3,265,0.0,4.13,8.245468,12.839399,10.754862,2918410.2,0.03,True,24
dachs-local,dachs,Q11,csv,64,1,316,0.0,4.057,14.089336,25.48195,19.204773,2917858.3,0.055,True,24
dachs-local,dachs,Q11,csv,64,2,303,0.0,4.217,14.057285,22.202109,14.560271,2918767.5,0.05,True,24
dachs-local,dachs,Q11,csv,64,3,255,0.0,4.144,16.338626,26.894129,19.100193,2918208.4,0.05,True,24
dachs-local,dachs,Q11,csv,8,1,232,0.0,3.83,2.120856,2.959668,2.6606,2919662.3,0.015,True,24
dachs-local,dachs,Q11,csv,8,2,246,0.0,3.978,2.058761,2.498318,2.313188,2918950.9,0.02,True,24
dachs-local,dachs,Q11,csv,8,3,245,0.0,3.998,2.201765,2.563879,2.449699,2918463.2,0.015,True,24
dachs-local,dachs,Q12,csv,32,1,671,0.0,10.719,2.954922,3.309519,3.308954,110.0,0.015,True,24
dachs-local,dachs,Q12,csv,32,2,674,0.0,10.75,2.920828,3.198237,3.197686,110.0,0.02,True,24
dachs-local,dachs,Q12,csv,32,3,672,0.0,10.855,2.930483,3.300576,3.300093,110.0,0.02,True,24
dachs-local,dachs,Q12,csv,64,1,700,0.0,10.686,5.93283,6.27619,6.275685,110.0,0.02,True,24
dachs-local,dachs,Q12,csv,64,2,704,0.0,10.905,5.811189,6.248537,6.248124,110.0,0.02,True,24
dachs-local,dachs,Q12,csv,64,3,704,0.0,10.876,5.865259,6.208557,6.208012,110.0,0.02,True,24
dachs-local,dachs,Q12,csv,8,1,576,0.0,9.525,0.818151,1.108552,1.108031,110.0,0.015,True,24
dachs-local,dachs,Q12,csv,8,2,590,0.0,9.712,0.807526,1.051719,1.051168,110.0,0.01,True,24
dachs-local,dachs,Q12,csv,8,3,588,0.0,9.699,0.807456,1.063395,1.06287,110.0,0.015,True,24
dachs-local,dachs,Q13,csv,32,1,749,0.0,12.023,2.647982,2.945733,2.94534,2300.8,0.015,True,24
dachs-local,dachs,Q13,csv,32,2,737,0.0,11.828,2.695865,2.977262,2.976731,2301.1,0.02,True,24
dachs-local,dachs,Q13,csv,32,3,727,0.0,11.677,2.717988,3.033515,3.033094,2299.5,0.02,True,24
dachs-local,dachs,Q13,csv,64,1,766,0.0,11.831,5.372202,5.754807,5.754372,2300.6,0.025,True,24
dachs-local,dachs,Q13,csv,64,2,768,0.0,11.901,5.340892,5.738648,5.738097,2301.6,0.02,True,24
dachs-local,dachs,Q13,csv,64,3,764,0.0,11.795,5.371815,5.724256,5.723787,2299.5,0.025,True,24
dachs-local,dachs,Q13,csv,8,1,722,0.0,11.945,0.666232,0.949379,0.948962,2301.3,0.015,True,24
dachs-local,dachs,Q13,csv,8,2,746,0.0,12.332,0.656028,0.928296,0.927809,2300.3,0.015,True,24
dachs-local,dachs,Q13,csv,8,3,735,0.0,12.173,0.660157,0.926198,0.925764,2299.5,0.02,True,24
dachs-local,dachs,mix,csv,32,1,669,0.0,10.722,2.961169,3.482931,3.482382,43968.8,0.02,True,24
dachs-local,dachs,mix,csv,32,2,681,0.0,10.876,2.888346,3.43896,3.438445,39648.5,0.02,True,24
dachs-local,dachs,mix,csv,32,3,680,0.0,10.836,2.903682,3.415137,3.414676,42433.9,0.02,True,24
dachs-local,dachs,mix,csv,64,1,701,0.0,10.779,5.879316,6.48093,6.480316,43918.6,0.02,True,24
dachs-local,dachs,mix,csv,64,2,701,0.0,10.752,5.887992,6.489886,6.489388,39037.3,0.015,True,24
dachs-local,dachs,mix,csv,64,3,707,0.0,10.74,5.835984,6.407478,6.407012,42885.0,0.03,True,24
dachs-local,dachs,mix,csv,8,1,688,0.0,11.375,0.70127,1.129351,1.128916,43465.3,0.015,True,24
dachs-local,dachs,mix,csv,8,2,679,0.0,11.156,0.735425,1.110383,1.109906,44090.9,0.015,True,24
dachs-local,dachs,mix,csv,8,3,682,0.0,11.27,0.658207,1.14436,1.143819,43882.3,0.015,True,24
dachs-local,dachs,Q01,votable,32,1,963,0.0,15.672,2.022449,2.175299,2.174706,4706.0,0.025,True,24
dachs-local,dachs,Q01,votable,32,2,960,0.0,15.623,2.046039,2.170227,2.169755,4706.0,0.025,True,24
dachs-local,dachs,Q01,votable,32,3,960,0.0,15.604,2.035345,2.19897,2.198475,4706.0,0.025,True,24
dachs-local,dachs,Q01,votable,64,1,960,0.0,15.554,4.119266,4.334259,4.333857,4706.0,0.025,True,24
dachs-local,dachs,Q01,votable,64,2,963,0.0,15.15,4.110343,4.314787,4.314312,4706.0,0.025,True,24
dachs-local,dachs,Q01,votable,64,3,960,0.0,15.416,4.152034,4.336082,4.335479,4706.0,0.03,True,24
dachs-local,dachs,Q01,votable,8,1,1075,0.0,17.83,0.452062,0.543138,0.542628,4706.0,0.02,True,24
dachs-local,dachs,Q01,votable,8,2,1068,0.0,17.718,0.453702,0.556572,0.556064,4706.0,0.02,True,24
dachs-local,dachs,Q01,votable,8,3,1055,0.0,17.5,0.461416,0.564045,0.563438,4706.0,0.015,True,24
dachs-local,dachs,Q02,votable,32,1,672,0.0,10.906,2.944105,3.188704,3.188209,50847.4,0.02,True,24
dachs-local,dachs,Q02,votable,32,2,672,0.0,10.892,2.927026,3.150458,3.14996,50864.1,0.015,True,24
dachs-local,dachs,Q02,votable,32,3,673,0.0,10.841,2.933664,3.155633,3.15508,50889.7,0.02,True,24
dachs-local,dachs,Q02,votable,64,1,704,0.0,10.922,5.879047,6.155825,6.155291,50864.5,0.03,True,24
dachs-local,dachs,Q02,votable,64,2,704,0.0,10.966,5.855676,6.131722,6.131185,50869.5,0.03,True,24
dachs-local,dachs,Q02,votable,64,3,704,0.0,10.998,5.861648,6.130907,6.130419,50888.7,0.02,True,24
dachs-local,dachs,Q02,votable,8,1,689,0.0,11.394,0.702588,0.881149,0.880659,50859.6,0.015,True,24
dachs-local,dachs,Q02,votable,8,2,696,0.0,11.492,0.696078,0.876819,0.876383,50862.7,0.02,True,24
dachs-local,dachs,Q02,votable,8,3,687,0.0,11.371,0.706285,0.860748,0.860291,50900.6,0.015,True,24
dachs-local,dachs,Q03,votable,32,1,701,0.0,11.248,2.825746,3.057852,3.057336,37128.2,0.02,True,24
dachs-local,dachs,Q03,votable,32,2,701,0.0,11.183,2.842282,3.081367,3.080916,36619.4,0.02,True,24
dachs-local,dachs,Q03,votable,32,3,702,0.0,11.266,2.833539,3.068885,3.06841,35804.7,0.015,True,24
dachs-local,dachs,Q03,votable,64,1,704,0.0,11.282,5.691276,5.971751,5.971199,37242.6,0.025,True,24
dachs-local,dachs,Q03,votable,64,2,705,0.0,11.384,5.618869,5.926463,5.925988,36539.1,0.02,True,24
dachs-local,dachs,Q03,votable,64,3,704,0.0,11.303,5.616625,5.881451,5.88096,35877.2,0.03,True,24
dachs-local,dachs,Q03,votable,8,1,724,0.0,11.971,0.666267,0.826677,0.826206,36462.5,0.015,True,24
dachs-local,dachs,Q03,votable,8,2,719,0.0,11.895,0.674083,0.817923,0.817409,36427.2,0.015,True,24
dachs-local,dachs,Q03,votable,8,3,721,0.0,11.956,0.668813,0.833988,0.83354,35838.3,0.015,True,24
dachs-local,dachs,Q04,votable,32,1,704,0.0,11.326,2.824401,3.016649,3.016032,76079.2,0.02,True,24
dachs-local,dachs,Q04,votable,32,2,700,0.0,11.153,2.849038,3.041115,3.040767,76081.0,0.02,True,24
dachs-local,dachs,Q04,votable,32,3,700,0.0,11.124,2.845089,3.087713,3.087217,76134.1,0.02,True,24
dachs-local,dachs,Q04,votable,64,1,717,0.0,11.026,5.617399,5.898692,5.898228,76089.0,0.025,True,24
dachs-local,dachs,Q04,votable,64,2,704,0.0,11.225,5.689914,5.997645,5.997004,76059.8,0.025,True,24
dachs-local,dachs,Q04,votable,64,3,723,0.0,11.096,5.641537,5.971441,5.970902,76114.9,0.02,True,24
dachs-local,dachs,Q04,votable,8,1,726,0.0,12.034,0.667317,0.804862,0.804349,76088.0,0.015,True,24
dachs-local,dachs,Q04,votable,8,2,715,0.0,11.837,0.682991,0.823714,0.823264,76068.2,0.015,True,24
dachs-local,dachs,Q04,votable,8,3,719,0.0,11.908,0.67361,0.81688,0.816362,76101.2,0.015,True,24
dachs-local,dachs,Q05,votable,32,1,660,0.0,10.506,2.994298,3.316626,3.316162,10697.3,0.015,True,24
dachs-local,dachs,Q05,votable,32,2,666,0.0,10.569,2.991456,3.265791,3.265292,10574.9,0.015,True,24
dachs-local,dachs,Q05,votable,32,3,655,0.0,10.41,3.012408,3.352313,3.351802,10788.3,0.02,True,24
dachs-local,dachs,Q05,votable,64,1,689,0.0,10.497,5.996636,6.436947,6.4363,10590.7,0.025,True,24
dachs-local,dachs,Q05,votable,64,2,684,0.0,10.339,6.025108,6.355386,6.354806,10534.1,0.02,True,24
dachs-local,dachs,Q05,votable,64,3,683,0.0,10.367,6.026843,6.472923,6.472455,10806.7,0.025,True,24
dachs-local,dachs,Q05,votable,8,1,570,0.0,9.38,0.832931,1.064167,1.063672,10616.2,0.015,True,24
dachs-local,dachs,Q05,votable,8,2,584,0.0,9.646,0.816078,1.024179,1.023688,10751.9,0.01,True,24
dachs-local,dachs,Q05,votable,8,3,570,0.0,9.381,0.837749,1.082274,1.081777,10662.7,0.015,True,24
dachs-local,dachs,Q06,votable,32,1,634,0.0,10.099,3.142065,3.436808,3.436245,90666.8,0.015,True,24
dachs-local,dachs,Q06,votable,32,2,638,0.0,10.183,3.115582,3.501252,3.500765,90423.9,0.015,True,24
dachs-local,dachs,Q06,votable,32,3,636,0.0,10.119,3.123373,3.475345,3.47474,88147.8,0.02,True,24
dachs-local,dachs,Q06,votable,64,1,640,0.0,9.861,6.275622,7.97491,7.974548,90842.7,0.02,True,24
dachs-local,dachs,Q06,votable,64,2,642,0.0,9.824,6.248453,6.64748,6.647001,91052.7,0.025,True,24
dachs-local,dachs,Q06,votable,64,3,640,0.0,10.129,6.303898,6.629887,6.629361,88666.7,0.02,True,24
dachs-local,dachs,Q06,votable,8,1,557,0.0,9.167,0.857609,1.090526,1.090026,89648.6,0.01,True,24
dachs-local,dachs,Q06,votable,8,2,569,0.0,9.39,0.838739,1.082405,1.081676,91028.3,0.015,True,24
dachs-local,dachs,Q06,votable,8,3,570,0.0,9.389,0.832715,1.071026,1.070523,88321.8,0.015,True,24
dachs-local,dachs,Q07,votable,32,1,610,0.0,9.838,3.209183,3.487136,3.486675,29524.3,0.02,True,24
dachs-local,dachs,Q07,votable,32,2,608,0.0,9.779,3.257718,3.576798,3.576184,31100.2,0.015,True,24
dachs-local,dachs,Q07,votable,32,3,606,0.0,9.621,3.291547,3.63714,3.636661,29656.9,0.02,True,24
dachs-local,dachs,Q07,votable,64,1,640,0.0,9.817,6.474373,6.922851,6.922354,29303.2,0.025,True,24
dachs-local,dachs,Q07,votable,64,2,640,0.0,9.911,6.462646,6.844506,6.843963,30666.1,0.02,True,24
dachs-local,dachs,Q07,votable,64,3,640,0.0,9.868,6.410875,6.791004,6.790363,30161.6,0.02,True,24
dachs-local,dachs,Q07,votable,8,1,537,0.0,8.864,0.884385,1.136001,1.135431,29194.9,0.01,True,24
dachs-local,dachs,Q07,votable,8,2,544,0.0,8.945,0.87358,1.137793,1.137177,30984.4,0.015,True,24
dachs-local,dachs,Q07,votable,8,3,538,0.0,8.884,0.88068,1.122666,1.122079,29943.7,0.01,True,24
dachs-local,dachs,Q10,votable,32,1,640,0.0,10.318,3.078408,3.33327,3.328605,353746.5,0.025,True,24
dachs-local,dachs,Q10,votable,32,2,643,0.0,10.269,3.066428,3.316045,3.313983,353799.3,0.025,True,24
dachs-local,dachs,Q10,votable,32,3,645,0.0,10.242,3.039367,3.371713,3.368637,353713.4,0.015,True,24
dachs-local,dachs,Q10,votable,64,1,634,0.0,9.669,6.218536,8.641863,8.640854,353724.1,0.02,True,24
dachs-local,dachs,Q10,votable,64,2,644,0.0,10.099,6.144682,6.490894,6.487546,353907.9,0.025,True,24
dachs-local,dachs,Q10,votable,64,3,652,0.0,9.969,6.188763,6.478236,6.474098,353671.1,0.03,True,24
dachs-local,dachs,Q10,votable,8,1,643,0.0,10.608,0.761201,0.922731,0.919397,353946.8,0.015,True,24
dachs-local,dachs,Q10,votable,8,2,650,0.0,10.733,0.747488,0.906758,0.903733,353734.1,0.015,True,24
dachs-local,dachs,Q10,votable,8,3,647,0.0,10.731,0.746965,0.92624,0.9253,353683.3,0.02,True,24
dachs-local,dachs,Q11,votable,32,1,298,0.0,4.491,7.290647,12.132642,9.273003,3496701.5,0.03,True,24
dachs-local,dachs,Q11,votable,32,2,277,0.0,4.527,7.370266,10.377642,8.944591,3498409.3,0.03,True,24
dachs-local,dachs,Q11,votable,32,3,293,0.0,4.525,7.180011,10.934862,8.742519,3498424.3,0.035,True,24
dachs-local,dachs,Q11,votable,64,1,294,0.0,4.469,14.933363,19.634324,18.322842,3499188.0,0.06,True,24
dachs-local,dachs,Q11,votable,64,2,310,0.0,4.464,14.76687,23.401621,20.190952,3497698.7,0.045,True,24
dachs-local,dachs,Q11,votable,64,3,285,0.0,4.517,17.238378,22.771145,18.688067,3498519.9,0.06,True,24
dachs-local,dachs,Q11,votable,8,1,266,0.0,4.314,2.009176,2.367058,2.205592,3497858.5,0.025,True,24
dachs-local,dachs,Q11,votable,8,2,268,0.0,4.356,2.021477,2.297305,2.149972,3499387.2,0.02,True,24
dachs-local,dachs,Q11,votable,8,3,261,0.0,4.251,2.042091,2.299875,2.195965,3498240.2,0.02,True,24
dachs-local,dachs,Q12,votable,32,1,645,0.0,10.287,3.054904,3.321387,3.320858,6302.4,0.02,True,24
dachs-local,dachs,Q12,votable,32,2,652,0.0,10.443,2.999437,3.37735,3.376879,6302.3,0.02,True,24
dachs-local,dachs,Q12,votable,32,3,670,0.0,10.706,2.951916,3.279854,3.279267,6302.3,0.02,True,24
dachs-local,dachs,Q12,votable,64,1,697,0.0,10.626,6.016169,6.360495,6.359999,6302.3,0.02,True,24
dachs-local,dachs,Q12,votable,64,2,702,0.0,10.686,5.954859,6.279104,6.278568,6302.3,0.02,True,24
dachs-local,dachs,Q12,votable,64,3,678,0.0,10.319,6.046991,6.371006,6.370396,6302.3,0.02,True,24
dachs-local,dachs,Q12,votable,8,1,578,0.0,9.513,0.818035,1.065229,1.064753,6302.3,0.015,True,24
dachs-local,dachs,Q12,votable,8,2,580,0.0,9.492,0.820522,1.061802,1.06133,6302.3,0.015,True,24
dachs-local,dachs,Q12,votable,8,3,572,0.0,9.428,0.835831,1.081696,1.081213,6302.3,0.015,True,24
dachs-local,dachs,Q13,votable,32,1,734,0.0,11.781,2.720002,3.014212,3.013722,5751.0,0.02,True,24
dachs-local,dachs,Q13,votable,32,2,733,0.0,11.747,2.70529,2.979832,2.979359,5751.0,0.02,True,24
dachs-local,dachs,Q13,votable,32,3,729,0.0,11.61,2.733561,3.0286,3.028058,5751.0,0.02,True,24
dachs-local,dachs,Q13,votable,64,1,748,0.0,11.462,5.448284,5.776562,5.776083,5751.0,0.035,True,24
dachs-local,dachs,Q13,votable,64,2,762,0.0,11.718,5.425289,5.772729,5.772277,5751.0,0.02,True,24
dachs-local,dachs,Q13,votable,64,3,763,0.0,11.795,5.424857,5.793712,5.79312,5751.0,0.02,True,24
dachs-local,dachs,Q13,votable,8,1,723,0.0,12.005,0.665754,0.913082,0.912571,5751.0,0.02,True,24
dachs-local,dachs,Q13,votable,8,2,724,0.0,11.972,0.672393,0.930165,0.929661,5751.0,0.02,True,24
dachs-local,dachs,Q13,votable,8,3,735,0.0,12.148,0.666562,0.922783,0.922308,5751.0,0.015,True,24
dachs-local,dachs,mix,votable,32,1,681,0.0,10.874,2.881433,3.429793,3.429312,57806.3,0.02,True,24
dachs-local,dachs,mix,votable,32,2,678,0.0,10.803,2.949433,3.446984,3.446499,53565.2,0.015,True,24
dachs-local,dachs,mix,votable,32,3,689,0.0,11.012,2.856845,3.364451,3.363962,56785.7,0.02,True,24
dachs-local,dachs,mix,votable,64,1,710,0.0,10.879,5.75015,6.314539,6.314062,57882.3,0.02,True,24
dachs-local,dachs,mix,votable,64,2,711,0.0,10.8,5.776125,6.291657,6.291146,52494.8,0.025,True,24
dachs-local,dachs,mix,votable,64,3,708,0.0,10.888,5.72376,6.32986,6.329401,56632.3,0.025,True,24
dachs-local,dachs,mix,votable,8,1,683,0.0,11.286,0.695651,1.133912,1.133421,58188.7,0.015,True,24
dachs-local,dachs,mix,votable,8,2,638,0.0,10.473,0.756343,1.165572,1.165109,58545.1,0.015,True,24
dachs-local,dachs,mix,votable,8,3,696,0.0,11.465,0.663875,1.142446,1.141967,58743.4,0.015,True,24
egernia-local,egernia,Q01,csv,32,1,40153,0.0,668.808,0.046575,0.065284,0.062084,1835.0,0.27,True,24
egernia-local,egernia,Q01,csv,32,2,40474,0.0,674.097,0.045491,0.076756,0.072911,1835.0,0.29,True,24
egernia-local,egernia,Q01,csv,32,3,40247,0.0,670.218,0.04346,0.09071,0.086188,1835.0,0.32,True,24
egernia-local,egernia,Q01,csv,64,1,38405,0.0,639.37,0.093596,0.148824,0.143693,1835.0,0.265,True,24
egernia-local,egernia,Q01,csv,64,2,38450,0.0,639.765,0.095778,0.163595,0.157724,1835.0,0.334,True,24
egernia-local,egernia,Q01,csv,64,3,38438,0.0,639.713,0.102143,0.138178,0.13284,1835.0,0.26,True,24
egernia-local,egernia,Q01,csv,8,1,32092,0.0,534.751,0.015304,0.024443,0.023105,1835.0,0.275,True,24
egernia-local,egernia,Q01,csv,8,2,39105,0.0,651.6,0.009821,0.024156,0.022906,1835.0,0.345,True,24
egernia-local,egernia,Q01,csv,8,3,41382,0.0,689.554,0.010905,0.018109,0.017034,1835.0,0.41,True,24
egernia-local,egernia,Q02,csv,32,1,30843,0.0,513.563,0.058001,0.098607,0.094508,38406.0,0.24,True,24
egernia-local,egernia,Q02,csv,32,2,29451,0.0,490.409,0.066656,0.104393,0.099837,38409.0,0.245,True,24
egernia-local,egernia,Q02,csv,32,3,27820,0.0,462.99,0.043686,0.164249,0.159512,38407.0,0.245,True,24
egernia-local,egernia,Q02,csv,64,1,29634,0.0,492.925,0.127983,0.201054,0.195085,38406.1,0.27,True,24
egernia-local,egernia,Q02,csv,64,2,29519,0.0,491.166,0.130774,0.18999,0.184244,38409.6,0.25,True,24
egernia-local,egernia,Q02,csv,64,3,29450,0.0,489.889,0.128755,0.17002,0.163941,38405.1,0.225,True,24
egernia-local,egernia,Q02,csv,8,1,18451,0.0,307.381,0.02439,0.041749,0.039982,38405.0,0.18,True,24
egernia-local,egernia,Q02,csv,8,2,16088,0.0,268.024,0.031213,0.047938,0.046007,38412.6,0.225,True,24
egernia-local,egernia,Q02,csv,8,3,19395,0.0,323.124,0.023314,0.036259,0.034862,38407.8,0.175,True,24
egernia-local,egernia,Q03,csv,32,1,26378,0.0,438.632,0.04856,0.223197,0.221186,25731.6,0.235,True,24
egernia-local,egernia,Q03,csv,32,2,26029,0.0,432.76,0.050848,0.227956,0.225486,25674.5,0.22,True,24
egernia-local,egernia,Q03,csv,32,3,26069,0.0,433.255,0.05011,0.226769,0.224619,25611.2,0.23,True,24
egernia-local,egernia,Q03,csv,64,1,26343,0.0,437.023,0.123348,0.313986,0.31016,25680.2,0.215,True,24
egernia-local,egernia,Q03,csv,64,2,26300,0.0,436.72,0.121489,0.312627,0.309125,25683.0,0.207,True,24
egernia-local,egernia,Q03,csv,64,3,26367,0.0,437.535,0.153698,0.346805,0.343339,25645.6,0.325,True,24
egernia-local,egernia,Q03,csv,8,1,12784,0.0,212.73,0.019776,0.149279,0.148346,25723.5,0.13,True,24
egernia-local,egernia,Q03,csv,8,2,13034,0.0,216.862,0.018557,0.149137,0.148403,25652.9,0.14,True,24
egernia-local,egernia,Q03,csv,8,3,12797,0.0,212.864,0.019533,0.148453,0.147572,25650.3,0.13,True,24
egernia-local,egernia,Q04,csv,32,1,27655,0.0,460.444,0.067345,0.100288,0.096119,60020.8,0.21,True,24
egernia-local,egernia,Q04,csv,32,2,27725,0.0,461.631,0.067228,0.098819,0.095019,60019.8,0.225,True,24
egernia-local,egernia,Q04,csv,32,3,27110,0.0,451.361,0.071577,0.103369,0.099436,60016.6,0.21,True,24
egernia-local,egernia,Q04,csv,64,1,27050,0.0,449.589,0.138119,0.202791,0.196932,60020.2,0.225,True,24
egernia-local,egernia,Q04,csv,64,2,26954,0.0,448.461,0.135011,0.212839,0.207037,60020.9,0.21,True,24
egernia-local,egernia,Q04,csv,64,3,27066,0.0,450.132,0.130016,0.22058,0.214664,60016.8,0.23,True,24
egernia-local,egernia,Q04,csv,8,1,16362,0.0,272.589,0.028749,0.037187,0.035944,60019.0,0.17,True,24
egernia-local,egernia,Q04,csv,8,2,15115,0.0,251.791,0.030103,0.046893,0.045077,60022.6,0.135,True,24
egernia-local,egernia,Q04,csv,8,3,15529,0.0,258.703,0.030434,0.040549,0.03904,60015.9,0.15,True,24
egernia-local,egernia,Q05,csv,32,1,36256,0.0,603.941,0.046144,0.092769,0.088579,3903.3,0.28,True,24
egernia-local,egernia,Q05,csv,32,2,36194,0.0,602.829,0.053316,0.080092,0.076349,3869.0,0.32,True,24
egernia-local,egernia,Q05,csv,32,3,36280,0.0,604.171,0.044844,0.100625,0.096038,3869.1,0.325,True,24
egernia-local,egernia,Q05,csv,64,1,34051,0.0,566.688,0.111233,0.146628,0.140739,3910.2,0.25,True,24
egernia-local,egernia,Q05,csv,64,2,33827,0.0,563.069,0.109096,0.163423,0.157587,3876.9,0.25,True,24
egernia-local,egernia,Q05,csv,64,3,34372,0.0,571.822,0.099748,0.203998,0.198785,3849.4,0.285,True,24
egernia-local,egernia,Q05,csv,8,1,24909,0.0,415.06,0.019029,0.028282,0.026881,3868.7,0.26,True,24
egernia-local,egernia,Q05,csv,8,2,24980,0.0,416.277,0.019041,0.028296,0.026849,3878.2,0.225,True,24
egernia-local,egernia,Q05,csv,8,3,26546,0.0,442.349,0.016379,0.027927,0.026512,3860.7,0.23,True,24
egernia-local,egernia,Q06,csv,32,1,28150,0.0,468.726,0.068644,0.09839,0.091068,71385.2,0.25,True,24
egernia-local,egernia,Q06,csv,32,2,27722,0.0,461.517,0.062404,0.125892,0.117325,71279.6,0.255,True,24
egernia-local,egernia,Q06,csv,32,3,27765,0.0,462.186,0.068772,0.110281,0.102887,71125.1,0.285,True,24
egernia-local,egernia,Q06,csv,64,1,27235,0.0,453.012,0.14404,0.199143,0.188067,71529.0,0.254,True,24
egernia-local,egernia,Q06,csv,64,2,27357,0.0,455.117,0.139761,0.216551,0.205704,71116.7,0.27,True,24
egernia-local,egernia,Q06,csv,64,3,27222,0.0,453.032,0.145087,0.195538,0.183932,71174.0,0.225,True,24
egernia-local,egernia,Q06,csv,8,1,19256,0.0,320.83,0.024243,0.034596,0.032783,71596.4,0.195,True,24
egernia-local,egernia,Q06,csv,8,2,18251,0.0,304.125,0.025704,0.036397,0.034356,71355.1,0.19,True,24
egernia-local,egernia,Q06,csv,8,3,16704,0.0,278.286,0.02675,0.046339,0.043215,71422.0,0.185,True,24
egernia-local,egernia,Q07,csv,32,1,33459,0.0,557.086,0.055135,0.091996,0.087937,20128.0,0.273,True,24
egernia-local,egernia,Q07,csv,32,2,32972,0.0,549.093,0.052844,0.107741,0.103306,20129.8,0.351,True,24
egernia-local,egernia,Q07,csv,32,3,31215,0.0,519.877,0.056097,0.11516,0.110452,20225.4,0.285,True,24
egernia-local,egernia,Q07,csv,64,1,32033,0.0,532.957,0.101716,0.212143,0.206802,20145.4,0.275,True,24
egernia-local,egernia,Q07,csv,64,2,32088,0.0,533.546,0.101347,0.219224,0.213787,20116.0,0.255,True,24
egernia-local,egernia,Q07,csv,64,3,31741,0.0,528.217,0.118319,0.183078,0.17757,20257.1,0.265,True,24
egernia-local,egernia,Q07,csv,8,1,24862,0.0,414.238,0.018795,0.027634,0.026477,20106.9,0.205,True,24
egernia-local,egernia,Q07,csv,8,2,24765,0.0,412.657,0.018826,0.027713,0.026629,19989.5,0.225,True,24
egernia-local,egernia,Q07,csv,8,3,23950,0.0,399.024,0.019542,0.028948,0.027721,20186.4,0.195,True,24
egernia-local,egernia,Q10,csv,32,1,16418,0.0,273.262,0.116147,0.177188,0.152379,298537.7,0.22,True,24
egernia-local,egernia,Q10,csv,32,2,17538,0.0,291.846,0.109559,0.155066,0.133475,298547.3,0.215,True,24
egernia-local,egernia,Q10,csv,32,3,17767,0.0,295.798,0.103651,0.152905,0.132102,298619.3,0.22,True,24
egernia-local,egernia,Q10,csv,64,1,17453,0.0,289.921,0.222406,0.32921,0.289475,298555.5,0.21,True,24
egernia-local,egernia,Q10,csv,64,2,17453,0.0,290.154,0.21657,0.290171,0.249724,298556.5,0.205,True,24
egernia-local,egernia,Q10,csv,64,3,17451,0.0,290.175,0.217899,0.285946,0.246669,298636.6,0.205,True,24
egernia-local,egernia,Q10,csv,8,1,10141,0.0,168.912,0.046589,0.061415,0.056042,298557.7,0.14,True,24
egernia-local,egernia,Q10,csv,8,2,10501,0.0,174.918,0.044473,0.061766,0.056017,298498.8,0.15,True,24
egernia-local,egernia,Q10,csv,8,3,10101,0.0,168.286,0.046733,0.062121,0.05655,298598.2,0.14,True,24
egernia-local,egernia,Q11,csv,32,1,2304,0.0,38.048,0.727577,1.713213,1.264291,2995952.6,0.17,True,24
egernia-local,egernia,Q11,csv,32,2,2197,0.0,36.327,0.844251,1.606711,1.341016,2995048.8,0.165,True,24
egernia-local,egernia,Q11,csv,32,3,2393,0.0,39.467,0.796887,1.207248,1.074762,2995607.0,0.15,True,24
egernia-local,egernia,Q11,csv,64,1,2221,0.0,36.092,1.625832,3.247357,2.709197,2996145.9,0.205,True,24
egernia-local,egernia,Q11,csv,64,2,2331,0.0,37.882,1.63298,2.638326,2.305953,2995560.6,0.165,True,24
egernia-local,egernia,Q11,csv,64,3,2464,0.0,40.675,1.582254,2.326908,1.883378,2995445.3,0.16,True,24
egernia-local,egernia,Q11,csv,8,1,1639,0.0,27.227,0.288462,0.364522,0.324914,2995651.0,0.1,True,24
egernia-local,egernia,Q11,csv,8,2,1642,0.0,27.264,0.287764,0.361603,0.322823,2995183.8,0.095,True,24
egernia-local,egernia,Q11,csv,8,3,1621,0.0,26.91,0.291638,0.366384,0.326978,2994891.5,0.095,True,24
egernia-local,egernia,Q12,csv,32,1,36949,0.0,615.429,0.050291,0.083588,0.079453,109.0,0.26,True,24
egernia-local,egernia,Q12,csv,32,2,36878,0.0,614.236,0.050701,0.071676,0.068262,109.0,0.26,True,24
egernia-local,egernia,Q12,csv,32,3,36783,0.0,612.762,0.05265,0.078926,0.075095,109.0,0.285,True,24
egernia-local,egernia,Q12,csv,64,1,34935,0.0,581.256,0.093718,0.194221,0.188794,109.0,0.27,True,24
egernia-local,egernia,Q12,csv,64,2,34730,0.0,578.078,0.108162,0.160679,0.154937,109.0,0.255,True,24
egernia-local,egernia,Q12,csv,64,3,34735,0.0,578.187,0.108353,0.152315,0.146398,109.0,0.255,True,24
egernia-local,egernia,Q12,csv,8,1,28152,0.0,469.088,0.016538,0.023141,0.021918,109.0,0.25,True,24
egernia-local,egernia,Q12,csv,8,2,30834,0.0,513.768,0.014908,0.022124,0.020893,109.0,0.27,True,24
egernia-local,egernia,Q12,csv,8,3,28874,0.0,481.136,0.014541,0.027378,0.025972,109.0,0.3,True,24
egernia-local,egernia,Q13,csv,32,1,1928,0.0,31.816,0.992571,1.499431,1.498793,2264.1,0.03,True,24
egernia-local,egernia,Q13,csv,32,2,1929,0.0,31.832,0.986193,1.455647,1.455116,2264.4,0.03,True,24
egernia-local,egernia,Q13,csv,32,3,1945,0.0,32.053,0.985331,1.445088,1.444477,2264.1,0.03,True,24
egernia-local,egernia,Q13,csv,64,1,1974,0.0,32.032,1.902527,3.143909,3.14339,2264.0,0.04,True,24
egernia-local,egernia,Q13,csv,64,2,1979,0.0,31.934,2.021723,2.840804,2.839685,2264.3,0.03,True,24
egernia-local,egernia,Q13,csv,64,3,1978,0.0,31.965,1.984267,2.620143,2.619638,2264.0,0.035,True,24
egernia-local,egernia,Q13,csv,8,1,1776,0.0,29.496,0.269641,0.349559,0.348788,2263.8,0.035,True,24
egernia-local,egernia,Q13,csv,8,2,1780,0.0,29.58,0.27511,0.349805,0.348669,2264.6,0.03,True,24
egernia-local,egernia,Q13,csv,8,3,1790,0.0,29.738,0.273492,0.348024,0.347464,2264.5,0.025,True,24
egernia-local,egernia,mix,csv,32,1,29948,0.0,497.949,0.060611,0.105847,0.097758,42855.5,0.23,True,24
egernia-local,egernia,mix,csv,32,2,29599,0.0,492.883,0.06226,0.108494,0.099517,42805.4,0.24,True,24
egernia-local,egernia,mix,csv,32,3,30184,0.0,502.341,0.058518,0.099449,0.091628,43339.5,0.245,True,24
egernia-local,egernia,mix,csv,64,1,28960,0.0,481.86,0.127683,0.21159,0.200554,42770.1,0.28,True,24
egernia-local,egernia,mix,csv,64,2,28955,0.0,481.39,0.135382,0.204956,0.192406,42707.6,0.26,True,24
egernia-local,egernia,mix,csv,64,3,28273,0.0,469.738,0.129368,0.198963,0.183833,42866.2,0.23,True,24
egernia-local,egernia,mix,csv,8,1,18733,0.0,312.073,0.021498,0.044348,0.04151,42628.6,0.18,True,24
egernia-local,egernia,mix,csv,8,2,19173,0.0,319.457,0.020649,0.043948,0.041312,42498.2,0.185,True,24
egernia-local,egernia,mix,csv,8,3,17214,0.0,286.669,0.023848,0.049953,0.046713,42903.1,0.175,True,24
egernia-local,egernia,Q01,votable,32,1,40250,0.0,670.423,0.04634,0.083931,0.079881,2682.0,0.35,True,24
egernia-local,egernia,Q01,votable,32,2,39972,0.0,665.831,0.046836,0.065782,0.062524,2682.0,0.28,True,24
egernia-local,egernia,Q01,votable,32,3,40369,0.0,672.275,0.050675,0.072894,0.069316,2682.0,0.29,True,24
egernia-local,egernia,Q01,votable,64,1,37963,0.0,632.089,0.10035,0.135608,0.12961,2682.0,0.235,True,24
egernia-local,egernia,Q01,votable,64,2,38090,0.0,633.936,0.090259,0.164501,0.158914,2682.0,0.26,True,24
egernia-local,egernia,Q01,votable,64,3,38027,0.0,632.809,0.099694,0.13713,0.131809,2682.0,0.26,True,24
egernia-local,egernia,Q01,votable,8,1,33838,0.0,563.859,0.011571,0.024438,0.023125,2682.0,0.335,True,24
egernia-local,egernia,Q01,votable,8,2,41040,0.0,683.838,0.011071,0.018201,0.017128,2682.0,0.295,True,24
egernia-local,egernia,Q01,votable,8,3,42751,0.0,712.378,0.010871,0.014485,0.013524,2682.0,0.35,True,24
egernia-local,egernia,Q02,votable,32,1,30142,0.0,501.901,0.061584,0.093169,0.089205,52518.5,0.24,True,24
egernia-local,egernia,Q02,votable,32,2,29569,0.0,492.37,0.066472,0.095762,0.091807,52521.9,0.295,True,24
egernia-local,egernia,Q02,votable,32,3,30167,0.0,502.386,0.062581,0.089926,0.086122,52519.8,0.25,True,24
egernia-local,egernia,Q02,votable,64,1,28934,0.0,481.257,0.127236,0.199517,0.193743,52518.4,0.23,True,24
egernia-local,egernia,Q02,votable,64,2,28812,0.0,479.356,0.13376,0.194138,0.188873,52521.8,0.255,True,24
egernia-local,egernia,Q02,votable,64,3,29099,0.0,484.117,0.11005,0.241608,0.235956,52520.3,0.255,True,24
egernia-local,egernia,Q02,votable,8,1,18337,0.0,305.543,0.025458,0.037473,0.036072,52520.0,0.185,True,24
egernia-local,egernia,Q02,votable,8,2,20436,0.0,340.477,0.022455,0.033434,0.032192,52522.6,0.19,True,24
egernia-local,egernia,Q02,votable,8,3,18318,0.0,305.181,0.025466,0.037131,0.03579,52521.3,0.195,True,24
egernia-local,egernia,Q03,votable,32,1,26048,0.0,432.816,0.050769,0.225651,0.223336,35803.7,0.245,True,24
egernia-local,egernia,Q03,votable,32,2,25566,0.0,424.787,0.0521,0.225054,0.222656,35732.6,0.235,True,24
egernia-local,egernia,Q03,votable,32,3,25527,0.0,424.306,0.052605,0.226098,0.223789,35681.0,0.225,True,24
egernia-local,egernia,Q03,votable,64,1,25954,0.0,430.697,0.123352,0.315628,0.311622,35783.8,0.24,True,24
egernia-local,egernia,Q03,votable,64,2,25300,0.0,420.164,0.147907,0.32749,0.323528,35746.2,0.23,True,24
egernia-local,egernia,Q03,votable,64,3,25718,0.0,427.142,0.131438,0.336897,0.332939,35664.2,0.28,True,24
egernia-local,egernia,Q03,votable,8,1,12648,0.0,210.439,0.02013,0.148309,0.147525,35781.5,0.14,True,24
egernia-local,egernia,Q03,votable,8,2,12269,0.0,204.109,0.02103,0.149331,0.14843,35679.2,0.13,True,24
egernia-local,egernia,Q03,votable,8,3,12636,0.0,210.13,0.019688,0.149177,0.148483,35645.3,0.13,True,24
egernia-local,egernia,Q04,votable,32,1,26344,0.0,438.651,0.071245,0.098284,0.090985,81045.1,0.225,True,24
egernia-local,egernia,Q04,votable,32,2,26199,0.0,436.292,0.072023,0.101054,0.093425,81043.1,0.235,True,24
egernia-local,egernia,Q04,votable,32,3,25891,0.0,430.963,0.071681,0.113131,0.104959,81044.4,0.255,True,24
egernia-local,egernia,Q04,votable,64,1,25510,0.0,424.421,0.138648,0.234566,0.222941,81049.3,0.225,True,24
egernia-local,egernia,Q04,votable,64,2,25373,0.0,421.968,0.149322,0.209331,0.196685,81045.6,0.21,True,24
egernia-local,egernia,Q04,votable,64,3,25458,0.0,423.37,0.139029,0.234011,0.222021,81043.3,0.245,True,24
egernia-local,egernia,Q04,votable,8,1,15624,0.0,260.322,0.030043,0.039199,0.037009,81041.6,0.17,True,24
egernia-local,egernia,Q04,votable,8,2,14770,0.0,246.065,0.031918,0.043259,0.040593,81047.2,0.165,True,24
egernia-local,egernia,Q04,votable,8,3,12527,0.0,208.666,0.039332,0.05471,0.050681,81045.0,0.17,True,24
egernia-local,egernia,Q05,votable,32,1,34802,0.0,579.551,0.058706,0.087321,0.083196,6977.5,0.28,True,24
egernia-local,egernia,Q05,votable,32,2,35516,0.0,591.537,0.052389,0.080151,0.076384,6913.2,0.27,True,24
egernia-local,egernia,Q05,votable,32,3,35651,0.0,593.833,0.049896,0.086604,0.082535,6920.4,0.285,True,24
egernia-local,egernia,Q05,votable,64,1,33578,0.0,558.685,0.094883,0.21095,0.205737,6971.5,0.279,True,24
egernia-local,egernia,Q05,votable,64,2,33499,0.0,557.176,0.114356,0.159552,0.153263,6917.9,0.25,True,24
egernia-local,egernia,Q05,votable,64,3,33455,0.0,556.843,0.114499,0.161212,0.155021,6915.9,0.26,True,24
egernia-local,egernia,Q05,votable,8,1,27407,0.0,456.438,0.015633,0.028363,0.026955,6927.3,0.23,True,24
egernia-local,egernia,Q05,votable,8,2,27237,0.0,453.842,0.01572,0.02849,0.027075,6928.8,0.29,True,24
egernia-local,egernia,Q05,votable,8,3,27973,0.0,466.098,0.017032,0.024476,0.023246,6898.3,0.26,True,24
egernia-local,egernia,Q06,votable,32,1,27078,0.0,450.88,0.06814,0.112584,0.102804,96229.1,0.225,True,24
egernia-local,egernia,Q06,votable,32,2,26213,0.0,436.49,0.076251,0.108604,0.099569,95855.5,0.265,True,24
egernia-local,egernia,Q06,votable,32,3,23818,0.0,396.542,0.083322,0.12681,0.116257,95745.7,0.21,True,24
egernia-local,egernia,Q06,votable,64,1,26257,0.0,436.783,0.143928,0.196392,0.181691,96132.3,0.245,True,24
egernia-local,egernia,Q06,votable,64,2,26655,0.0,443.123,0.107018,0.331015,0.316938,95562.6,0.31,True,24
egernia-local,egernia,Q06,votable,64,3,26307,0.0,437.438,0.145795,0.205311,0.191274,95701.7,0.235,True,24
egernia-local,egernia,Q06,votable,8,1,14663,0.0,244.293,0.031586,0.048703,0.045069,96098.2,0.17,True,24
egernia-local,egernia,Q06,votable,8,2,19049,0.0,317.406,0.024605,0.034546,0.032576,95988.4,0.2,True,24
egernia-local,egernia,Q06,votable,8,3,17180,0.0,286.249,0.026858,0.041176,0.038259,95976.6,0.195,True,24
egernia-local,egernia,Q07,votable,32,1,32374,0.0,539.173,0.056577,0.101643,0.096584,28352.2,0.305,True,24
egernia-local,egernia,Q07,votable,32,2,32537,0.0,541.679,0.044519,0.1271,0.121573,28411.4,0.305,True,24
egernia-local,egernia,Q07,votable,32,3,32890,0.0,547.625,0.057076,0.080945,0.077025,28552.1,0.26,True,24
egernia-local,egernia,Q07,votable,64,1,31142,0.0,517.517,0.117807,0.185118,0.178824,28395.3,0.24,True,24
egernia-local,egernia,Q07,votable,64,2,31181,0.0,518.742,0.110588,0.20128,0.194795,28391.2,0.25,True,24
egernia-local,egernia,Q07,votable,64,3,31057,0.0,516.784,0.120344,0.182345,0.176027,28565.5,0.235,True,24
egernia-local,egernia,Q07,votable,8,1,24200,0.0,403.205,0.019275,0.028449,0.02725,28302.1,0.245,True,24
egernia-local,egernia,Q07,votable,8,2,22695,0.0,378.161,0.019998,0.033119,0.031492,28286.2,0.245,True,24
egernia-local,egernia,Q07,votable,8,3,22655,0.0,377.489,0.020085,0.033171,0.031603,28504.3,0.25,True,24
egernia-local,egernia,Q10,votable,32,1,15644,0.0,260.203,0.120459,0.191587,0.156553,396300.8,0.235,True,24
egernia-local,egernia,Q10,votable,32,2,16130,0.0,268.458,0.108872,0.195927,0.159377,396286.0,0.25,True,24
egernia-local,egernia,Q10,votable,32,3,16007,0.0,266.368,0.119682,0.179432,0.146115,396358.6,0.265,True,24
egernia-local,egernia,Q10,votable,64,1,16240,0.0,269.84,0.237813,0.326106,0.269742,396306.7,0.225,True,24
egernia-local,egernia,Q10,votable,64,2,16214,0.0,269.23,0.233848,0.314935,0.259052,396311.7,0.22,True,24
egernia-local,egernia,Q10,votable,64,3,16188,0.0,268.96,0.239534,0.323884,0.266489,396401.9,0.215,True,24
egernia-local,egernia,Q10,votable,8,1,9321,0.0,155.27,0.050584,0.067202,0.059485,396311.9,0.15,True,24
egernia-local,egernia,Q10,votable,8,2,8171,0.0,136.086,0.061604,0.082553,0.070413,396209.7,0.14,True,24
egernia-local,egernia,Q10,votable,8,3,8465,0.0,140.991,0.055614,0.075954,0.066147,396357.0,0.145,True,24
egernia-local,egernia,Q11,votable,32,1,1958,0.0,32.344,0.95371,1.635536,1.430709,3957555.9,0.16,True,24
egernia-local,egernia,Q11,votable,32,2,1884,0.0,31.018,0.989599,1.776472,1.535273,3956339.0,0.19,True,24
egernia-local,egernia,Q11,votable,32,3,2005,0.0,33.141,0.955573,1.435822,1.182833,3957056.2,0.165,True,24
egernia-local,egernia,Q11,votable,64,1,1910,0.0,31.193,2.016366,3.500998,3.037182,3957198.6,0.185,True,24
egernia-local,egernia,Q11,votable,64,2,1825,0.0,29.465,2.246302,3.342108,3.113547,3956635.8,0.19,True,24
egernia-local,egernia,Q11,votable,64,3,2043,0.0,32.663,1.985036,3.0042,2.593088,3957258.8,0.2,True,24
egernia-local,egernia,Q11,votable,8,1,1457,0.0,24.194,0.326145,0.401611,0.352992,3956911.5,0.115,True,24
egernia-local,egernia,Q11,votable,8,2,1457,0.0,24.165,0.32408,0.410311,0.357818,3956375.3,0.12,True,24
egernia-local,egernia,Q11,votable,8,3,1447,0.0,24.026,0.327477,0.409742,0.353881,3956880.8,0.115,True,24
egernia-local,egernia,Q12,votable,32,1,36308,0.0,604.529,0.050381,0.077835,0.074157,1943.0,0.25,True,24
egernia-local,egernia,Q12,votable,32,2,36094,0.0,601.083,0.053608,0.079955,0.076292,1943.0,0.275,True,24
egernia-local,egernia,Q12,votable,32,3,35557,0.0,592.141,0.055034,0.086912,0.082878,1943.0,0.26,True,24
egernia-local,egernia,Q12,votable,64,1,33854,0.0,563.612,0.112961,0.149979,0.143874,1943.0,0.245,True,24
egernia-local,egernia,Q12,votable,64,2,34144,0.0,568.233,0.109786,0.148263,0.142509,1943.0,0.25,True,24
egernia-local,egernia,Q12,votable,64,3,34155,0.0,568.434,0.105288,0.174909,0.168703,1943.0,0.27,True,24
egernia-local,egernia,Q12,votable,8,1,30326,0.0,505.364,0.015136,0.022561,0.021394,1943.0,0.285,True,24
egernia-local,egernia,Q12,votable,8,2,30226,0.0,503.629,0.015192,0.022533,0.021346,1943.0,0.28,True,24
egernia-local,egernia,Q12,votable,8,3,21461,0.0,357.506,0.021743,0.029097,0.027655,1943.0,0.205,True,24
egernia-local,egernia,Q13,votable,32,1,1906,0.0,31.321,1.001529,1.490807,1.489767,4628.0,0.025,True,24
egernia-local,egernia,Q13,votable,32,2,1893,0.0,31.229,1.019594,1.47141,1.469075,4628.2,0.03,True,24
egernia-local,egernia,Q13,votable,32,3,1901,0.0,31.31,1.015045,1.460671,1.459161,4628.1,0.025,True,24
egernia-local,egernia,Q13,votable,64,1,1921,0.0,31.133,2.014208,2.970551,2.969937,4628.1,0.035,True,24
egernia-local,egernia,Q13,votable,64,2,1919,0.0,30.988,2.046163,2.808938,2.808333,4628.4,0.03,True,24
egernia-local,egernia,Q13,votable,64,3,1926,0.0,31.187,1.95909,2.967911,2.967324,4627.8,0.03,True,24
egernia-local,egernia,Q13,votable,8,1,1779,0.0,29.527,0.266795,0.350955,0.350246,4627.8,0.025,True,24
egernia-local,egernia,Q13,votable,8,2,1766,0.0,29.316,0.279208,0.348988,0.348409,4628.6,0.025,True,24
egernia-local,egernia,Q13,votable,8,3,1769,0.0,29.374,0.275816,0.352473,0.351577,4628.5,0.025,True,24
egernia-local,egernia,mix,votable,32,1,29581,0.0,492.455,0.059621,0.103423,0.092461,58505.4,0.245,True,24
egernia-local,egernia,mix,votable,32,2,28624,0.0,475.95,0.0583,0.134162,0.12316,57975.1,0.24,True,24
egernia-local,egernia,mix,votable,32,3,29359,0.0,488.152,0.058252,0.114712,0.10459,58664.3,0.285,True,24
egernia-local,egernia,mix,votable,64,1,28163,0.0,467.588,0.123814,0.230966,0.220314,58407.6,0.24,True,24
egernia-local,egernia,mix,votable,64,2,28168,0.0,468.236,0.124601,0.22601,0.214466,58100.5,0.245,True,24
egernia-local,egernia,mix,votable,64,3,28002,0.0,465.228,0.128274,0.216725,0.201315,58418.8,0.235,True,24
egernia-local,egernia,mix,votable,8,1,16706,0.0,278.008,0.024478,0.049989,0.045928,58143.5,0.165,True,24
egernia-local,egernia,mix,votable,8,2,18183,0.0,302.956,0.022086,0.047776,0.043704,58135.9,0.22,True,24
egernia-local,egernia,mix,votable,8,3,18759,0.0,312.207,0.021216,0.046384,0.042965,58354.7,0.21,True,24
dachs-local,dachs,Q01,csv,32,1,960,0.0,15.61,2.044201,2.215752,2.215275,978.0,0.02,True,8
dachs-local,dachs,Q01,csv,32,2,960,0.0,15.612,2.052555,2.176194,2.175724,978.0,0.02,True,8
dachs-local,dachs,Q01,csv,32,3,936,0.0,15.172,2.077306,2.250451,2.249978,978.0,0.02,True,8
dachs-local,dachs,Q01,csv,64,1,960,0.0,15.442,4.141048,4.323684,4.323205,978.0,0.025,True,8
dachs-local,dachs,Q01,csv,64,2,960,0.0,15.58,4.122281,4.324864,4.324518,978.0,0.03,True,8
dachs-local,dachs,Q01,csv,64,3,960,0.0,15.388,4.13665,4.327216,4.326779,978.0,0.02,True,8
dachs-local,dachs,Q01,csv,8,1,1017,0.0,16.863,0.483031,0.574327,0.573876,978.0,0.02,True,8
dachs-local,dachs,Q01,csv,8,2,1020,0.0,16.917,0.482955,0.569663,0.569191,978.0,0.015,True,8
dachs-local,dachs,Q01,csv,8,3,1019,0.0,16.902,0.479169,0.573823,0.573326,978.0,0.015,True,8
dachs-local,dachs,Q02,csv,32,1,544,0.0,8.826,3.638622,3.938923,3.93836,37397.4,0.02,True,8
dachs-local,dachs,Q02,csv,32,2,546,0.0,8.771,3.588922,3.895116,3.894539,37414.5,0.015,True,8
dachs-local,dachs,Q02,csv,32,3,554,0.0,8.747,3.604282,3.857916,3.857444,37434.8,0.02,True,8
dachs-local,dachs,Q02,csv,64,1,576,0.0,8.868,7.182121,7.498482,7.498,37399.0,0.02,True,8
dachs-local,dachs,Q02,csv,64,2,576,0.0,8.831,7.238285,7.545952,7.545571,37412.7,0.02,True,8
dachs-local,dachs,Q02,csv,64,3,576,0.0,8.996,7.143601,7.469086,7.468638,37425.6,0.02,True,8
dachs-local,dachs,Q02,csv,8,1,565,0.0,9.305,0.860813,1.05194,1.051472,37402.8,0.015,True,8
dachs-local,dachs,Q02,csv,8,2,561,0.0,9.249,0.855769,1.063527,1.062952,37407.2,0.015,True,8
dachs-local,dachs,Q02,csv,8,3,568,0.0,9.413,0.84362,1.058585,1.058022,37417.2,0.01,True,8
dachs-local,dachs,Q03,csv,32,1,694,0.0,11.082,2.849907,3.088498,3.088021,25893.4,0.02,True,8
dachs-local,dachs,Q03,csv,32,2,691,0.0,11.016,2.880889,3.083291,3.082839,25494.1,0.015,True,8
dachs-local,dachs,Q03,csv,32,3,675,0.0,10.799,2.929749,3.212711,3.212224,24698.1,0.015,True,8
dachs-local,dachs,Q03,csv,64,1,704,0.0,11.064,5.782342,6.025494,6.025017,26068.0,0.025,True,8
dachs-local,dachs,Q03,csv,64,2,704,0.0,11.102,5.765766,6.052021,6.0515,25442.6,0.03,True,8
dachs-local,dachs,Q03,csv,64,3,704,0.0,11.075,5.803759,6.086967,6.08648,24882.3,0.03,True,8
dachs-local,dachs,Q03,csv,8,1,693,0.0,11.496,0.697156,0.848407,0.847896,25542.5,0.015,True,8
dachs-local,dachs,Q03,csv,8,2,698,0.0,11.52,0.699444,0.846978,0.846423,25439.5,0.015,True,8
dachs-local,dachs,Q03,csv,8,3,692,0.0,11.47,0.697586,0.851324,0.850781,24799.6,0.015,True,8
dachs-local,dachs,Q04,csv,32,1,688,0.0,10.988,2.889387,3.085657,3.085218,58459.4,0.015,True,8
dachs-local,dachs,Q04,csv,32,2,680,0.0,10.897,2.912983,3.15397,3.153483,58464.4,0.02,True,8
dachs-local,dachs,Q04,csv,32,3,618,0.0,9.87,2.930397,7.860755,7.860201,58495.2,0.02,True,8
dachs-local,dachs,Q04,csv,64,1,704,0.0,10.961,5.822544,6.107186,6.10654,58459.6,0.025,True,8
dachs-local,dachs,Q04,csv,64,2,704,0.0,10.967,5.835992,6.211509,6.210871,58444.1,0.025,True,8
dachs-local,dachs,Q04,csv,64,3,704,0.0,11.098,5.768695,6.056669,6.05611,58487.0,0.02,True,8
dachs-local,dachs,Q04,csv,8,1,701,0.0,11.619,0.695733,0.83423,0.833636,58465.0,0.02,True,8
dachs-local,dachs,Q04,csv,8,2,696,0.0,11.523,0.694259,0.843523,0.843079,58452.9,0.015,True,8
dachs-local,dachs,Q04,csv,8,3,696,0.0,11.519,0.69355,0.831268,0.830787,58468.3,0.02,True,8
dachs-local,dachs,Q05,csv,32,1,512,0.0,8.168,3.90717,4.221516,4.221027,3811.5,0.015,True,8
dachs-local,dachs,Q05,csv,32,2,512,0.0,8.212,3.885037,4.166507,4.165962,3869.8,0.015,True,8
dachs-local,dachs,Q05,csv,32,3,512,0.0,8.209,3.881144,4.166971,4.166506,3895.5,0.02,True,8
dachs-local,dachs,Q05,csv,64,1,513,0.0,7.871,7.900968,8.230407,8.229898,3798.0,0.02,True,8
dachs-local,dachs,Q05,csv,64,2,513,0.0,7.765,7.8339,8.197012,8.196544,3594.5,0.02,True,8
dachs-local,dachs,Q05,csv,64,3,512,0.0,8.177,7.827872,8.233044,8.232445,3837.1,0.02,True,8
dachs-local,dachs,Q05,csv,8,1,477,0.0,7.832,0.997278,1.301612,1.301112,3628.1,0.015,True,8
dachs-local,dachs,Q05,csv,8,2,476,0.0,7.813,1.002219,1.233186,1.23274,3820.2,0.015,True,8
dachs-local,dachs,Q05,csv,8,3,473,0.0,7.79,1.010892,1.28454,1.283777,3751.2,0.01,True,8
dachs-local,dachs,Q06,csv,32,1,499,0.0,7.792,4.035321,4.337303,4.336916,71155.8,0.015,True,8
dachs-local,dachs,Q06,csv,32,2,505,0.0,7.948,3.972493,4.365509,4.364615,70606.0,0.015,True,8
dachs-local,dachs,Q06,csv,32,3,503,0.0,7.925,3.98337,4.326786,4.326324,68468.0,0.015,True,8
dachs-local,dachs,Q06,csv,64,1,513,0.0,7.612,8.070472,8.447297,8.446738,71286.7,0.025,True,8
dachs-local,dachs,Q06,csv,64,2,514,0.0,7.608,7.903733,8.251233,8.250042,70219.5,0.02,True,8
dachs-local,dachs,Q06,csv,64,3,520,0.0,7.679,7.936631,8.368186,8.367591,68727.3,0.02,True,8
dachs-local,dachs,Q06,csv,8,1,471,0.0,7.729,1.009832,1.288308,1.287687,70951.3,0.01,True,8
dachs-local,dachs,Q06,csv,8,2,467,0.0,7.684,1.019914,1.301493,1.301064,71376.5,0.015,True,8
dachs-local,dachs,Q06,csv,8,3,473,0.0,7.802,1.012336,1.271804,1.271389,67762.1,0.01,True,8
dachs-local,dachs,Q07,csv,32,1,480,0.0,7.729,4.127718,4.451544,4.45108,19622.9,0.015,True,8
dachs-local,dachs,Q07,csv,32,2,480,0.0,7.566,4.185885,4.541243,4.540828,20976.7,0.015,True,8
dachs-local,dachs,Q07,csv,32,3,480,0.0,7.679,4.125238,4.479378,4.478878,19377.0,0.02,True,8
dachs-local,dachs,Q07,csv,64,1,512,0.0,7.856,8.144657,8.675913,8.675426,19303.9,0.02,True,8
dachs-local,dachs,Q07,csv,64,2,512,0.0,7.673,8.320115,8.71626,8.715753,20484.9,0.02,True,8
dachs-local,dachs,Q07,csv,64,3,512,0.0,7.655,8.363874,8.702032,8.701487,19493.3,0.02,True,8
dachs-local,dachs,Q07,csv,8,1,454,0.0,7.475,1.048809,1.322113,1.321572,19259.5,0.01,True,8
dachs-local,dachs,Q07,csv,8,2,454,0.0,7.523,1.045571,1.316622,1.316106,21221.1,0.015,True,8
dachs-local,dachs,Q07,csv,8,3,458,0.0,7.528,1.044266,1.310071,1.30958,19996.0,0.015,True,8
dachs-local,dachs,Q10,csv,32,1,616,0.0,9.827,3.197007,3.457991,3.457236,290667.1,0.02,True,8
dachs-local,dachs,Q10,csv,32,2,609,0.0,9.84,3.227547,3.469831,3.468431,290630.2,0.025,True,8
dachs-local,dachs,Q10,csv,32,3,609,0.0,9.858,3.231716,3.479674,3.475931,290574.8,0.025,True,8
dachs-local,dachs,Q10,csv,64,1,640,0.0,9.966,6.42112,6.751395,6.749251,290590.7,0.03,True,8
dachs-local,dachs,Q10,csv,64,2,640,0.0,9.88,6.449066,6.810072,6.806051,290720.8,0.03,True,8
dachs-local,dachs,Q10,csv,64,3,640,0.0,9.909,6.4342,6.75112,6.74916,290599.7,0.035,True,8
dachs-local,dachs,Q10,csv,8,1,622,0.0,10.277,0.77963,0.945095,0.944408,290776.7,0.015,True,8
dachs-local,dachs,Q10,csv,8,2,617,0.0,10.183,0.78493,0.961966,0.956566,290635.0,0.015,True,8
dachs-local,dachs,Q10,csv,8,3,621,0.0,10.28,0.782982,0.94854,0.941941,290552.5,0.015,True,8
dachs-local,dachs,Q11,csv,32,1,265,0.0,4.032,7.895052,12.965055,10.493628,2919170.8,0.03,True,8
dachs-local,dachs,Q11,csv,32,2,270,0.0,4.114,7.647645,10.995729,9.83754,2919373.9,0.03,True,8
dachs-local,dachs,Q11,csv,32,3,271,0.0,4.022,8.192975,11.988406,9.74457,2917176.8,0.03,True,8
dachs-local,dachs,Q11,csv,64,1,306,0.0,4.158,16.772066,27.207393,20.53307,2918889.7,0.06,True,8
dachs-local,dachs,Q11,csv,64,2,256,0.0,4.057,17.361658,23.715605,18.438178,2917270.2,0.055,True,8
dachs-local,dachs,Q11,csv,64,3,255,0.0,4.04,15.162373,23.576471,19.817996,2918024.2,0.05,True,8
dachs-local,dachs,Q11,csv,8,1,230,0.0,3.81,2.232497,2.724355,2.563129,2918119.9,0.015,True,8
dachs-local,dachs,Q11,csv,8,2,235,0.0,3.816,2.258554,2.6686,2.575014,2918757.4,0.015,True,8
dachs-local,dachs,Q11,csv,8,3,241,0.0,3.9,2.21912,2.574091,2.418642,2917989.7,0.015,True,8
dachs-local,dachs,Q12,csv,32,1,512,0.0,8.061,3.916284,4.225074,4.224497,110.0,0.015,True,8
dachs-local,dachs,Q12,csv,32,2,512,0.0,8.109,3.890556,4.211458,4.211013,110.0,0.015,True,8
dachs-local,dachs,Q12,csv,32,3,512,0.0,8.133,3.932444,4.222563,4.222051,110.0,0.015,True,8
dachs-local,dachs,Q12,csv,64,1,535,0.0,7.9,7.861454,8.239227,8.238764,110.0,0.02,True,8
dachs-local,dachs,Q12,csv,64,2,517,0.0,7.844,7.793384,8.218022,8.217548,110.0,0.02,True,8
dachs-local,dachs,Q12,csv,64,3,513,0.0,7.635,7.830729,8.216698,8.216144,110.0,0.025,True,8
dachs-local,dachs,Q12,csv,8,1,485,0.0,7.955,0.989938,1.230835,1.230361,110.0,0.015,True,8
dachs-local,dachs,Q12,csv,8,2,472,0.0,7.803,1.013898,1.318419,1.317978,110.0,0.015,True,8
dachs-local,dachs,Q12,csv,8,3,482,0.0,7.928,0.992664,1.241287,1.240719,110.0,0.01,True,8
dachs-local,dachs,Q13,csv,32,1,594,0.0,9.411,3.362149,3.751716,3.751028,2300.7,0.02,True,8
dachs-local,dachs,Q13,csv,32,2,590,0.0,9.374,3.378053,3.702617,3.702195,2300.9,0.015,True,8
dachs-local,dachs,Q13,csv,32,3,588,0.0,9.38,3.38157,3.713946,3.713467,2299.2,0.015,True,8
dachs-local,dachs,Q13,csv,64,1,626,0.0,9.444,6.704514,7.133457,7.133014,2300.8,0.02,True,8
dachs-local,dachs,Q13,csv,64,2,631,0.0,9.492,6.694163,7.091339,7.090823,2301.0,0.025,True,8
dachs-local,dachs,Q13,csv,64,3,628,0.0,9.446,6.666351,7.070784,7.070321,2299.3,0.02,True,8
dachs-local,dachs,Q13,csv,8,1,596,0.0,9.835,0.807883,1.140115,1.139595,2301.8,0.015,True,8
dachs-local,dachs,Q13,csv,8,2,600,0.0,9.905,0.808774,1.094059,1.093105,2300.7,0.015,True,8
dachs-local,dachs,Q13,csv,8,3,599,0.0,9.884,0.812954,1.104356,1.103869,2299.4,0.015,True,8
dachs-local,dachs,mix,csv,32,1,547,0.0,8.567,3.599249,4.747347,4.746846,44475.4,0.015,True,8
dachs-local,dachs,mix,csv,32,2,558,0.0,8.763,3.561239,4.198532,4.198055,42583.7,0.02,True,8
dachs-local,dachs,mix,csv,32,3,579,0.0,9.18,3.445516,4.023124,4.022671,43269.8,0.02,True,8
dachs-local,dachs,mix,csv,64,1,587,0.0,8.825,6.910397,7.610388,7.609911,43500.3,0.025,True,8
dachs-local,dachs,mix,csv,64,2,583,0.0,8.826,7.128736,7.782845,7.782475,41581.2,0.02,True,8
dachs-local,dachs,mix,csv,64,3,587,0.0,8.876,6.878453,7.62084,7.620345,44016.6,0.02,True,8
dachs-local,dachs,mix,csv,8,1,568,0.0,9.376,0.828723,1.323535,1.323072,43798.2,0.015,True,8
dachs-local,dachs,mix,csv,8,2,563,0.0,9.308,0.881635,1.324358,1.323914,43223.9,0.015,True,8
dachs-local,dachs,mix,csv,8,3,576,0.0,9.481,0.774788,1.324528,1.323911,41484.0,0.01,True,8
dachs-local,dachs,Q01,votable,32,1,863,0.0,14.032,2.11452,2.388653,2.388224,4706.0,0.02,True,8
dachs-local,dachs,Q01,votable,32,2,936,0.0,15.122,2.09203,2.241125,2.240651,4706.0,0.02,True,8
dachs-local,dachs,Q01,votable,32,3,930,0.0,15.021,2.099355,2.253529,2.253067,4706.0,0.02,True,8
dachs-local,dachs,Q01,votable,64,1,959,0.0,15.017,4.261336,4.468012,4.467449,4706.0,0.03,True,8
dachs-local,dachs,Q01,votable,64,2,960,0.0,15.084,4.246005,4.406634,4.406178,4706.0,0.025,True,8
dachs-local,dachs,Q01,votable,64,3,960,0.0,15.164,4.238622,4.437433,4.436926,4706.0,0.025,True,8
dachs-local,dachs,Q01,votable,8,1,1034,0.0,17.164,0.471412,0.568566,0.568116,4706.0,0.02,True,8
dachs-local,dachs,Q01,votable,8,2,1014,0.0,16.804,0.480917,0.567265,0.566728,4706.0,0.015,True,8
dachs-local,dachs,Q01,votable,8,3,1013,0.0,16.795,0.482551,0.571112,0.570653,4706.0,0.015,True,8
dachs-local,dachs,Q02,votable,32,1,546,0.0,8.628,3.644323,3.897717,3.897121,50855.7,0.015,True,8
dachs-local,dachs,Q02,votable,32,2,544,0.0,8.635,3.681473,4.05013,4.049682,50874.0,0.02,True,8
dachs-local,dachs,Q02,votable,32,3,545,0.0,8.676,3.630774,3.882009,3.881508,50896.1,0.02,True,8
dachs-local,dachs,Q02,votable,64,1,576,0.0,8.793,7.248364,7.546148,7.545589,50843.8,0.02,True,8
dachs-local,dachs,Q02,votable,64,2,576,0.0,8.835,7.260146,7.561463,7.560871,50877.2,0.02,True,8
dachs-local,dachs,Q02,votable,64,3,576,0.0,8.825,7.269705,7.539658,7.539169,50896.1,0.02,True,8
dachs-local,dachs,Q02,votable,8,1,557,0.0,9.203,0.866267,1.053017,1.052557,50855.0,0.015,True,8
dachs-local,dachs,Q02,votable,8,2,562,0.0,9.267,0.85545,1.050897,1.050417,50864.9,0.02,True,8
dachs-local,dachs,Q02,votable,8,3,551,0.0,9.098,0.883495,1.074613,1.074125,50874.7,0.015,True,8
dachs-local,dachs,Q03,votable,32,1,672,0.0,10.713,2.965185,3.262611,3.262059,37215.3,0.02,True,8
dachs-local,dachs,Q03,votable,32,2,672,0.0,10.916,2.929753,3.163418,3.162911,36650.3,0.02,True,8
dachs-local,dachs,Q03,votable,32,3,671,0.0,10.827,2.946244,3.206921,3.206443,35675.3,0.02,True,8
dachs-local,dachs,Q03,votable,64,1,704,0.0,10.92,5.892718,6.14664,6.146122,37338.2,0.025,True,8
dachs-local,dachs,Q03,votable,64,2,703,0.0,10.674,5.883504,6.204393,6.203748,36539.6,0.025,True,8
dachs-local,dachs,Q03,votable,64,3,701,0.0,10.746,5.988817,6.265526,6.265038,36055.4,0.025,True,8
dachs-local,dachs,Q03,votable,8,1,690,0.0,11.388,0.705502,0.858867,0.858399,36837.6,0.015,True,8
dachs-local,dachs,Q03,votable,8,2,685,0.0,11.366,0.707561,0.861376,0.86085,36457.6,0.015,True,8
dachs-local,dachs,Q03,votable,8,3,683,0.0,11.312,0.707183,0.866103,0.865635,35802.3,0.015,True,8
dachs-local,dachs,Q04,votable,32,1,674,0.0,10.843,2.927329,3.187146,3.186252,76074.4,0.02,True,8
dachs-local,dachs,Q04,votable,32,2,679,0.0,10.804,2.911624,3.132376,3.131875,76079.4,0.02,True,8
dachs-local,dachs,Q04,votable,32,3,678,0.0,10.814,2.893492,3.119673,3.11917,76130.2,0.02,True,8
dachs-local,dachs,Q04,votable,64,1,704,0.0,11.064,5.808612,6.047447,6.047028,76078.8,0.025,True,8
dachs-local,dachs,Q04,votable,64,2,704,0.0,11.097,5.777395,6.033435,6.032848,76066.6,0.03,True,8
dachs-local,dachs,Q04,votable,64,3,704,0.0,10.911,5.833089,6.119511,6.119084,76130.4,0.025,True,8
dachs-local,dachs,Q04,votable,8,1,695,0.0,11.456,0.704302,0.834292,0.833701,76095.6,0.015,True,8
dachs-local,dachs,Q04,votable,8,2,699,0.0,11.556,0.695776,0.835273,0.834797,76069.5,0.015,True,8
dachs-local,dachs,Q04,votable,8,3,689,0.0,11.421,0.705661,0.852502,0.852084,76102.6,0.02,True,8
dachs-local,dachs,Q05,votable,32,1,507,0.0,7.951,3.998876,4.330796,4.330326,10643.5,0.015,True,8
dachs-local,dachs,Q05,votable,32,2,512,0.0,8.036,3.951495,4.281559,4.281072,10738.8,0.015,True,8
dachs-local,dachs,Q05,votable,32,3,500,0.0,7.909,4.014775,4.342325,4.34191,10857.9,0.015,True,8
dachs-local,dachs,Q05,votable,64,1,516,0.0,7.65,8.004744,8.34151,8.341023,10675.5,0.02,True,8
dachs-local,dachs,Q05,votable,64,2,513,0.0,7.637,7.9451,8.355257,8.35472,10667.4,0.02,True,8
dachs-local,dachs,Q05,votable,64,3,513,0.0,7.596,7.930011,8.397125,8.396647,10730.4,0.02,True,8
dachs-local,dachs,Q05,votable,8,1,471,0.0,7.764,1.011189,1.280275,1.279788,10586.3,0.01,True,8
dachs-local,dachs,Q05,votable,8,2,474,0.0,7.769,1.014403,1.263675,1.263182,10704.4,0.01,True,8
dachs-local,dachs,Q05,votable,8,3,475,0.0,7.854,1.002317,1.248329,1.247884,10602.9,0.015,True,8
dachs-local,dachs,Q06,votable,32,1,498,0.0,7.828,4.043579,4.348692,4.348156,92046.9,0.015,True,8
dachs-local,dachs,Q06,votable,32,2,484,0.0,7.563,4.087632,4.444527,4.443949,90907.7,0.015,True,8
dachs-local,dachs,Q06,votable,32,3,493,0.0,7.736,4.040649,4.370309,4.36981,88397.2,0.015,True,8
dachs-local,dachs,Q06,votable,64,1,512,0.0,7.818,8.192118,8.621399,8.620904,90938.8,0.02,True,8
dachs-local,dachs,Q06,votable,64,2,512,0.0,8.037,8.034743,8.38623,8.384147,90454.4,0.02,True,8
dachs-local,dachs,Q06,votable,64,3,514,0.0,7.749,8.124767,8.567137,8.566497,88281.1,0.02,True,8
dachs-local,dachs,Q06,votable,8,1,466,0.0,7.712,1.023868,1.276091,1.275506,90900.3,0.01,True,8
dachs-local,dachs,Q06,votable,8,2,473,0.0,7.8,1.006381,1.254374,1.253935,91142.3,0.015,True,8
dachs-local,dachs,Q06,votable,8,3,465,0.0,7.654,1.037279,1.270076,1.269531,87082.5,0.015,True,8
dachs-local,dachs,Q07,votable,32,1,480,0.0,7.621,4.180943,4.519215,4.518722,29940.0,0.02,True,8
dachs-local,dachs,Q07,votable,32,2,480,0.0,7.665,4.178511,4.570334,4.569844,31267.8,0.015,True,8
dachs-local,dachs,Q07,votable,32,3,480,0.0,7.724,4.158744,4.439093,4.438576,29625.8,0.015,True,8
dachs-local,dachs,Q07,votable,64,1,512,0.0,7.744,8.275881,8.658156,8.657611,30088.2,0.02,True,8
dachs-local,dachs,Q07,votable,64,2,511,0.0,7.489,8.441099,8.773712,8.773173,30645.1,0.025,True,8
dachs-local,dachs,Q07,votable,64,3,512,0.0,7.565,8.398105,8.904425,8.903954,29762.2,0.02,True,8
dachs-local,dachs,Q07,votable,8,1,450,0.0,7.388,1.06315,1.304213,1.303719,29311.8,0.015,True,8
dachs-local,dachs,Q07,votable,8,2,456,0.0,7.498,1.05969,1.273617,1.273125,31536.4,0.01,True,8
dachs-local,dachs,Q07,votable,8,3,451,0.0,7.42,1.060074,1.315237,1.314707,29990.6,0.015,True,8
dachs-local,dachs,Q10,votable,32,1,628,0.0,9.986,3.160385,3.404671,3.403208,353763.8,0.02,True,8
dachs-local,dachs,Q10,votable,32,2,632,0.0,10.002,3.19171,3.43184,3.430735,353764.1,0.025,True,8
dachs-local,dachs,Q10,votable,32,3,623,0.0,9.919,3.178301,3.423849,3.417833,353685.4,0.02,True,8
dachs-local,dachs,Q10,votable,64,1,640,0.0,10.049,6.363869,6.671148,6.666695,353724.9,0.025,True,8
dachs-local,dachs,Q10,votable,64,2,640,0.0,10.115,6.327337,6.660321,6.655156,353894.0,0.025,True,8
dachs-local,dachs,Q10,votable,64,3,640,0.0,10.023,6.353839,6.798154,6.791839,353722.5,0.035,True,8
dachs-local,dachs,Q10,votable,8,1,619,0.0,10.258,0.78513,0.943075,0.939514,353944.7,0.02,True,8
dachs-local,dachs,Q10,votable,8,2,626,0.0,10.352,0.772049,0.923431,0.920305,353749.7,0.02,True,8
dachs-local,dachs,Q10,votable,8,3,633,0.0,10.509,0.764291,0.926538,0.924469,353680.5,0.015,True,8
dachs-local,dachs,Q11,votable,32,1,292,0.0,4.534,7.092817,11.428808,9.361468,3498050.2,0.03,True,8
dachs-local,dachs,Q11,votable,32,2,296,0.0,4.413,7.541817,10.768735,9.290626,3498380.6,0.035,True,8
dachs-local,dachs,Q11,votable,32,3,289,0.0,4.396,7.35043,10.616624,9.344855,3496979.3,0.03,True,8
dachs-local,dachs,Q11,votable,64,1,276,0.0,4.418,14.882417,23.702758,18.231695,3497357.4,0.07,True,8
dachs-local,dachs,Q11,votable,64,2,287,0.0,3.911,17.152791,21.992657,19.371864,3498364.9,0.06,True,8
dachs-local,dachs,Q11,votable,64,3,323,0.0,4.387,15.510625,20.667044,18.532232,3497956.6,0.06,True,8
dachs-local,dachs,Q11,votable,8,1,257,0.0,4.198,2.044247,2.283722,2.166951,3497816.5,0.02,True,8
dachs-local,dachs,Q11,votable,8,2,258,0.0,4.153,2.04973,2.366525,2.201157,3498097.2,0.02,True,8
dachs-local,dachs,Q11,votable,8,3,261,0.0,4.334,2.00239,2.407153,2.154673,3497790.7,0.02,True,8
dachs-local,dachs,Q12,votable,32,1,507,0.0,7.917,3.966327,4.329931,4.329399,6302.3,0.015,True,8
dachs-local,dachs,Q12,votable,32,2,510,0.0,7.976,3.965989,4.280302,4.279814,6302.4,0.02,True,8
dachs-local,dachs,Q12,votable,32,3,512,0.0,8.155,3.927553,4.205321,4.20484,6302.3,0.015,True,8
dachs-local,dachs,Q12,votable,64,1,513,0.0,7.988,7.930057,8.285161,8.28468,6302.3,0.02,True,8
dachs-local,dachs,Q12,votable,64,2,519,0.0,7.671,7.921771,8.331038,8.330513,6302.4,0.02,True,8
dachs-local,dachs,Q12,votable,64,3,513,0.0,7.722,7.949625,8.407806,8.407323,6302.3,0.02,True,8
dachs-local,dachs,Q12,votable,8,1,478,0.0,7.882,1.001959,1.257704,1.257242,6302.4,0.015,True,8
dachs-local,dachs,Q12,votable,8,2,471,0.0,7.748,1.001111,1.307713,1.307243,6302.3,0.01,True,8
dachs-local,dachs,Q12,votable,8,3,470,0.0,7.741,1.008111,1.285219,1.284704,6302.3,0.015,True,8
dachs-local,dachs,Q13,votable,32,1,598,0.0,9.459,3.380994,3.689595,3.689138,5751.0,0.02,True,8
dachs-local,dachs,Q13,votable,32,2,588,0.0,9.319,3.396484,3.73714,3.736703,5751.0,0.025,True,8
dachs-local,dachs,Q13,votable,32,3,587,0.0,9.323,3.398175,3.773492,3.773042,5751.0,0.015,True,8
dachs-local,dachs,Q13,votable,64,1,600,0.0,8.979,6.826385,7.223038,7.222518,5751.0,0.025,True,8
dachs-local,dachs,Q13,votable,64,2,598,0.0,8.962,6.755861,7.202579,7.202055,5751.0,0.025,True,8
dachs-local,dachs,Q13,votable,64,3,604,0.0,9.129,6.752655,7.164521,7.164112,5751.0,0.025,True,8
dachs-local,dachs,Q13,votable,8,1,599,0.0,9.867,0.808917,1.097643,1.097188,5751.0,0.015,True,8
dachs-local,dachs,Q13,votable,8,2,595,0.0,9.785,0.813008,1.107975,1.107516,5751.0,0.015,True,8
dachs-local,dachs,Q13,votable,8,3,590,0.0,9.711,0.817446,1.118816,1.118311,5751.0,0.01,True,8
dachs-local,dachs,mix,votable,32,1,577,0.0,9.179,3.441947,4.031588,4.031,59106.8,0.02,True,8
dachs-local,dachs,mix,votable,32,2,580,0.0,9.127,3.468246,4.017938,4.017457,56013.1,0.015,True,8
dachs-local,dachs,mix,votable,32,3,578,0.0,9.179,3.461089,4.12668,4.12625,57885.5,0.02,True,8
dachs-local,dachs,mix,votable,64,1,613,0.0,9.242,6.754675,7.454868,7.454442,58842.7,0.02,True,8
dachs-local,dachs,mix,votable,64,2,580,0.0,8.667,7.019681,7.730489,7.730008,55444.9,0.02,True,8
dachs-local,dachs,mix,votable,64,3,596,0.0,8.98,6.823094,7.493578,7.493072,57037.5,0.02,True,8
dachs-local,dachs,mix,votable,8,1,583,0.0,9.626,0.842803,1.284494,1.284036,59045.2,0.015,True,8
dachs-local,dachs,mix,votable,8,2,574,0.0,9.429,0.894186,1.299357,1.298868,57784.2,0.015,True,8
dachs-local,dachs,mix,votable,8,3,590,0.0,9.714,0.770591,1.272867,1.272312,55568.5,0.015,True,8
egernia-local,egernia,Q01,csv,32,1,10499,0.0,174.589,0.178022,0.225386,0.220047,1835.0,0.085,True,8
egernia-local,egernia,Q01,csv,32,2,10513,0.0,174.849,0.177797,0.225647,0.22044,1835.0,0.095,True,8
egernia-local,egernia,Q01,csv,32,3,10455,0.0,173.912,0.178579,0.227409,0.221798,1835.0,0.085,True,8
egernia-local,egernia,Q01,csv,64,1,9896,0.0,164.169,0.380989,0.498341,0.462444,1835.0,0.08,True,8
egernia-local,egernia,Q01,csv,64,2,9863,0.0,163.684,0.380902,0.501472,0.468103,1835.0,0.085,True,8
egernia-local,egernia,Q01,csv,64,3,9810,0.0,162.755,0.382664,0.49538,0.462981,1835.0,0.085,True,8
egernia-local,egernia,Q01,csv,8,1,11544,0.0,192.291,0.039855,0.059032,0.056434,1835.0,0.11,True,8
egernia-local,egernia,Q01,csv,8,2,11504,0.0,191.623,0.040021,0.059471,0.056358,1835.0,0.115,True,8
egernia-local,egernia,Q01,csv,8,3,11468,0.0,191.071,0.040306,0.059152,0.056306,1835.0,0.11,True,8
egernia-local,egernia,Q02,csv,32,1,8442,0.0,140.235,0.222811,0.279886,0.27384,38404.4,0.08,True,8
egernia-local,egernia,Q02,csv,32,2,8454,0.0,140.536,0.223004,0.277286,0.272159,38412.7,0.095,True,8
egernia-local,egernia,Q02,csv,32,3,8456,0.0,140.607,0.221969,0.279172,0.273443,38408.9,0.075,True,8
egernia-local,egernia,Q02,csv,64,1,7993,0.0,132.622,0.475788,0.582429,0.542354,38405.1,0.065,True,8
egernia-local,egernia,Q02,csv,64,2,8017,0.0,132.85,0.474359,0.575114,0.5361,38412.6,0.075,True,8
egernia-local,egernia,Q02,csv,64,3,8016,0.0,132.871,0.474585,0.577227,0.537423,38406.7,0.07,True,8
egernia-local,egernia,Q02,csv,8,1,9086,0.0,151.354,0.051039,0.074556,0.071053,38402.7,0.095,True,8
egernia-local,egernia,Q02,csv,8,2,9152,0.0,152.416,0.050561,0.073927,0.070903,38412.0,0.1,True,8
egernia-local,egernia,Q02,csv,8,3,9124,0.0,151.939,0.050904,0.073058,0.069993,38411.4,0.095,True,8
egernia-local,egernia,Q03,csv,32,1,7821,0.0,129.819,0.225247,0.386706,0.383653,25799.5,0.06,True,8
egernia-local,egernia,Q03,csv,32,2,7743,0.0,128.417,0.227124,0.389126,0.386259,25680.7,0.06,True,8
egernia-local,egernia,Q03,csv,32,3,7680,0.0,127.414,0.228558,0.393695,0.389796,25523.4,0.065,True,8
egernia-local,egernia,Q03,csv,64,1,7435,0.0,123.0,0.502299,0.667187,0.633502,25797.2,0.07,True,8
egernia-local,egernia,Q03,csv,64,2,7473,0.0,123.702,0.496913,0.668175,0.63271,25718.8,0.06,True,8
egernia-local,egernia,Q03,csv,64,3,7306,0.0,120.846,0.507928,0.67519,0.639604,25474.3,0.065,True,8
egernia-local,egernia,Q03,csv,8,1,8297,0.0,137.955,0.036916,0.19109,0.189788,25735.9,0.09,True,8
egernia-local,egernia,Q03,csv,8,2,8352,0.0,138.902,0.036915,0.190122,0.188419,25741.3,0.09,True,8
egernia-local,egernia,Q03,csv,8,3,8212,0.0,136.534,0.036661,0.191771,0.189753,25514.2,0.095,True,8
egernia-local,egernia,Q04,csv,32,1,7652,0.0,127.13,0.246811,0.305875,0.299803,60011.0,0.065,True,8
egernia-local,egernia,Q04,csv,32,2,7646,0.0,127.023,0.247671,0.302026,0.29638,60012.0,0.06,True,8
egernia-local,egernia,Q04,csv,32,3,7659,0.0,127.241,0.246421,0.301444,0.295747,60017.2,0.065,True,8
egernia-local,egernia,Q04,csv,64,1,7290,0.0,120.772,0.524813,0.624738,0.583994,60017.4,0.07,True,8
egernia-local,egernia,Q04,csv,64,2,7304,0.0,120.992,0.523376,0.61751,0.576598,60025.0,0.065,True,8
egernia-local,egernia,Q04,csv,64,3,7318,0.0,121.224,0.52081,0.623935,0.581852,60019.1,0.06,True,8
egernia-local,egernia,Q04,csv,8,1,7911,0.0,131.751,0.059054,0.080638,0.077669,60017.2,0.08,True,8
egernia-local,egernia,Q04,csv,8,2,7906,0.0,131.649,0.059227,0.08042,0.077278,60006.4,0.08,True,8
egernia-local,egernia,Q04,csv,8,3,7923,0.0,131.951,0.058982,0.080299,0.077214,60012.1,0.09,True,8
egernia-local,egernia,Q05,csv,32,1,9609,0.0,159.791,0.194492,0.249309,0.243502,3828.4,0.07,True,8
egernia-local,egernia,Q05,csv,32,2,9601,0.0,159.675,0.194441,0.248282,0.242844,3891.7,0.08,True,8
egernia-local,egernia,Q05,csv,32,3,9580,0.0,159.308,0.194778,0.249775,0.243423,3936.9,0.075,True,8
egernia-local,egernia,Q05,csv,64,1,8984,0.0,149.093,0.420617,0.519123,0.485545,3836.6,0.07,True,8
egernia-local,egernia,Q05,csv,64,2,8996,0.0,149.173,0.421132,0.522455,0.484298,3899.6,0.075,True,8
egernia-local,egernia,Q05,csv,64,3,8966,0.0,148.81,0.42343,0.512959,0.47979,3938.0,0.075,True,8
egernia-local,egernia,Q05,csv,8,1,10686,0.0,178.032,0.043174,0.063481,0.060572,3858.8,0.095,True,8
egernia-local,egernia,Q05,csv,8,2,10653,0.0,177.471,0.043403,0.063563,0.060393,3873.6,0.1,True,8
egernia-local,egernia,Q05,csv,8,3,10682,0.0,177.969,0.043238,0.063541,0.060451,3960.6,0.095,True,8
egernia-local,egernia,Q06,csv,32,1,7799,0.0,129.594,0.242798,0.29964,0.289471,70453.9,0.075,True,8
egernia-local,egernia,Q06,csv,32,2,7731,0.0,128.432,0.244243,0.306595,0.294277,71771.3,0.075,True,8
egernia-local,egernia,Q06,csv,32,3,7596,0.0,126.271,0.248655,0.312759,0.302586,71502.2,0.075,True,8
egernia-local,egernia,Q06,csv,64,1,7313,0.0,121.115,0.521289,0.627442,0.561695,70640.2,0.075,True,8
egernia-local,egernia,Q06,csv,64,2,7389,0.0,122.464,0.516419,0.627598,0.561422,72072.3,0.075,True,8
egernia-local,egernia,Q06,csv,64,3,7362,0.0,122.031,0.518716,0.624761,0.556831,71716.9,0.075,True,8
egernia-local,egernia,Q06,csv,8,1,8415,0.0,140.129,0.055455,0.079149,0.073418,70879.2,0.095,True,8
egernia-local,egernia,Q06,csv,8,2,8394,0.0,139.814,0.055536,0.078865,0.073227,71125.8,0.09,True,8
egernia-local,egernia,Q06,csv,8,3,8400,0.0,139.934,0.055611,0.079178,0.073342,71960.2,0.1,True,8
egernia-local,egernia,Q07,csv,32,1,9044,0.0,150.356,0.207761,0.264771,0.258278,19991.0,0.075,True,8
egernia-local,egernia,Q07,csv,32,2,9030,0.0,150.143,0.207916,0.263014,0.256887,20208.4,0.07,True,8
egernia-local,egernia,Q07,csv,32,3,9035,0.0,150.285,0.207402,0.261457,0.255786,20071.4,0.075,True,8
egernia-local,egernia,Q07,csv,64,1,8520,0.0,141.059,0.445038,0.547728,0.512632,20092.9,0.07,True,8
egernia-local,egernia,Q07,csv,64,2,8480,0.0,140.61,0.445976,0.563676,0.523265,20147.6,0.07,True,8
egernia-local,egernia,Q07,csv,64,3,8514,0.0,141.188,0.443085,0.561437,0.526886,20161.8,0.075,True,8
egernia-local,egernia,Q07,csv,8,1,9959,0.0,165.897,0.046771,0.067495,0.064321,20053.8,0.1,True,8
egernia-local,egernia,Q07,csv,8,2,9914,0.0,165.193,0.046671,0.068342,0.065429,20092.1,0.1,True,8
egernia-local,egernia,Q07,csv,8,3,9873,0.0,164.493,0.047048,0.068108,0.065083,20128.5,0.11,True,8
egernia-local,egernia,Q10,csv,32,1,5083,0.0,84.327,0.375479,0.458075,0.415526,298546.7,0.065,True,8
egernia-local,egernia,Q10,csv,32,2,5101,0.0,84.621,0.371802,0.45844,0.412406,298427.8,0.065,True,8
egernia-local,egernia,Q10,csv,32,3,5060,0.0,83.905,0.376861,0.454522,0.414355,298581.1,0.06,True,8
egernia-local,egernia,Q10,csv,64,1,4852,0.0,80.199,0.794643,0.909865,0.713632,298527.6,0.06,True,8
egernia-local,egernia,Q10,csv,64,2,4827,0.0,79.722,0.796889,0.912174,0.719504,298426.2,0.065,True,8
egernia-local,egernia,Q10,csv,64,3,4835,0.0,79.909,0.794878,0.906572,0.709354,298577.7,0.07,True,8
egernia-local,egernia,Q10,csv,8,1,5278,0.0,87.894,0.08942,0.117067,0.101931,298544.5,0.075,True,8
egernia-local,egernia,Q10,csv,8,2,5281,0.0,87.902,0.089275,0.116782,0.101586,298451.5,0.08,True,8
egernia-local,egernia,Q10,csv,8,3,5306,0.0,88.411,0.088784,0.117259,0.101422,298597.9,0.08,True,8
egernia-local,egernia,Q11,csv,32,1,1010,0.0,16.465,1.932569,2.233998,1.355762,2995290.1,0.055,True,8
egernia-local,egernia,Q11,csv,32,2,1014,0.0,16.548,1.929447,2.234836,1.354027,2995555.4,0.065,True,8
egernia-local,egernia,Q11,csv,32,3,1012,0.0,16.547,1.920492,2.233078,1.368025,2996848.3,0.065,True,8
egernia-local,egernia,Q11,csv,64,1,1013,0.0,16.149,3.941807,4.37868,2.093432,2995025.0,0.075,True,8
egernia-local,egernia,Q11,csv,64,2,1021,0.0,16.257,3.942731,4.370272,2.155432,2995057.9,0.07,True,8
egernia-local,egernia,Q11,csv,64,3,1020,0.0,16.236,3.929376,4.251494,1.989718,2996470.3,0.08,True,8
egernia-local,egernia,Q11,csv,8,1,934,0.0,15.468,0.508208,0.641341,0.496346,2995426.7,0.065,True,8
egernia-local,egernia,Q11,csv,8,2,940,0.0,15.601,0.505239,0.631509,0.492582,2995913.5,0.065,True,8
egernia-local,egernia,Q11,csv,8,3,934,0.0,15.491,0.513865,0.614412,0.484253,2996757.1,0.06,True,8
egernia-local,egernia,Q12,csv,32,1,9729,0.0,161.806,0.191678,0.249732,0.244403,109.0,0.07,True,8
egernia-local,egernia,Q12,csv,32,2,9745,0.0,162.047,0.192305,0.241781,0.236234,109.0,0.07,True,8
egernia-local,egernia,Q12,csv,32,3,9755,0.0,162.293,0.191563,0.248307,0.242902,109.0,0.075,True,8
egernia-local,egernia,Q12,csv,64,1,9143,0.0,151.712,0.412328,0.525418,0.49152,109.0,0.07,True,8
egernia-local,egernia,Q12,csv,64,2,9135,0.0,151.6,0.415099,0.510917,0.476065,109.0,0.07,True,8
egernia-local,egernia,Q12,csv,64,3,9122,0.0,151.308,0.415147,0.522482,0.488578,109.0,0.07,True,8
egernia-local,egernia,Q12,csv,8,1,10856,0.0,180.872,0.042498,0.062129,0.058974,109.0,0.1,True,8
egernia-local,egernia,Q12,csv,8,2,10837,0.0,180.509,0.042607,0.062768,0.05956,109.0,0.1,True,8
egernia-local,egernia,Q12,csv,8,3,10856,0.0,180.81,0.042639,0.062146,0.059177,109.0,0.11,True,8
egernia-local,egernia,Q13,csv,32,1,601,0.0,9.557,3.297081,3.750515,3.750071,2264.9,0.025,True,8
egernia-local,egernia,Q13,csv,32,2,604,0.0,9.561,3.308089,3.724649,3.724053,2265.0,0.02,True,8
egernia-local,egernia,Q13,csv,32,3,612,0.0,9.753,3.247944,3.671333,3.670625,2263.4,0.02,True,8
egernia-local,egernia,Q13,csv,64,1,628,0.0,9.667,6.218818,7.903915,7.862578,2264.8,0.025,True,8
egernia-local,egernia,Q13,csv,64,2,627,0.0,9.547,6.095841,7.975523,7.862123,2265.0,0.025,True,8
egernia-local,egernia,Q13,csv,64,3,645,0.0,9.905,6.370495,7.550507,7.32464,2263.2,0.025,True,8
egernia-local,egernia,Q13,csv,8,1,573,0.0,9.474,0.84105,1.119469,1.118857,2265.7,0.02,True,8
egernia-local,egernia,Q13,csv,8,2,580,0.0,9.611,0.825843,1.116124,1.114635,2264.5,0.015,True,8
egernia-local,egernia,Q13,csv,8,3,594,0.0,9.805,0.800463,1.103185,1.102488,2263.3,0.015,True,8
egernia-local,egernia,mix,csv,32,1,8296,0.0,137.827,0.223078,0.323734,0.313014,42601.9,0.08,True,8
egernia-local,egernia,mix,csv,32,2,8371,0.0,139.038,0.221548,0.314903,0.303297,41984.3,0.07,True,8
egernia-local,egernia,mix,csv,32,3,8287,0.0,137.732,0.224232,0.318364,0.306179,42886.5,0.065,True,8
egernia-local,egernia,mix,csv,64,1,7845,0.0,130.047,0.47871,0.629824,0.564531,42462.3,0.07,True,8
egernia-local,egernia,mix,csv,64,2,7879,0.0,130.644,0.474422,0.628382,0.563515,41954.4,0.07,True,8
egernia-local,egernia,mix,csv,64,3,7853,0.0,130.27,0.47662,0.624478,0.557394,42795.5,0.075,True,8
egernia-local,egernia,mix,csv,8,1,9117,0.0,151.725,0.047683,0.083157,0.076836,42155.9,0.09,True,8
egernia-local,egernia,mix,csv,8,2,9116,0.0,151.677,0.047748,0.08295,0.07631,41519.0,0.095,True,8
egernia-local,egernia,mix,csv,8,3,9119,0.0,151.824,0.047495,0.083078,0.076489,42754.3,0.09,True,8
egernia-local,egernia,Q01,votable,32,1,10461,0.0,174.031,0.178851,0.227894,0.222498,2682.0,0.075,True,8
egernia-local,egernia,Q01,votable,32,2,10440,0.0,173.651,0.179027,0.228551,0.223129,2682.0,0.075,True,8
egernia-local,egernia,Q01,votable,32,3,10377,0.0,172.588,0.18027,0.228406,0.223442,2682.0,0.085,True,8
egernia-local,egernia,Q01,votable,64,1,9776,0.0,162.278,0.386657,0.481814,0.449271,2682.0,0.07,True,8
egernia-local,egernia,Q01,votable,64,2,9733,0.0,161.603,0.387894,0.488297,0.454207,2682.0,0.085,True,8
egernia-local,egernia,Q01,votable,64,3,9802,0.0,162.639,0.383668,0.503856,0.471641,2682.0,0.085,True,8
egernia-local,egernia,Q01,votable,8,1,11465,0.0,191.015,0.040291,0.059484,0.056379,2682.0,0.11,True,8
egernia-local,egernia,Q01,votable,8,2,11389,0.0,189.707,0.040498,0.05912,0.056375,2682.0,0.105,True,8
egernia-local,egernia,Q01,votable,8,3,11464,0.0,190.98,0.040218,0.058949,0.055832,2682.0,0.12,True,8
egernia-local,egernia,Q02,votable,32,1,8300,0.0,138.063,0.226244,0.280356,0.274629,52518.8,0.075,True,8
egernia-local,egernia,Q02,votable,32,2,8288,0.0,137.784,0.226608,0.284616,0.277983,52525.7,0.08,True,8
egernia-local,egernia,Q02,votable,32,3,8273,0.0,137.529,0.227392,0.281599,0.27525,52522.9,0.08,True,8
egernia-local,egernia,Q02,votable,64,1,7894,0.0,130.765,0.482682,0.583197,0.546555,52518.2,0.07,True,8
egernia-local,egernia,Q02,votable,64,2,7857,0.0,130.237,0.485089,0.581321,0.544287,52527.1,0.09,True,8
egernia-local,egernia,Q02,votable,64,3,7855,0.0,129.944,0.483871,0.593497,0.556169,52520.5,0.06,True,8
egernia-local,egernia,Q02,votable,8,1,8931,0.0,148.782,0.051816,0.07476,0.07203,52515.9,0.095,True,8
egernia-local,egernia,Q02,votable,8,2,8945,0.0,149.006,0.051845,0.074541,0.071493,52525.3,0.095,True,8
egernia-local,egernia,Q02,votable,8,3,8956,0.0,149.09,0.051434,0.075166,0.072123,52525.9,0.1,True,8
egernia-local,egernia,Q03,votable,32,1,7716,0.0,128.123,0.228726,0.387902,0.385248,35821.7,0.065,True,8
egernia-local,egernia,Q03,votable,32,2,7719,0.0,128.165,0.227463,0.384952,0.382031,35731.2,0.06,True,8
egernia-local,egernia,Q03,votable,32,3,7654,0.0,126.98,0.229464,0.387912,0.384996,35518.6,0.065,True,8
egernia-local,egernia,Q03,votable,64,1,7396,0.0,122.17,0.502909,0.670738,0.633778,35887.4,0.07,True,8
egernia-local,egernia,Q03,votable,64,2,7324,0.0,121.106,0.508788,0.678737,0.641775,35754.7,0.065,True,8
egernia-local,egernia,Q03,votable,64,3,7256,0.0,120.051,0.514222,0.681055,0.642707,35451.8,0.07,True,8
egernia-local,egernia,Q03,votable,8,1,8229,0.0,136.958,0.038202,0.188198,0.186574,35814.9,0.085,True,8
egernia-local,egernia,Q03,votable,8,2,8183,0.0,136.205,0.038401,0.189079,0.186996,35812.7,0.09,True,8
egernia-local,egernia,Q03,votable,8,3,8143,0.0,135.449,0.037452,0.189496,0.187795,35496.3,0.09,True,8
egernia-local,egernia,Q04,votable,32,1,7366,0.0,122.327,0.256519,0.314797,0.302762,81036.9,0.065,True,8
egernia-local,egernia,Q04,votable,32,2,7307,0.0,121.331,0.259111,0.318683,0.307071,81043.1,0.07,True,8
egernia-local,egernia,Q04,votable,32,3,7313,0.0,121.507,0.258118,0.316328,0.304728,81066.4,0.065,True,8
egernia-local,egernia,Q04,votable,64,1,6975,0.0,115.608,0.547866,0.649836,0.577489,81039.1,0.06,True,8
egernia-local,egernia,Q04,votable,64,2,6968,0.0,115.278,0.546997,0.654392,0.574074,81047.6,0.07,True,8
egernia-local,egernia,Q04,votable,64,3,6975,0.0,115.578,0.550157,0.638339,0.565154,81033.4,0.07,True,8
egernia-local,egernia,Q04,votable,8,1,7565,0.0,126.01,0.062036,0.084108,0.07797,81029.4,0.085,True,8
egernia-local,egernia,Q04,votable,8,2,7533,0.0,125.471,0.062356,0.084028,0.077754,81042.1,0.08,True,8
egernia-local,egernia,Q04,votable,8,3,7592,0.0,126.483,0.061725,0.083791,0.078058,81048.8,0.085,True,8
egernia-local,egernia,Q05,votable,32,1,9347,0.0,155.471,0.200739,0.255275,0.249273,6865.3,0.085,True,8
egernia-local,egernia,Q05,votable,32,2,9293,0.0,154.474,0.201611,0.262179,0.253839,6949.3,0.08,True,8
egernia-local,egernia,Q05,votable,32,3,9375,0.0,155.826,0.199834,0.254686,0.248374,7010.5,0.07,True,8
egernia-local,egernia,Q05,votable,64,1,8828,0.0,146.465,0.429453,0.533158,0.496701,6883.7,0.065,True,8
egernia-local,egernia,Q05,votable,64,2,8864,0.0,147.061,0.426599,0.538256,0.499653,6954.1,0.07,True,8
egernia-local,egernia,Q05,votable,64,3,8903,0.0,147.827,0.424972,0.53112,0.497397,7028.1,0.075,True,8
egernia-local,egernia,Q05,votable,8,1,10519,0.0,175.263,0.044004,0.06359,0.060698,6903.6,0.095,True,8
egernia-local,egernia,Q05,votable,8,2,10488,0.0,174.703,0.044186,0.063804,0.060841,6925.4,0.105,True,8
egernia-local,egernia,Q05,votable,8,3,10453,0.0,174.063,0.044231,0.064413,0.061242,7020.7,0.095,True,8
egernia-local,egernia,Q06,votable,32,1,7545,0.0,125.342,0.250549,0.31004,0.297051,94943.3,0.07,True,8
egernia-local,egernia,Q06,votable,32,2,7511,0.0,124.814,0.252128,0.312066,0.298698,96663.7,0.07,True,8
egernia-local,egernia,Q06,votable,32,3,7546,0.0,125.438,0.250799,0.312575,0.297434,96187.8,0.07,True,8
egernia-local,egernia,Q06,votable,64,1,7201,0.0,119.111,0.528327,0.652154,0.565467,95039.4,0.07,True,8
egernia-local,egernia,Q06,votable,64,2,7166,0.0,118.719,0.529399,0.654616,0.569958,96967.2,0.07,True,8
egernia-local,egernia,Q06,votable,64,3,7107,0.0,117.693,0.535082,0.663914,0.574231,96531.2,0.075,True,8
egernia-local,egernia,Q06,votable,8,1,8152,0.0,135.755,0.057323,0.08194,0.074924,95314.5,0.09,True,8
egernia-local,egernia,Q06,votable,8,2,8191,0.0,136.425,0.056964,0.08159,0.074612,95554.8,0.09,True,8
egernia-local,egernia,Q06,votable,8,3,8164,0.0,135.976,0.056991,0.082053,0.074658,96802.3,0.085,True,8
egernia-local,egernia,Q07,votable,32,1,8767,0.0,145.677,0.213964,0.272234,0.26605,28280.1,0.08,True,8
egernia-local,egernia,Q07,votable,32,2,8755,0.0,145.587,0.214295,0.27414,0.268007,28461.6,0.085,True,8
egernia-local,egernia,Q07,votable,32,3,8761,0.0,145.651,0.214616,0.269884,0.264115,28323.8,0.095,True,8
egernia-local,egernia,Q07,votable,64,1,8354,0.0,138.524,0.45424,0.559421,0.519488,28315.7,0.075,True,8
egernia-local,egernia,Q07,votable,64,2,8336,0.0,138.227,0.453839,0.55804,0.514856,28338.1,0.065,True,8
egernia-local,egernia,Q07,votable,64,3,8391,0.0,139.127,0.453311,0.550986,0.510682,28491.0,0.065,True,8
egernia-local,egernia,Q07,votable,8,1,9665,0.0,160.983,0.048043,0.069332,0.065588,28294.7,0.1,True,8
egernia-local,egernia,Q07,votable,8,2,9687,0.0,161.316,0.047998,0.069219,0.065564,28379.4,0.095,True,8
egernia-local,egernia,Q07,votable,8,3,9666,0.0,161.002,0.048123,0.069576,0.06623,28402.1,0.095,True,8
egernia-local,egernia,Q10,votable,32,1,4766,0.0,79.028,0.400442,0.481428,0.426835,396308.1,0.07,True,8
egernia-local,egernia,Q10,votable,32,2,4767,0.0,79.068,0.40033,0.48432,0.429627,396182.4,0.075,True,8
egernia-local,egernia,Q10,votable,32,3,4771,0.0,79.064,0.400724,0.482562,0.429849,396336.5,0.065,True,8
egernia-local,egernia,Q10,votable,64,1,4588,0.0,75.82,0.839869,0.956419,0.715306,396293.8,0.07,True,8
egernia-local,egernia,Q10,votable,64,2,4592,0.0,75.828,0.83973,0.956865,0.716401,396187.6,0.065,True,8
egernia-local,egernia,Q10,votable,64,3,4582,0.0,75.688,0.841152,0.970021,0.714774,396332.2,0.065,True,8
egernia-local,egernia,Q10,votable,8,1,4899,0.0,81.526,0.096658,0.125218,0.104795,396300.0,0.08,True,8
egernia-local,egernia,Q10,votable,8,2,4871,0.0,81.097,0.096374,0.127252,0.106513,396226.5,0.08,True,8
egernia-local,egernia,Q10,votable,8,3,4907,0.0,81.721,0.096188,0.125741,0.105554,396355.8,0.08,True,8
egernia-local,egernia,Q11,votable,32,1,906,0.0,14.845,2.149068,2.475831,1.388696,3956019.7,0.09,True,8
egernia-local,egernia,Q11,votable,32,2,910,0.0,14.816,2.140814,2.461286,1.367619,3957113.8,0.065,True,8
egernia-local,egernia,Q11,votable,32,3,903,0.0,14.798,2.156448,2.447348,1.391238,3957446.6,0.075,True,8
egernia-local,egernia,Q11,votable,64,1,898,0.0,14.438,4.393345,4.777739,2.151608,3955999.7,0.09,True,8
egernia-local,egernia,Q11,votable,64,2,916,0.0,14.651,4.347391,4.778741,2.154657,3957198.7,0.09,True,8
egernia-local,egernia,Q11,votable,64,3,910,0.0,14.707,4.396318,4.790387,2.155416,3957502.2,0.09,True,8
egernia-local,egernia,Q11,votable,8,1,863,0.0,14.306,0.553193,0.67371,0.468178,3956955.9,0.075,True,8
egernia-local,egernia,Q11,votable,8,2,854,0.0,14.133,0.557796,0.678075,0.492086,3957179.1,0.075,True,8
egernia-local,egernia,Q11,votable,8,3,850,0.0,14.106,0.564399,0.664475,0.490333,3958079.1,0.075,True,8
egernia-local,egernia,Q12,votable,32,1,9608,0.0,159.755,0.194129,0.253409,0.247714,1943.0,0.075,True,8
egernia-local,egernia,Q12,votable,32,2,9542,0.0,158.751,0.19658,0.248555,0.242815,1943.0,0.08,True,8
egernia-local,egernia,Q12,votable,32,3,9623,0.0,160.018,0.193689,0.249068,0.244125,1943.0,0.075,True,8
egernia-local,egernia,Q12,votable,64,1,8993,0.0,149.127,0.422015,0.51644,0.482321,1943.0,0.075,True,8
egernia-local,egernia,Q12,votable,64,2,9008,0.0,149.388,0.420038,0.526153,0.491957,1943.0,0.075,True,8
egernia-local,egernia,Q12,votable,64,3,9006,0.0,149.477,0.419501,0.53842,0.499344,1943.0,0.08,True,8
egernia-local,egernia,Q12,votable,8,1,10750,0.0,178.974,0.042877,0.063225,0.059979,1943.0,0.095,True,8
egernia-local,egernia,Q12,votable,8,2,10734,0.0,178.771,0.042931,0.063558,0.060172,1943.0,0.095,True,8
egernia-local,egernia,Q12,votable,8,3,10731,0.0,178.776,0.043076,0.06307,0.060279,1943.0,0.1,True,8
egernia-local,egernia,Q13,votable,32,1,596,0.0,9.442,3.381769,3.842497,3.841333,4628.7,0.015,True,8
egernia-local,egernia,Q13,votable,32,2,594,0.0,9.364,3.372275,3.790286,3.788429,4628.9,0.02,True,8
egernia-local,egernia,Q13,votable,32,3,601,0.0,9.548,3.333947,3.774729,3.774039,4627.4,0.02,True,8
egernia-local,egernia,Q13,votable,64,1,608,0.0,9.274,6.80846,7.780865,7.472565,4628.6,0.025,True,8
egernia-local,egernia,Q13,votable,64,2,604,0.0,9.167,6.580927,7.8736,7.733984,4628.9,0.025,True,8
egernia-local,egernia,Q13,votable,64,3,627,0.0,9.403,6.285667,8.046288,7.860796,4627.5,0.02,True,8
egernia-local,egernia,Q13,votable,8,1,572,0.0,9.448,0.843543,1.124517,1.123266,4629.4,0.015,True,8
egernia-local,egernia,Q13,votable,8,2,578,0.0,9.544,0.830549,1.107128,1.105191,4628.7,0.01,True,8
egernia-local,egernia,Q13,votable,8,3,587,0.0,9.697,0.815521,1.104584,1.10389,4627.2,0.015,True,8
egernia-local,egernia,mix,votable,32,1,8116,0.0,134.797,0.229276,0.318119,0.306206,57850.2,0.07,True,8
egernia-local,egernia,mix,votable,32,2,8138,0.0,135.212,0.22911,0.321828,0.309427,57214.7,0.065,True,8
egernia-local,egernia,mix,votable,32,3,8090,0.0,134.401,0.229904,0.328604,0.310987,58431.5,0.07,True,8
egernia-local,egernia,mix,votable,64,1,7706,0.0,127.38,0.483455,0.657609,0.568508,57795.6,0.08,True,8
egernia-local,egernia,mix,votable,64,2,7724,0.0,127.905,0.482503,0.645419,0.554928,57382.9,0.07,True,8
egernia-local,egernia,mix,votable,64,3,7663,0.0,127.009,0.486966,0.659166,0.55932,58381.2,0.07,True,8
egernia-local,egernia,mix,votable,8,1,8871,0.0,147.72,0.048757,0.086105,0.077386,57304.8,0.09,True,8
egernia-local,egernia,mix,votable,8,2,8918,0.0,148.54,0.048505,0.086821,0.077694,56586.2,0.09,True,8
egernia-local,egernia,mix,votable,8,3,8857,0.0,147.425,0.048917,0.087562,0.07805,58106.8,0.09,True,8
